Series Name,Series Code,Country Name,Country Code,1990 [YR1990],2000 [YR2000],2014 [YR2014],2015 [YR2015],2016 [YR2016],2017 [YR2017],2018 [YR2018],2019 [YR2019],2020 [YR2020],2021 [YR2021],2022 [YR2022],2023 [YR2023]
Total natural resources rents (% of GDP),NY.GDP.TOTL.RT.ZS,Afghanistan,AFG,..,..,0.542756499666634,0.469916949251438,0.617409905168126,0.702981728943138,0.855264249305936,0.682287828246046,0.305978171646739,0.428525449642917,..,..
Total natural resources rents (% of GDP),NY.GDP.TOTL.RT.ZS,Albania,ALB,8.22402989872863,1.20580664142954,3.41690043441322,1.73486186826951,1.05848104238626,1.34604237945034,1.71111628143642,1.63497378546365,0.775369617467959,1.44260146706838,..,..
Total natural resources rents (% of GDP),NY.GDP.TOTL.RT.ZS,Algeria,DZA,18.3773769843497,26.6868973861091,22.6123097835033,14.9252527493911,12.8191814025545,15.372392970843,20.7172028374976,18.5236789388593,14.0343770936226,22.5902703479201,..,..
Total natural resources rents (% of GDP),NY.GDP.TOTL.RT.ZS,American Samoa,ASM,..,..,0,0,0,0,0,0,0,0,..,..
Total natural resources rents (% of GDP),NY.GDP.TOTL.RT.ZS,Andorra,AND,0,0,0,0,0,0,0,0,0,0,..,..
Total natural resources rents (% of GDP),NY.GDP.TOTL.RT.ZS,Angola,AGO,29.1038270597221,59.1425103628059,22.124247625088,13.3056748880613,20.8851202682195,25.9503299089307,32.045405604301,28.8978590593907,20.2476653863539,29.9674348417559,..,..
Total natural resources rents (% of GDP),NY.GDP.TOTL.RT.ZS,Antigua and Barbuda,ATG,0,0,0,0,0,0,0,0,0,0,..,..
Total natural resources rents (% of GDP),NY.GDP.TOTL.RT.ZS,Argentina,ARG,2.54133379153863,2.36414526373118,2.96561619466374,1.11677493458146,0.929681521135013,1.02056616793198,2.0371251352841,2.16668838721926,1.42962432529499,2.65308888983975,..,..
Total natural resources rents (% of GDP),NY.GDP.TOTL.RT.ZS,Armenia,ARM,0,0.293454324735587,0.306948916876512,0.760031512473456,0.22181770783942,0.245815847777951,1.09866113638474,2.20100166948291,2.42190551071811,7.05429982361028,..,..
Total natural resources rents (% of GDP),NY.GDP.TOTL.RT.ZS,Aruba,ABW,0.00155226229781905,0.00166277142064697,0.00323517161852513,0.00238765944448716,0.0033437423337293,0.00282719063862959,0.00188469168678285,0.00168011577104813,0.00303719334778541,0.0020661282461218,..,..
Total natural resources rents (% of GDP),NY.GDP.TOTL.RT.ZS,Australia,AUS,3.49861736214292,2.73432633187857,4.76093943711509,3.23765474517452,4.08098789525561,5.06804774011339,5.22752063881788,5.74886126457436,6.09315865556076,13.3578752832739,..,..
Total natural resources rents (% of GDP),NY.GDP.TOTL.RT.ZS,Austria,AUT,0.258750692924662,0.154666489550113,0.191846540562628,0.134711076032329,0.111042441021613,0.121957004315667,0.140755073164382,0.110022913288221,0.07085049948111,0.117855774382781,..,..
Total natural resources rents (% of GDP),NY.GDP.TOTL.RT.ZS,Azerbaijan,AZE,17.7278129354272,35.0771900902615,22.5181229967843,14.4439997922585,14.7854023448198,19.6746501247433,27.6209320144449,23.4349054129318,13.0027347945894,29.9383945565987,..,..
Total natural resources rents (% of GDP),NY.GDP.TOTL.RT.ZS,"Bahamas, The",BHS,0.117517922654803,0.0065462344231874,0.0177506910216208,0.0142629231307782,0.0174296477466322,0.017196510578808,0.0131261113776456,0.0121899442192584,0.0192026251424872,0.0147540061086709,..,..
Total natural resources rents (% of GDP),NY.GDP.TOTL.RT.ZS,Bahrain,BHR,40.8740682384437,22.6166110930815,22.4113282575127,12.6346752292951,9.6486154919148,11.1603274625829,14.7513564173951,13.3637839937888,10.7041414154858,16.6400337175308,..,..
Total natural resources rents (% of GDP),NY.GDP.TOTL.RT.ZS,Bangladesh,BGD,0.686510706810621,0.923670143871526,1.0471807482358,0.899813880185078,0.716140756665905,0.710420009979719,0.649238822939078,0.637717563815013,0.560867699425496,0.610069177584654,..,..
Total natural resources rents (% of GDP),NY.GDP.TOTL.RT.ZS,Barbados,BRB,0.420228750334141,0.380670352993213,0.327779295536994,0.129202531392543,0.0966644797426343,0.13228226291345,0.214063429251287,0.230547661622418,0.138343276363777,0.328405869203115,..,..
Total natural resources rents (% of GDP),NY.GDP.TOTL.RT.ZS,Belarus,BLR,1.46495317023793,2.54557671523974,1.32461564136151,1.16867046065759,1.24276957113325,1.56417583319201,1.98128406238056,1.66960534709783,1.52063831654103,1.86330240223309,..,..
Total natural resources rents (% of GDP),NY.GDP.TOTL.RT.ZS,Belgium,BEL,0.0455475342819501,0.0246158713800549,0.0681065559752469,0.0352518039794327,0.0303780062977737,0.0371502006793434,0.0484487814693338,0.0422427798272169,0.0284876381171316,0.0448914290094104,..,..
Total natural resources rents (% of GDP),NY.GDP.TOTL.RT.ZS,Belize,BLZ,0.572758685347127,0.205648153993696,2.06063048735068,0.832694636763692,0.707884094800211,0.740544655771488,0.796890251194486,0.584709328866043,0.478914006262091,0.523036536890701,..,..
Total natural resources rents (% of GDP),NY.GDP.TOTL.RT.ZS,Benin,BEN,7.96244835206467,3.26095148548745,3.70461552370497,4.30030313599698,4.4537224695981,4.09835325309901,2.60830727598415,2.46799590195586,2.42798483756811,2.30442028320417,..,..
Total natural resources rents (% of GDP),NY.GDP.TOTL.RT.ZS,Bermuda,BMU,0,0,0,0,0,0,0,0,0,0,..,..
Total natural resources rents (% of GDP),NY.GDP.TOTL.RT.ZS,Bhutan,BTN,6.2621190380538,3.99249791992571,3.4188576402575,4.0282954127605,4.43640193256866,3.36403341231926,1.98850743903733,2.1900698281611,2.79203234949683,2.73325446048629,..,..
Total natural resources rents (% of GDP),NY.GDP.TOTL.RT.ZS,Bolivia,BOL,7.28776717511939,4.61282788346862,10.5328802221264,4.11807754841214,2.97275312620724,5.01456692473101,5.37166725772886,4.09529358747088,2.7203797976672,9.46769419569564,..,..
Total natural resources rents (% of GDP),NY.GDP.TOTL.RT.ZS,Bosnia and Herzegovina,BIH,..,1.2556172695724,1.23632273750299,1.0186279504412,1.04695668588363,1.28162139967933,1.05259180342277,0.800756928062343,0.7812488464624,0.813398711441269,..,..
Total natural resources rents (% of GDP),NY.GDP.TOTL.RT.ZS,Botswana,BWA,2.04902385582127,2.37714702277095,0.927757760163875,0.804774555171728,0.762292638118151,0.880112468848718,0.869694754311434,0.656053805525875,0.675042393475679,1.03853443914101,..,..
Total natural resources rents (% of GDP),NY.GDP.TOTL.RT.ZS,Brazil,BRA,2.68167389862843,2.15912007223176,3.28623279487755,2.35832735012319,2.43013532231265,2.73375767842298,3.61759120230309,3.21717303299592,3.22987656043381,7.94111199933246,..,..
Total natural resources rents (% of GDP),NY.GDP.TOTL.RT.ZS,British Virgin Islands,VGB,..,..,..,..,..,..,..,..,..,..,..,..
Total natural resources rents (% of GDP),NY.GDP.TOTL.RT.ZS,Brunei Darussalam,BRN,38.9442334526855,34.9806797269488,22.0986474634681,18.8982989274798,15.6737709259074,17.1505902720615,22.5076667399112,20.8493177212138,13.7524545777569,24.2800139399884,..,..
Total natural resources rents (% of GDP),NY.GDP.TOTL.RT.ZS,Bulgaria,BGR,1.11438192336028,0.682250473694737,0.784766836474764,0.6587242316101,0.526340830586215,0.749247066231762,0.678372706778028,0.580269555247755,0.618935967577506,0.917744335906696,..,..
Total natural resources rents (% of GDP),NY.GDP.TOTL.RT.ZS,Burkina Faso,BFA,6.81625243815519,5.33460866542021,10.3109055603822,11.6328502278275,12.6155172354896,12.3099089646115,8.87619594401664,8.32797318460633,9.17782687692865,20.1354014379911,..,..
Total natural resources rents (% of GDP),NY.GDP.TOTL.RT.ZS,Burundi,BDI,13.3710325485084,15.0609351884312,17.4547483367972,15.5344531520944,19.1016499815056,18.5076749744059,13.4317629933204,13.1274376353104,13.8475521568267,13.9570339894077,..,..
Total natural resources rents (% of GDP),NY.GDP.TOTL.RT.ZS,Cabo Verde,CPV,59.4333436553037,17.4649201812329,12.0093542433174,9.49812397150104,10.1923207968108,12.3203094483764,14.343668170972,13.1611296712207,11.5827986817016,17.6577234520724,..,..
Total natural resources rents (% of GDP),NY.GDP.TOTL.RT.ZS,Cambodia,KHM,..,2.46904397167855,2.54882052672262,1.81768657277543,1.84795765204296,1.93735308627642,0.878243793336486,0.714485690319546,0.939357675669705,0.835283715830679,..,..
Total natural resources rents (% of GDP),NY.GDP.TOTL.RT.ZS,Cameroon,CMR,11.9086296967309,8.33574817486337,7.03590731300358,5.63563339959601,5.36737216526029,6.08352640758934,6.10463986256462,5.55584424286198,4.34202268521826,5.52598268395679,..,..
Total natural resources rents (% of GDP),NY.GDP.TOTL.RT.ZS,Canada,CAN,2.75149660597247,4.60751758237025,1.68853293506066,0.332933838108915,0.786494936523475,1.19690470285221,1.79820431653194,1.93317583033348,1.24181874632923,4.94905581435186,..,..
Total natural resources rents (% of GDP),NY.GDP.TOTL.RT.ZS,Cayman Islands,CYM,..,..,0,0,0,0,0,0,0,0,..,..
Total natural resources rents (% of GDP),NY.GDP.TOTL.RT.ZS,Central African Republic,CAF,6.36218527896026,11.1834541155259,11.2660722533116,12.6926233912315,13.0582628938186,13.4175903775497,11.1787424768372,9.81112301862311,9.88532886509892,10.2601957578803,..,..
Total natural resources rents (% of GDP),NY.GDP.TOTL.RT.ZS,Chad,TCD,7.51734818693891,10.5734977135563,15.6882203824047,11.9712071081449,13.110061160108,16.8846139020106,20.9399413766231,19.6499588651766,13.9330901678111,21.3429312625159,..,..
Total natural resources rents (% of GDP),NY.GDP.TOTL.RT.ZS,Channel Islands,CHI,..,0,..,..,..,..,..,..,..,..,..,..
Total natural resources rents (% of GDP),NY.GDP.TOTL.RT.ZS,Chile,CHL,11.1674175940099,4.87094937341686,6.87780503013052,4.04461870413776,3.20569572328577,5.30261792520974,5.83707726201581,2.56889266052365,5.48716936741024,16.9044168802743,..,..
Total natural resources rents (% of GDP),NY.GDP.TOTL.RT.ZS,China,CHN,8.63870038140403,2.6977401923859,2.31013480472694,1.17476659078236,1.0524740832802,1.31423766724865,1.42518421392494,1.26691367576973,0.863774740928771,1.70756488252672,..,..
Total natural resources rents (% of GDP),NY.GDP.TOTL.RT.ZS,Colombia,COL,6.90290637643892,5.79241275178545,6.53057789835517,3.70587614553491,3.09947714544169,3.72823321108347,4.940258188938,4.30433092902696,2.55119417609951,5.32396445388134,..,..
Total natural resources rents (% of GDP),NY.GDP.TOTL.RT.ZS,Comoros,COM,0.733042703680398,1.39951988105558,1.97695678379704,2.46576426845081,2.50675650816682,2.36385311111587,1.55194278873705,1.48652356146246,1.59920965443734,1.62843413378353,..,..
Total natural resources rents (% of GDP),NY.GDP.TOTL.RT.ZS,"Congo, Dem. Rep.",COD,20.0654594433289,7.51126046065517,24.5568779878184,20.1093927301662,20.5721227000572,24.7656558437341,18.4167757889728,12.7500585788424,15.9281973313702,38.8272665239082,..,..
Total natural resources rents (% of GDP),NY.GDP.TOTL.RT.ZS,"Congo, Rep.",COG,42.7260969986879,59.6838725227388,27.6582312920434,15.885704604199,17.0000392659621,29.8063807729514,42.6682046537325,39.2430391553175,26.2181324216101,37.7125480946685,..,..
Total natural resources rents (% of GDP),NY.GDP.TOTL.RT.ZS,Costa Rica,CRI,3.29362536409102,1.01441557771135,1.387670718648,1.13397448273593,1.23322083330008,1.13383955527767,0.945537295658598,0.759689840900586,0.904748239780319,0.763407374189705,..,..
Total natural resources rents (% of GDP),NY.GDP.TOTL.RT.ZS,Cote d'Ivoire,CIV,4.08956490608254,2.86211491053466,3.41935511091434,3.07259669730878,3.23053071841614,3.38876801583982,3.10996909544373,2.95827158248838,2.59163858078542,4.73502206212113,..,..
Total natural resources rents (% of GDP),NY.GDP.TOTL.RT.ZS,Croatia,HRV,..,1.081606511253,0.867348745330344,0.698157062296322,0.511310613664342,0.658339390527416,0.773060031000923,0.619466125649912,0.439094632914067,0.681198197003712,..,..
Total natural resources rents (% of GDP),NY.GDP.TOTL.RT.ZS,Cuba,CUB,0.889900006052379,1.9061358593501,1.66734771791981,0.693800859230045,0.469100172114536,0.66367803344131,1.10185419907902,0.920750895009186,0.565351678337536,..,..,..
Total natural resources rents (% of GDP),NY.GDP.TOTL.RT.ZS,Curacao,CUW,..,..,0,0,0,0,0,0,0,0,..,..
Total natural resources rents (% of GDP),NY.GDP.TOTL.RT.ZS,Cyprus,CYP,0.0303952864480007,0.0191984782389763,0.0348718589179378,0.0198578971713362,0.00147131380581406,0.0053914863858221,0.00469231201910547,0.00361325176711909,0.0079310862289615,0.0127645649104764,..,..
Total natural resources rents (% of GDP),NY.GDP.TOTL.RT.ZS,Czechia,CZE,1.43334671231639,0.557045437582327,0.345428962074698,0.314061907144002,0.310276297011828,0.372292874562504,0.389418621280193,0.399790319341053,0.416571327081177,0.394999591152656,..,..
Total natural resources rents (% of GDP),NY.GDP.TOTL.RT.ZS,Denmark,DNK,0.55047686901933,1.51892677429467,0.983209243067839,0.521484568638432,0.342477974632511,0.470200711781742,0.587862611976543,0.446224762644461,0.162332732247836,0.33866438619955,..,..
Total natural resources rents (% of GDP),NY.GDP.TOTL.RT.ZS,Djibouti,DJI,0.568218462886332,0.382079268168498,0.788998443214345,0.662618364843773,0.484424417766637,0.571398008790601,0.278959298930402,0.358531614173272,0.322148755925581,0.277110490356489,..,..
Total natural resources rents (% of GDP),NY.GDP.TOTL.RT.ZS,Dominica,DMA,0.0424903299693723,0.0249171756986981,0.0651451844425706,0.0474677077229137,0.0602343950060558,0.0559454272358846,0.0348243046150246,0.0284260300710226,0.0462893309270096,0.0330678676450178,..,..
Total natural resources rents (% of GDP),NY.GDP.TOTL.RT.ZS,Dominican Republic,DOM,2.01017458840216,0.341026792433444,1.03750954514513,0.535347858231712,1.2819479321571,1.03534454096242,0.868889463505184,1.05544444208182,1.23931109405337,2.07711318519727,..,..
Total natural resources rents (% of GDP),NY.GDP.TOTL.RT.ZS,Ecuador,ECU,12.9915656856879,16.7324376195742,11.5903571785583,4.63202397853143,3.75806780861528,4.98372023451617,7.0964207852671,5.82070104913459,2.92430668533391,6.69943720189179,..,..
Total natural resources rents (% of GDP),NY.GDP.TOTL.RT.ZS,"Egypt, Arab Rep.",EGY,17.9211287120304,7.41974591133175,8.43222797439408,4.12906894708286,3.20908060820144,5.69886428656261,7.59656355901849,5.72496131230483,3.25774327235436,5.1391200748227,..,..
Total natural resources rents (% of GDP),NY.GDP.TOTL.RT.ZS,El Salvador,SLV,0.835429774031668,0.497077305664038,1.0550593254644,0.850742982932215,1.0221138126124,0.88816041131789,0.663649690465912,0.562349124959244,0.764177304476048,0.535264947589614,..,..
Total natural resources rents (% of GDP),NY.GDP.TOTL.RT.ZS,Equatorial Guinea,GNQ,20.9666837696032,88.5923456549581,27.1072398964958,17.5005073478909,16.4599653575836,21.9589067386853,27.8023533090755,25.4372801609757,16.6815988795919,23.500064053404,..,..
Total natural resources rents (% of GDP),NY.GDP.TOTL.RT.ZS,Eritrea,ERI,..,4.92225490549683,..,..,..,..,..,..,..,..,..,..
Total natural resources rents (% of GDP),NY.GDP.TOTL.RT.ZS,Estonia,EST,..,3.70912820498125,1.76557781311429,1.44592002735328,1.24687276023764,1.73343641223467,2.01785330968871,1.80772963579084,1.43024326219824,1.72122598420606,..,..
Total natural resources rents (% of GDP),NY.GDP.TOTL.RT.ZS,Eswatini,SWZ,5.59468301267685,2.96474122584246,3.43977917921013,3.40740844429257,4.60471033148777,4.03940046980401,3.14380015317315,3.2760764754406,3.38164464300091,2.99915237990705,..,..
Total natural resources rents (% of GDP),NY.GDP.TOTL.RT.ZS,Ethiopia,ETH,11.8988696565845,18.4852654796037,13.3844820157845,12.1932229078984,11.2339790417281,9.87787063669115,6.36887574699294,5.50373971369559,5.49770060254135,5.86707347361267,..,..
Total natural resources rents (% of GDP),NY.GDP.TOTL.RT.ZS,Faroe Islands,FRO,..,0,0,0,0,0,0,0,0,0,..,..
Total natural resources rents (% of GDP),NY.GDP.TOTL.RT.ZS,Fiji,FJI,2.31732785234699,1.07777201084513,1.17576954969857,1.040825064872,1.01936465398214,1.26650249477929,1.19164257504239,1.15438142466978,1.45148578020456,2.25290361305504,..,..
Total natural resources rents (% of GDP),NY.GDP.TOTL.RT.ZS,Finland,FIN,0.475620342660453,0.427730998837703,0.483087058776792,0.445868402403852,0.410118656271692,0.453771651187102,0.563372986587861,0.365206984679912,0.289254242774969,0.448312840515242,..,..
Total natural resources rents (% of GDP),NY.GDP.TOTL.RT.ZS,France,FRA,0.108864561864417,0.0697444063968902,0.0462251783929265,0.040991340666787,0.0401901593813067,0.0362250443838789,0.0429051117731693,0.0337878193709454,0.0266318650223516,0.0325366370984223,..,..
Total natural resources rents (% of GDP),NY.GDP.TOTL.RT.ZS,French Polynesia,PYF,0.000781607022911922,0.000923405568411174,0.00535731271800958,0.00480407187747372,0.00509988947957939,0.00585109251958065,0.00356522146444518,0.0033458094981088,0.0040573140478639,0.00357012625688161,..,..
Total natural resources rents (% of GDP),NY.GDP.TOTL.RT.ZS,Gabon,GAB,33.0286916647238,47.7698658424489,24.7540184011901,12.5534347249347,11.6621945364629,17.699784026005,21.16026297404,19.1754988018892,13.4988249621846,18.4933440925176,..,..
Total natural resources rents (% of GDP),NY.GDP.TOTL.RT.ZS,"Gambia, The",GMB,4.35432501091992,2.25584549955561,5.2409154628157,5.55888177634649,6.56105812711213,6.49323709656864,2.72252448983926,2.81390983977653,3.03439304457224,2.85673041093642,..,..
Total natural resources rents (% of GDP),NY.GDP.TOTL.RT.ZS,Georgia,GEO,0.672835982847417,0.785932129075988,0.522067118215896,0.53409410608162,0.572435838705115,0.472314027913239,0.451235879680756,0.603605792551493,0.925523673088172,1.38946631019879,..,..
Total natural resources rents (% of GDP),NY.GDP.TOTL.RT.ZS,Germany,DEU,0.23086703036565,0.0941468902454084,0.0973612592499159,0.0760120087289006,0.0642202510440344,0.0682636663146081,0.0847654608298758,0.0926260316690242,0.0767453976974352,0.0770848993139744,..,..
Total natural resources rents (% of GDP),NY.GDP.TOTL.RT.ZS,Ghana,GHA,6.86274070226107,13.7597235776938,12.249534681472,10.5635168212992,8.64980290681468,10.3700404312643,9.7904078745383,9.76736656039863,8.48657958474163,13.3474845007777,..,..
Total natural resources rents (% of GDP),NY.GDP.TOTL.RT.ZS,Gibraltar,GIB,..,..,..,..,..,..,..,..,..,..,..,..
Total natural resources rents (% of GDP),NY.GDP.TOTL.RT.ZS,Greece,GRC,0.251729117844639,0.0725973270627876,0.12477838312053,0.0713511198951637,0.0905977627072228,0.107741216363758,0.107923693978732,0.0704760678864166,0.0388459707205932,0.0875219452812631,..,..
Total natural resources rents (% of GDP),NY.GDP.TOTL.RT.ZS,Greenland,GRL,7.24907158855956,0,0,0,0,0,0,0,0,..,..,..
Total natural resources rents (% of GDP),NY.GDP.TOTL.RT.ZS,Grenada,GRD,0,0,0,0,0,0,0,0,0,0,..,..
Total natural resources rents (% of GDP),NY.GDP.TOTL.RT.ZS,Guam,GUM,..,..,0,0,0,0,0,0,0,0,..,..
Total natural resources rents (% of GDP),NY.GDP.TOTL.RT.ZS,Guatemala,GTM,1.83045512720882,1.65531507910442,2.98111660499136,1.78572375354011,2.01829626064269,1.50289202380162,1.19385178218072,1.14790981503494,1.35250209053897,1.92928512463796,..,..
Total natural resources rents (% of GDP),NY.GDP.TOTL.RT.ZS,Guinea,GIN,22.1138440444808,12.3846874448677,14.9319543061707,14.1138586026586,18.1063644814226,18.9531246230915,13.7023759938136,4.65794341633325,4.8276880509577,4.51955879028644,..,..
Total natural resources rents (% of GDP),NY.GDP.TOTL.RT.ZS,Guinea-Bissau,GNB,18.0876089126751,11.8568115340533,18.6987838921976,19.8714177012089,18.7015046109056,15.9857332638944,9.88886799180997,9.94740073583492,11.1515860354561,10.4285037712862,..,..
Total natural resources rents (% of GDP),NY.GDP.TOTL.RT.ZS,Guyana,GUY,23.1365302885403,15.5078378964417,10.7965827875901,8.56443283798628,16.0895528527279,13.161642595363,6.60863781746129,5.96249594118667,13.8985430832365,33.6832711741997,..,..
Total natural resources rents (% of GDP),NY.GDP.TOTL.RT.ZS,Haiti,HTI,0.758980650078628,0.349449568493596,0.699288591917661,0.574767533630933,0.790216838420377,0.657342723836906,0.44034486815939,0.443318678876138,0.577844130610775,0.327641965983974,..,..
Total natural resources rents (% of GDP),NY.GDP.TOTL.RT.ZS,Honduras,HND,3.21092333246204,1.37113446146867,2.2661279184441,1.56846231223826,2.01566335667541,1.72906722467945,1.07184110988038,0.916855208806467,1.23326098347167,1.22455313744521,..,..
Total natural resources rents (% of GDP),NY.GDP.TOTL.RT.ZS,"Hong Kong SAR, China",HKG,0.00107915747368737,0.000500998268973069,0.0173546989496714,0.00132324181590028,0.00136992350320175,0.00161903902082238,0.00106133601917033,0.000885726237364786,0.000887798126199827,0.000992608591579756,..,..
Total natural resources rents (% of GDP),NY.GDP.TOTL.RT.ZS,Hungary,HUN,..,0.71337030705953,0.403352372971262,0.285147410110642,0.227029691782411,0.282558589313256,0.347622949150536,0.303895061476493,0.204655214271402,0.402362635857113,..,..
Total natural resources rents (% of GDP),NY.GDP.TOTL.RT.ZS,Iceland,ISL,0,0,0.000347132787240568,0.000299591985536916,0.000252335387007271,0.000217386585292874,0.000196537396162221,0.000108843842062041,0.00010879409889394,0.000106967737793307,..,..
Total natural resources rents (% of GDP),NY.GDP.TOTL.RT.ZS,India,IND,3.3986712311783,2.46830054070033,2.81368985123428,1.77764002432658,1.74839023532939,1.98393401607656,2.25531632110711,2.01224538396897,1.78466920695081,3.15934537555664,..,..
Total natural resources rents (% of GDP),NY.GDP.TOTL.RT.ZS,Indonesia,IDN,13.273646932127,11.1257366947505,4.79162103687978,3.08136736381978,2.66818993930963,3.08016177152276,4.21663374449654,3.23583967668836,2.43866732275102,5.15704008451705,..,..
Total natural resources rents (% of GDP),NY.GDP.TOTL.RT.ZS,"Iran, Islamic Rep.",IRN,23.9854435223543,33.082196505073,24.8607811408678,15.2302994765894,13.1358103039789,17.4677964309489,34.2395948033408,27.8006661533715,23.2391718001181,30.4480600937139,..,..
Total natural resources rents (% of GDP),NY.GDP.TOTL.RT.ZS,Iraq,IRQ,9.49934858319275,48.8587830406916,46.8543961454295,37.5037172137922,33.2189217237902,39.2005542312932,46.1477869076682,40.609902398822,27.4170131896725,43.4458576871878,..,..
Total natural resources rents (% of GDP),NY.GDP.TOTL.RT.ZS,Ireland,IRL,0.287358128232744,0.0763340706312449,0.0353958706182933,0.0187707084805869,0.0652248713159719,0.112833072357874,0.126075695067046,0.0671703776701016,0.0367626864571587,0.10098823103923,..,..
Total natural resources rents (% of GDP),NY.GDP.TOTL.RT.ZS,Isle of Man,IMN,..,0,0,0,0,0,0,0,..,..,..,..
Total natural resources rents (% of GDP),NY.GDP.TOTL.RT.ZS,Israel,ISR,..,0.00201911700378443,0.240636647906702,0.225690565978892,0.184759592739644,0.175795530138224,0.243287805206997,0.189655855195189,0.272440677318125,0.441424749575518,..,..
Total natural resources rents (% of GDP),NY.GDP.TOTL.RT.ZS,Italy,ITA,0.0799152789503537,0.0913316162596186,0.138451592682719,0.0819093188563771,0.0473051811205066,0.0639986448910056,0.0992013245530201,0.0824926231070219,0.0559705463881882,0.112009125283042,..,..
Total natural resources rents (% of GDP),NY.GDP.TOTL.RT.ZS,Jamaica,JAM,6.33539612272519,1.49212985894039,1.78235182739347,1.26600183802715,1.28914557442918,1.52838623760003,1.72957545790371,0.364234398807819,0.32243252555047,0.457652062306756,..,..
Total natural resources rents (% of GDP),NY.GDP.TOTL.RT.ZS,Japan,JPN,0.0368696636805661,0.0139786461492189,0.0280708839630582,0.0289687122696025,0.0251768652546394,0.0384458694582766,0.0367554022408906,0.0932286615908601,0.0969972012044505,0.0473044627668744,..,..
Total natural resources rents (% of GDP),NY.GDP.TOTL.RT.ZS,Jordan,JOR,0.202404188553642,0.154211840900311,1.19542288638141,1.39974257822882,1.12573697471708,0.869000683008148,0.719072817629181,0.0428576620025569,0.0516759121146319,0.0776640966166585,..,..
Total natural resources rents (% of GDP),NY.GDP.TOTL.RT.ZS,Kazakhstan,KAZ,15.6843499384137,27.3190672987164,17.2500802611251,9.32876500546085,11.0336820575133,14.897596398127,20.7829646926253,17.9259738525419,12.8406951964892,26.8423173327291,..,..
Total natural resources rents (% of GDP),NY.GDP.TOTL.RT.ZS,Kenya,KEN,4.96389860679158,3.31396754858766,2.64310943602707,2.70967011611946,2.65839831359762,2.31435620783369,1.36132463517161,1.22718421158535,1.26881196888613,1.22792857770901,..,..
Total natural resources rents (% of GDP),NY.GDP.TOTL.RT.ZS,Kiribati,KIR,0.0369180410181818,0.0295842847533442,0.0889050775265575,0.0732783582600832,0.0826063804854857,0.0929519614955758,0.0420866204186192,0.0427412418710569,0.0569939081063946,0.043500143330191,..,..
Total natural resources rents (% of GDP),NY.GDP.TOTL.RT.ZS,"Korea, Dem. People's Rep.",PRK,..,..,..,..,..,..,..,..,..,..,..,..
Total natural resources rents (% of GDP),NY.GDP.TOTL.RT.ZS,"Korea, Rep.",KOR,0.0702411163381042,0.03672509222672,0.0640735784174601,0.0367480142308671,0.0331101931364819,0.0386022741681957,0.0471215171527114,0.121453005220381,0.113270922936166,0.049812574781783,..,..
Total natural resources rents (% of GDP),NY.GDP.TOTL.RT.ZS,Kosovo,XKX,..,..,0.522780519330801,0.345818043207918,0.394911793338711,0.559517101853948,0.582555742632103,0.403302686372993,0.405629883811269,0.928898942515976,..,..
Total natural resources rents (% of GDP),NY.GDP.TOTL.RT.ZS,Kuwait,KWT,39.5229351611011,51.3644113589282,53.9714223132032,37.3135995019662,32.3641255908565,36.7579336114171,45.1522896110691,39.8386703389064,29.2848672951013,..,..,..
Total natural resources rents (% of GDP),NY.GDP.TOTL.RT.ZS,Kyrgyz Republic,KGZ,1.08831747011041,4.14777033640901,4.07203515798825,4.25309870186703,5.61349048423669,8.75574116357044,4.67048081477686,7.24320231053747,6.52758010092793,11.5065410174076,..,..
Total natural resources rents (% of GDP),NY.GDP.TOTL.RT.ZS,Lao PDR,LAO,6.87527556801313,4.02461466594692,8.12984913076319,5.52476230566431,4.35259193269181,4.97088233452954,3.8787583779558,3.10453941803438,2.81746694955522,5.38276112647354,..,..
Total natural resources rents (% of GDP),NY.GDP.TOTL.RT.ZS,Latvia,LVA,..,2.59232171929407,1.13104352407128,1.00340965640665,0.983550850681886,1.20722108099256,1.07351315071964,1.18938805075522,1.27458711674516,1.16511975350878,..,..
Total natural resources rents (% of GDP),NY.GDP.TOTL.RT.ZS,Lebanon,LBN,0.0360393357813145,0.00160712397308317,0.00229376123243399,0.00228828375146288,0.0013728364357897,0.00199555625750973,0.00106750721286952,0.00131340504601898,0.00223718784227487,0.00276403839242888,..,..
Total natural resources rents (% of GDP),NY.GDP.TOTL.RT.ZS,Lesotho,LSO,3.89898101233072,3.45870923985656,5.59052228450031,6.21135692867531,7.27012601835192,6.29773888103094,3.60958084633478,3.73425482845294,4.55548495060365,4.31788190525398,..,..
Total natural resources rents (% of GDP),NY.GDP.TOTL.RT.ZS,Liberia,LBR,..,17.8409546807596,26.1806367790867,19.4462580281234,20.1143619477823,21.3240563239483,14.0250297312743,14.2604895547102,17.4661654481066,21.9156000871056,..,..
Total natural resources rents (% of GDP),NY.GDP.TOTL.RT.ZS,Libya,LBY,40.3870962973116,34.2584472905959,31.016947831293,16.3921988648858,12.2468654255016,22.1587604827104,31.6168598912657,34.4990280272661,11.4789831280341,61.0347089411103,..,..
Total natural resources rents (% of GDP),NY.GDP.TOTL.RT.ZS,Liechtenstein,LIE,0,0.00936390166869675,0.00599288437231091,0.00194110894161873,0.00207232625568761,0.00186506931005221,0.00327838093890037,0.00179668932945333,0.00147146668515006,..,..,..
Total natural resources rents (% of GDP),NY.GDP.TOTL.RT.ZS,Lithuania,LTU,..,1.00761756848222,0.435666728185002,0.355871871770943,0.3377588483904,0.408008846501474,0.378395633092732,0.334182488318804,0.310782585398606,0.28612663033099,..,..
Total natural resources rents (% of GDP),NY.GDP.TOTL.RT.ZS,Luxembourg,LUX,0.0362067565268409,0.0190086228380903,0.0511247766010698,0.0121647269251085,0.0100663139177463,0.00960957126949073,0.0131614123128893,0.00887356762506664,0.00666359766515693,0.00475136757511518,..,..
Total natural resources rents (% of GDP),NY.GDP.TOTL.RT.ZS,"Macao SAR, China",MAC,0.00191367383640553,0.00109989412783637,0.000707754579992928,0.000676701941454292,0.000766339291005204,0.000816577243915305,0.000378495372010862,0.000345302748769397,0.00092361911978552,0.000724556273813068,..,..
Total natural resources rents (% of GDP),NY.GDP.TOTL.RT.ZS,Madagascar,MDG,5.13716500766513,3.28334073398533,7.17890334828133,8.60993537983163,8.77277190379424,7.63973631390415,5.16989441363436,4.7078522848274,5.65950524677075,5.5311886434036,..,..
Total natural resources rents (% of GDP),NY.GDP.TOTL.RT.ZS,Malawi,MWI,8.83285550041662,10.1509116653401,9.61846301856776,8.89901041042248,10.9739875833904,7.00371862797528,5.20814805353589,4.24376277062568,4.09928170325885,4.22250421289741,..,..
Total natural resources rents (% of GDP),NY.GDP.TOTL.RT.ZS,Malaysia,MYS,26.8807563305794,12.5675399788113,8.64507399532146,6.5709120658644,5.20040474859063,6.23600042741287,7.32744449685636,6.19635932474839,4.54156531962687,6.92196634868479,..,..
Total natural resources rents (% of GDP),NY.GDP.TOTL.RT.ZS,Maldives,MDV,0.0216076635449384,0.00742343669238901,0.00517496156762446,0.00586919819938419,0.00663326999058831,0.00525091904016801,0.00258396462676911,0.00274890529404401,0.00502406983438185,0.00370182242347212,..,..
Total natural resources rents (% of GDP),NY.GDP.TOTL.RT.ZS,Mali,MLI,4.06917810438981,5.46367811888986,7.24892090404468,7.42711000514874,8.99083015150657,7.81614668872422,7.74269774600288,7.85842877214771,9.46967710138959,18.4178821970492,..,..
Total natural resources rents (% of GDP),NY.GDP.TOTL.RT.ZS,Malta,MLT,0,0,0,0,0,0,0,0,0,0,..,..
Total natural resources rents (% of GDP),NY.GDP.TOTL.RT.ZS,Marshall Islands,MHL,0,0,0,0,0,0,0,0,0,0,..,..
Total natural resources rents (% of GDP),NY.GDP.TOTL.RT.ZS,Mauritania,MRT,13.0529903629446,3.27487284480144,13.1805355570468,6.19132704450206,8.04558334879584,9.09659277147784,2.808310001036,2.61191416207025,2.43870903966116,11.4487520863931,..,..
Total natural resources rents (% of GDP),NY.GDP.TOTL.RT.ZS,Mauritius,MUS,0.0344979596586205,0.0117784211704657,0.0835433781723541,0.0279823507404004,0.0271234375700913,0.00339252211144264,0.00240720178247387,0.00235978741871314,0.00262996135685098,0.00271526913227865,..,..
Total natural resources rents (% of GDP),NY.GDP.TOTL.RT.ZS,Mexico,MEX,7.85316996477492,3.5781826113811,4.74356172979305,2.18360553071428,1.97524669608099,2.36148896456378,2.8911069990433,2.09126302062882,1.55983378352436,3.64307338835023,..,..
Total natural resources rents (% of GDP),NY.GDP.TOTL.RT.ZS,"Micronesia, Fed. Sts.",FSM,0,0.0074641058190842,0.0406003278508593,0.032192134954101,0.0360496232316334,0.0385320066214341,0.0165045161037463,0.0147433271606052,0.0200730721927284,0.0178477556025635,..,..
Total natural resources rents (% of GDP),NY.GDP.TOTL.RT.ZS,Moldova,MDA,..,0.314995330975289,0.305194557556724,0.329718543865743,0.268595627765572,0.260534449680804,0.262039473546905,0.249756859922812,0.245939852669041,0.235942049452034,..,..
Total natural resources rents (% of GDP),NY.GDP.TOTL.RT.ZS,Monaco,MCO,0,0,0,0,0,0,0,0,0,0,..,..
Total natural resources rents (% of GDP),NY.GDP.TOTL.RT.ZS,Mongolia,MNG,8.8741038587943,5.22235025250685,16.08653421855,9.87899879376714,10.050012393618,17.0883999734036,19.8676151919941,14.7739570464507,13.4736928829141,33.1372162654312,..,..
Total natural resources rents (% of GDP),NY.GDP.TOTL.RT.ZS,Montenegro,MNE,..,0,0.781260837765096,0.731313641257514,0.837536371542947,1.33941998042343,0.837441665171651,0.616491593549262,0.723002993565649,0.637197671980386,..,..
Total natural resources rents (% of GDP),NY.GDP.TOTL.RT.ZS,Morocco,MAR,0.446556338050589,0.305325348108431,3.52679771804417,2.61402225287558,2.89821223160529,3.29989896331367,2.41389789515822,0.321780512925498,0.296128236742874,0.391702933228196,..,..
Total natural resources rents (% of GDP),NY.GDP.TOTL.RT.ZS,Mozambique,MOZ,..,6.21223527949675,11.9039028509476,12.2160721685778,16.3133886142564,18.0510410834352,16.3975888133586,12.6767242973038,11.8639361284365,14.9074768559672,..,..
Total natural resources rents (% of GDP),NY.GDP.TOTL.RT.ZS,Myanmar,MMR,25.5233831093605,10.8456569216916,7.88242876018736,6.61317909325215,6.8108721648708,7.82010371696471,6.70278022169487,5.88188183004994,4.66301426840348,8.6785038087485,..,..
Total natural resources rents (% of GDP),NY.GDP.TOTL.RT.ZS,Namibia,NAM,10.6504237394718,0.592005978212752,1.64153563776896,1.8752743624842,2.60379046438201,3.35579400030648,1.26282912430688,1.43731396410693,1.93029383948291,4.03058059383138,..,..
Total natural resources rents (% of GDP),NY.GDP.TOTL.RT.ZS,Nauru,NRU,..,..,0,0,0,0,0,0,0,0,..,..
Total natural resources rents (% of GDP),NY.GDP.TOTL.RT.ZS,Nepal,NPL,1.74670390277272,1.16705846127349,0.860719085973924,0.934890235914136,1.03122054018578,0.703261897013786,0.424156459923021,0.446189344690663,0.522630900968538,0.498936909947826,..,..
Total natural resources rents (% of GDP),NY.GDP.TOTL.RT.ZS,Netherlands,NLD,0.471040288121921,0.389447934898109,0.689866623445569,0.442606663458837,0.251209116098856,0.283564780405105,0.355103573458477,0.218267467639851,0.0837440351956371,0.340536679351668,..,..
Total natural resources rents (% of GDP),NY.GDP.TOTL.RT.ZS,New Caledonia,NCL,3.8914450741585,12.0962606484114,0.0126797653775496,0.0128159191409519,0.013426159178997,0.0171317828341953,0.970193483384602,0.0122251541031086,0.0127156723522875,16.7918673249355,..,..
Total natural resources rents (% of GDP),NY.GDP.TOTL.RT.ZS,New Zealand,NZL,2.2066602646069,2.35572401786313,1.42914435215029,1.28424903944645,1.04750029579275,1.59353965038242,1.58813238238384,1.50327657838238,1.27246721100633,1.49411356490814,..,..
Total natural resources rents (% of GDP),NY.GDP.TOTL.RT.ZS,Nicaragua,NIC,6.71830601093931,1.3540087539637,4.2211834678271,2.10539835608013,3.11297731611032,2.7029582269273,2.02687465495511,1.28485958829485,1.65812864181366,3.84080893833151,..,..
Total natural resources rents (% of GDP),NY.GDP.TOTL.RT.ZS,Niger,NER,3.72816593470452,7.26831682770737,10.2730531340882,9.74015905746736,9.68635453036973,9.37929042574549,6.79609733342576,5.81263963543114,5.56826403591678,6.40907047167716,..,..
Total natural resources rents (% of GDP),NY.GDP.TOTL.RT.ZS,Nigeria,NGA,25.074565468693,24.9357339994509,8.78193552361452,4.55410681800406,4.65772615666869,7.80498492445019,9.79850822600435,8.35322267194456,5.07484002483035,8.55295423830806,..,..
Total natural resources rents (% of GDP),NY.GDP.TOTL.RT.ZS,North Macedonia,MKD,0.00453228765068516,0.416376119896184,1.18602847424584,0.935040215942746,0.866322047138143,0.804308286542463,0.424659195176793,0.146172211539348,0.144963330218282,0.136921063560563,..,..
Total natural resources rents (% of GDP),NY.GDP.TOTL.RT.ZS,Northern Mariana Islands,MNP,..,..,0,0,0,0,0,0,..,..,..,..
Total natural resources rents (% of GDP),NY.GDP.TOTL.RT.ZS,Norway,NOR,7.95301055100865,12.2926602470975,7.51744992129352,5.16239861599802,3.86709464602749,5.33590347738304,7.39362211775806,6.26890345034754,4.18128689630728,10.0482763904291,..,..
Total natural resources rents (% of GDP),NY.GDP.TOTL.RT.ZS,Oman,OMN,50.4824718338721,46.4323533403582,34.348523798708,21.0999447505156,18.0527768334822,21.3537653208209,27.0144782962431,24.9800297060137,18.8866635649826,29.2115792686173,..,..
Total natural resources rents (% of GDP),NY.GDP.TOTL.RT.ZS,Pakistan,PAK,2.11977865414499,1.83884365392209,1.9953468853851,1.22522777965692,0.96533124558749,1.10680683630599,1.24123933516406,1.30340484004876,1.12387026995965,1.43561633294011,..,..
Total natural resources rents (% of GDP),NY.GDP.TOTL.RT.ZS,Palau,PLW,..,0,0,0,0,0,0,0,0,0,..,..
Total natural resources rents (% of GDP),NY.GDP.TOTL.RT.ZS,Panama,PAN,0.270038517781232,0.137185387867812,0.231601530644453,0.138690460109424,0.131004580785833,0.124276365709136,0.0994393790926708,0.31611229608813,0.535097865738947,3.6647948599442,..,..
Total natural resources rents (% of GDP),NY.GDP.TOTL.RT.ZS,Papua New Guinea,PNG,23.014711608676,25.7002086888519,14.02772535223,12.7384528214768,14.3368397378808,16.0436340949199,16.921880825492,13.8152037166577,11.9417254747487,27.3866812481734,..,..
Total natural resources rents (% of GDP),NY.GDP.TOTL.RT.ZS,Paraguay,PRY,2.70185516463716,1.46125820906746,1.68579710915118,1.69931574477657,1.89364402448299,1.68483913659766,1.51126155574886,1.37779411178328,1.68263325547904,1.34701587848651,..,..
Total natural resources rents (% of GDP),NY.GDP.TOTL.RT.ZS,Peru,PER,9.33591696551231,3.00673261080851,5.66292821656372,3.91148648466656,4.40523816648386,5.8962563954339,5.95602611154103,2.49912146958912,3.97961448773443,12.7247082349187,..,..
Total natural resources rents (% of GDP),NY.GDP.TOTL.RT.ZS,Philippines,PHL,1.69171115258321,0.464605311146084,1.5089650931856,0.758148274430124,0.661597167675748,0.964596437230551,0.943783444739612,0.78530018741462,0.764112790267085,1.97263339590791,..,..
Total natural resources rents (% of GDP),NY.GDP.TOTL.RT.ZS,Poland,POL,3.39655197453992,0.607750041899211,3.15767703778128,1.29098319489632,2.02624729962296,3.06146096477289,2.71315064903734,0.671601200907606,0.535468929487005,1.03024380772929,..,..
Total natural resources rents (% of GDP),NY.GDP.TOTL.RT.ZS,Portugal,PRT,0.353535880722632,0.149104429691798,0.204731493524196,0.159709580402046,0.158382699146323,0.191626691576631,0.240667367524237,0.221431953517005,0.200282467054982,0.291415692065373,..,..
Total natural resources rents (% of GDP),NY.GDP.TOTL.RT.ZS,Puerto Rico,PRI,0,0,0,0,0,0,0,0,0,0,..,..
Total natural resources rents (% of GDP),NY.GDP.TOTL.RT.ZS,Qatar,QAT,51.1563710851958,46.571294588063,27.6978144663127,19.0641343344092,15.9817678598717,18.8986723864413,23.9995278669173,22.3739866660968,20.2259593186526,27.2897873992471,..,..
Total natural resources rents (% of GDP),NY.GDP.TOTL.RT.ZS,Romania,ROU,4.64557648417955,3.46123165499051,1.51017281377838,0.975979399576012,0.688993508362941,0.884924035595192,1.07026334712177,0.798252105262357,0.508984051380759,1.144376067244,..,..
Total natural resources rents (% of GDP),NY.GDP.TOTL.RT.ZS,Russian Federation,RUS,12.732460585784,21.5026961545567,12.4271978897589,9.761666714108,8.19418914130003,9.71546623895349,14.4734868157828,12.2071140110196,7.58812544004463,18.5109394363314,..,..
Total natural resources rents (% of GDP),NY.GDP.TOTL.RT.ZS,Rwanda,RWA,4.72583219210236,5.03496552984893,6.4521550362679,5.77813915585401,5.99862102587479,6.01492971463291,4.71387568610559,3.81709032313618,4.10481845130795,4.01723634071877,..,..
Total natural resources rents (% of GDP),NY.GDP.TOTL.RT.ZS,Samoa,WSM,2.16159951859595,0.47111704310974,0.514371821253179,0.385043626528853,0.425429774129313,0.482469410561221,0.264678611319933,0.232259603701569,0.301640791056231,0.280275449205485,..,..
Total natural resources rents (% of GDP),NY.GDP.TOTL.RT.ZS,San Marino,SMR,..,0,0,0,0,0,0,0,0,..,..,..
Total natural resources rents (% of GDP),NY.GDP.TOTL.RT.ZS,Sao Tome and Principe,STP,..,..,3.04723492306762,3.41287577328636,3.27531389837999,3.15239782697584,2.33693840944991,2.04664899329107,1.98018939747641,1.88439596006627,..,..
Total natural resources rents (% of GDP),NY.GDP.TOTL.RT.ZS,Saudi Arabia,SAU,47.2009452516739,42.6687976015313,41.3384300115975,24.8553045322483,20.7349959872418,24.4865557580774,29.2707418122277,25.453167735458,17.3184270283149,25.5652418188141,..,..
Total natural resources rents (% of GDP),NY.GDP.TOTL.RT.ZS,Senegal,SEN,1.87545259934578,2.30805328155825,3.1569476524477,3.47911885653568,3.9796411050175,3.21232528542185,2.88655464408866,2.75988310568798,2.86963190075436,4.40159712005452,..,..
Total natural resources rents (% of GDP),NY.GDP.TOTL.RT.ZS,Serbia,SRB,..,2.33274311334293,1.89442302636645,1.27718856590432,1.17155898842791,1.52263044010001,1.54067953539602,1.19461693747908,0.947608509343353,1.74631766481948,..,..
Total natural resources rents (% of GDP),NY.GDP.TOTL.RT.ZS,Seychelles,SYC,0.124123297587184,0.106839697103305,0.122451367247677,0.100073979606541,0.0990332020466637,0.11671286310133,0.121453194976473,0.0974947166802459,0.13148617576909,0.120645132507182,..,..
Total natural resources rents (% of GDP),NY.GDP.TOTL.RT.ZS,Sierra Leone,SLE,19.7972836043128,14.2566872840621,8.02771244072182,10.5713602396516,14.6732645434772,14.9365306672881,8.55532841443589,7.49079656656829,8.22978194152241,9.03701414128967,..,..
Total natural resources rents (% of GDP),NY.GDP.TOTL.RT.ZS,Singapore,SGP,0.000920371570597071,0.000326034372238966,0.104879469325881,0.0343911572935456,0.029353972319112,0.000452888881904618,0.000188767152938037,0.000169266160429021,0.00024207226855629,0.000180989109199595,..,..
Total natural resources rents (% of GDP),NY.GDP.TOTL.RT.ZS,Sint Maarten (Dutch part),SXM,..,..,0,0,0,0,0,..,..,..,..,..
Total natural resources rents (% of GDP),NY.GDP.TOTL.RT.ZS,Slovak Republic,SVK,0.183389027050841,0.404812702829579,0.288569282906269,0.26302479249352,0.261669771629207,0.333116894336664,0.289202597240663,0.251989434209045,0.219233025168727,0.226150293544136,..,..
Total natural resources rents (% of GDP),NY.GDP.TOTL.RT.ZS,Slovenia,SVN,..,0.165849101778217,0.264570914876485,0.263848700764214,0.261246243560769,0.268545994107094,0.261790471547443,0.23437135303998,0.214171558575469,0.189323915465621,..,..
Total natural resources rents (% of GDP),NY.GDP.TOTL.RT.ZS,Solomon Islands,SLB,7.86293738578808,5.2621771900403,20.6416871336495,16.6664900887493,14.3004643478535,22.9192896376451,22.3396585662881,19.145353163623,19.1938888891881,18.395048524098,..,..
Total natural resources rents (% of GDP),NY.GDP.TOTL.RT.ZS,Somalia,SOM,13.4864824653409,..,18.2921917574279,18.8761765982543,19.5454511774019,18.697269661953,11.735774261604,10.7304105687897,11.455284804417,11.2356934915275,..,..
Total natural resources rents (% of GDP),NY.GDP.TOTL.RT.ZS,South Africa,ZAF,5.69756198732845,3.71688450048923,4.66573419871465,2.80794769347075,3.56159906611897,3.8355856656622,3.86949148830953,4.18782227881945,4.01777511009808,7.32857859192335,..,..
Total natural resources rents (% of GDP),NY.GDP.TOTL.RT.ZS,South Sudan,SSD,..,..,28.4570049428564,13.0532234224485,..,..,..,..,..,..,..,..
Total natural resources rents (% of GDP),NY.GDP.TOTL.RT.ZS,Spain,ESP,0.122231621587361,0.0499266682860174,0.0606477510711108,0.0478922611851597,0.0419317249195144,0.0530656069147325,0.0630077839936006,0.0390101070611282,0.0381216045324834,0.115181021827658,..,..
Total natural resources rents (% of GDP),NY.GDP.TOTL.RT.ZS,Sri Lanka,LKA,0.467031774164659,0.190956032913517,0.106716230120525,0.116815682766825,0.120808775080832,0.0888765377568958,0.064834147164453,0.0722571812304566,0.0850400982115445,0.0832444969793704,..,..
Total natural resources rents (% of GDP),NY.GDP.TOTL.RT.ZS,St. Kitts and Nevis,KNA,0,0,0,0,0,0,0,0,0,0,..,..
Total natural resources rents (% of GDP),NY.GDP.TOTL.RT.ZS,St. Lucia,LCA,0.0154058376996805,0.0103818193524413,0.0254436551499196,0.0186627705111545,0.0242375524260307,0.0188680203388547,0.0120179605482605,0.0105301058741755,0.0193601689591786,0.0134294898917373,..,..
Total natural resources rents (% of GDP),NY.GDP.TOTL.RT.ZS,St. Martin (French part),MAF,..,..,0,..,..,..,..,..,..,..,..,..
Total natural resources rents (% of GDP),NY.GDP.TOTL.RT.ZS,St. Vincent and the Grenadines,VCT,0.0381885135804425,0.0197308869123896,0.0423946065801886,0.0312630692791454,0.0407859033307733,0.0329828886778541,0.0209304790297473,0.018299980174056,0.0256464367493511,0.0193291690653381,..,..
Total natural resources rents (% of GDP),NY.GDP.TOTL.RT.ZS,Sudan,SDN,0.000654942802720502,10.7834600175368,5.17423775201674,2.97569090164715,2.74050635867162,2.48029512284545,6.14770644131694,8.25976911220096,9.29265238055366,12.7502116848016,..,..
Total natural resources rents (% of GDP),NY.GDP.TOTL.RT.ZS,Suriname,SUR,24.9251550632949,12.3387388089747,13.3454910423686,5.12495877980327,15.0617975898749,19.7854729048857,8.44388268533074,6.83251753458721,4.60122863820656,9.59272209392741,..,..
Total natural resources rents (% of GDP),NY.GDP.TOTL.RT.ZS,Sweden,SWE,0.454474775423161,0.313367613234087,0.908726777199877,0.488159781498559,0.722466863316197,1.04602397797532,1.06109616438888,0.404780111504663,0.370599691340783,1.20827979934218,..,..
Total natural resources rents (% of GDP),NY.GDP.TOTL.RT.ZS,Switzerland,CHE,0.0386096534590046,0.0339378282692173,0.0133939110821008,0.0106918477707141,0.0105099534065671,0.00979558760538153,0.0130088671838284,0.0091832516564973,0.00802785319765779,0.00910740311945595,..,..
Total natural resources rents (% of GDP),NY.GDP.TOTL.RT.ZS,Syrian Arab Republic,SYR,14.6262400223917,6.45786585558319,5.74137102637288,3.61325134885599,3.17208654310089,3.11485462954234,3.35036111849182,3.76931985084524,6.37482598047532,..,..,..
Total natural resources rents (% of GDP),NY.GDP.TOTL.RT.ZS,Tajikistan,TJK,1.69355094045864,1.03361279036881,2.19331996280515,2.26536441077173,3.80725838932103,4.54778525164425,5.40040742136206,5.22368712777317,5.13513488386848,9.04634759702914,..,..
Total natural resources rents (% of GDP),NY.GDP.TOTL.RT.ZS,Tanzania,TZA,11.4997378177027,3.75533581161388,5.04690559304949,5.30193884393363,5.61603835789229,5.13616759488345,3.61159728659091,3.53145044367484,3.85169508025186,6.69370906979479,..,..
Total natural resources rents (% of GDP),NY.GDP.TOTL.RT.ZS,Thailand,THA,1.20375710987377,2.03569797727683,2.8228271736769,1.93092320697655,1.5532188768547,1.63215260676224,1.81670642609227,1.51242491485513,1.1095683956846,1.8170265297611,..,..
Total natural resources rents (% of GDP),NY.GDP.TOTL.RT.ZS,Timor-Leste,TLS,..,0.403626442484974,..,79.4309494383903,44.5556159738805,44.8705165836223,62.7689541343655,44.8952633775622,34.3932968859447,34.7297460391742,..,..
Total natural resources rents (% of GDP),NY.GDP.TOTL.RT.ZS,Togo,TGO,6.11169329304312,7.14401583181283,13.3950715961836,12.7280087175611,9.003109569313,7.77733835842081,4.87362329556752,4.32587635811955,4.73168572169493,7.86417419787513,..,..
Total natural resources rents (% of GDP),NY.GDP.TOTL.RT.ZS,Tonga,TON,0.0790821090507851,0.0280007129178722,0.0521558048423682,0.0421389970297059,0.0453861467678001,0.0540904435129096,0.0399575891818241,0.0355539728781376,0.0390440712702677,0.0407524657583253,..,..
Total natural resources rents (% of GDP),NY.GDP.TOTL.RT.ZS,Trinidad and Tobago,TTO,20.5879235091486,14.0818626378959,15.5987828212435,7.5354554955632,4.12214241273861,5.76137730000007,11.2320374302733,11.0689882994292,5.88215476519225,7.85936855870429,..,..
Total natural resources rents (% of GDP),NY.GDP.TOTL.RT.ZS,Tunisia,TUN,6.83369084394394,3.70327177976697,4.59413759866907,2.68828674720116,2.18515588296029,2.51025972718522,2.82187987069052,2.24739229652362,1.46717230583582,2.24923087429424,..,..
Total natural resources rents (% of GDP),NY.GDP.TOTL.RT.ZS,Turkiye,TUR,0.593252933490782,0.241654018503172,0.515494221044849,0.259377096732697,0.381853603415781,0.379263394718781,0.52996663633101,0.382779823529053,0.397202384078982,0.827048726504594,..,..
Total natural resources rents (% of GDP),NY.GDP.TOTL.RT.ZS,Turkmenistan,TKM,75.1906858388906,59.3410849589971,20.1759840166561,15.4827871650235,9.65761604863881,13.0262092742703,20.0690091609088,13.4925127713072,..,..,..,..
Total natural resources rents (% of GDP),NY.GDP.TOTL.RT.ZS,Turks and Caicos Islands,TCA,..,..,0.00597028510106603,0.00415130851289815,0.00520201843450933,0.00448799747282142,0.00277281674159693,0.00235664810158653,0.00416657969513341,0.00326750077470616,..,..
Total natural resources rents (% of GDP),NY.GDP.TOTL.RT.ZS,Tuvalu,TUV,0,0,0,0,0,0,0,0,0,0,..,..
Total natural resources rents (% of GDP),NY.GDP.TOTL.RT.ZS,Uganda,UGA,15.8107071000485,12.0494143938765,10.3312319703494,10.7947576138514,12.7336513052995,12.1305147407764,8.38888217833344,7.38833937837014,7.56349041713714,7.47552032336567,..,..
Total natural resources rents (% of GDP),NY.GDP.TOTL.RT.ZS,Ukraine,UKR,3.25259182027431,3.37065587715521,3.6083209332499,2.59911540564351,2.39942596673544,2.95421204623726,2.91046955095297,1.73179870039083,1.09312749593482,7.5129023639251,..,..
Total natural resources rents (% of GDP),NY.GDP.TOTL.RT.ZS,United Arab Emirates,ARE,36.6027000714668,22.3844177151254,23.9739257701595,14.0468089597238,11.8055195768229,14.3278424370326,18.1866824883602,16.8958990035406,11.9722335248016,17.634095847399,..,..
Total natural resources rents (% of GDP),NY.GDP.TOTL.RT.ZS,United Kingdom,GBR,1.00627920664815,1.05085122197897,0.569359660800821,0.337710045585096,0.273025131582337,0.397885220213493,0.626195352812848,0.540491129160741,0.28397504842807,0.588544260440276,..,..
Total natural resources rents (% of GDP),NY.GDP.TOTL.RT.ZS,United States,USA,1.23250818918509,1.11328917528516,0.703153661885122,0.234371770177788,0.303325431060077,0.427546323641111,0.595678810382377,0.557098125905551,0.329505971924439,1.27994423022721,..,..
Total natural resources rents (% of GDP),NY.GDP.TOTL.RT.ZS,Uruguay,URY,0.60644469736533,0.193328084228466,1.45872376049256,1.85218241655473,1.74168715941962,1.82938511988003,1.97299244228802,1.70632780467724,2.29343009292959,1.92773520463627,..,..
Total natural resources rents (% of GDP),NY.GDP.TOTL.RT.ZS,Uzbekistan,UZB,8.7165812511313,13.0415850904654,10.3618681106859,7.25480371959986,6.72025279446491,12.0271937236882,18.6507971459477,10.8569985159248,9.08357795040879,20.46516083278,..,..
Total natural resources rents (% of GDP),NY.GDP.TOTL.RT.ZS,Vanuatu,VUT,0.905461979093577,0.802617573481721,0.987395102309584,0.815485061379561,0.816331822730397,0.902392843807671,0.60798151676621,0.547725243089635,0.629507608350041,0.568069760913224,..,..
Total natural resources rents (% of GDP),NY.GDP.TOTL.RT.ZS,"Venezuela, RB",VEN,29.2548511239111,20.5761295010598,11.8465082797294,..,..,..,..,..,..,..,..,..
Total natural resources rents (% of GDP),NY.GDP.TOTL.RT.ZS,Viet Nam,VNM,12.3278452336478,9.69222818683314,5.66094916066902,3.38333033260239,2.68357593807147,3.21350443557147,3.26009968480725,2.50068260501281,1.8108819584417,2.54701708790768,..,..
Total natural resources rents (% of GDP),NY.GDP.TOTL.RT.ZS,Virgin Islands (U.S.),VIR,..,..,0.85274473054265,0.448439817567942,0.440640386181765,0.458057890874122,0.372382849153501,0.247081553705368,0.205447216042101,..,..,..
Total natural resources rents (% of GDP),NY.GDP.TOTL.RT.ZS,West Bank and Gaza,PSE,..,0,0,0,0,0,0,0,0,0,..,..
Total natural resources rents (% of GDP),NY.GDP.TOTL.RT.ZS,"Yemen, Rep.",YEM,29.7727028394951,42.3035320788019,11.0347273323825,2.10342672948231,0.786200059542649,1.89218639089041,4.60935600503207,..,..,..,..,..
Total natural resources rents (% of GDP),NY.GDP.TOTL.RT.ZS,Zambia,ZMB,20.9818246533379,9.12122495945449,10.842259058696,11.1602533885932,11.6772125402718,13.2264399699464,11.7483463033985,7.91506539515975,16.2222307618142,35.2641479964325,..,..
Total natural resources rents (% of GDP),NY.GDP.TOTL.RT.ZS,Zimbabwe,ZWE,4.2124822922094,3.90170876645193,5.62126327970579,4.60618520596556,4.49541367401877,6.09544838030308,3.37818944674235,4.71576545765887,4.74666809490234,6.39845161112644,..,..
Total natural resources rents (% of GDP),NY.GDP.TOTL.RT.ZS,Africa Eastern and Southern,AFE,7.30437958277988,6.79351972868572,9.11852131870243,6.49617872247098,7.11497784119,7.71882699625691,7.31291364719289,6.55590679252787,6.01839501555596,10.0560654073966,..,..
Total natural resources rents (% of GDP),NY.GDP.TOTL.RT.ZS,Africa Western and Central,AFW,17.5621564417181,19.1650155863509,9.90830466828895,6.10312099735738,6.32108932024194,8.84424239083733,9.95407788879097,8.6440675764521,6.03710415339512,9.86126139481957,..,..
Total natural resources rents (% of GDP),NY.GDP.TOTL.RT.ZS,Arab World,ARB,23.2925971602901,27.7270330609517,28.3248533708629,17.066199006191,14.4747972342718,18.2149164572561,23.080358124179,20.376393939479,13.5821489122963,20.2084428991976,..,..
Total natural resources rents (% of GDP),NY.GDP.TOTL.RT.ZS,Caribbean small states,CSS,2.40004244530643,1.38643957693836,3.54455281585475,1.87214312082157,3.66924244498466,3.84529838756858,1.86901080076138,1.6094299913062,2.87753099181751,8.19324690966963,..,..
Total natural resources rents (% of GDP),NY.GDP.TOTL.RT.ZS,Central Europe and the Baltics,CEB,2.7178991218467,0.939487694795584,1.63162774681854,0.825654077279492,1.01617172341156,1.46879507199418,1.37820780769665,0.587962950544286,0.47636251691068,0.787462472480986,..,..
Total natural resources rents (% of GDP),NY.GDP.TOTL.RT.ZS,Early-demographic dividend,EAR,11.5137874246148,8.07673242335,8.32956489880078,4.57209988530325,4.00297329201751,4.85127784624077,6.48818366295788,5.28543554139035,3.7804681451772,6.56450924146024,..,..
Total natural resources rents (% of GDP),NY.GDP.TOTL.RT.ZS,East Asia & Pacific,EAS,1.67042604479447,1.08505106455254,2.01859679351131,1.19133850568526,1.07865319908631,1.35341990817614,1.501704452577,1.37947836311806,1.07686900915343,2.17011079454084,..,..
Total natural resources rents (% of GDP),NY.GDP.TOTL.RT.ZS,East Asia & Pacific (excluding high income),EAP,9.27026701232269,4.09267469371893,2.78067575078481,1.5409098498029,1.35869612252409,1.65469392040934,1.83197256967886,1.57815169802314,1.10439332392205,2.10685466862788,..,..
Total natural resources rents (% of GDP),NY.GDP.TOTL.RT.ZS,East Asia & Pacific (IDA & IBRD countries),TEA,9.27026701232269,4.09260575049272,2.78064694532506,1.54089349761855,1.35868000221511,1.65467569360821,1.83195497816434,1.57813561246835,1.10438226950961,2.10683313086382,..,..
Total natural resources rents (% of GDP),NY.GDP.TOTL.RT.ZS,Euro area,EMU,0.179034162571141,0.121724061755188,0.151063484037876,0.108425199868848,0.08490147744046,0.0981571885708752,0.121121482903051,0.0986382319172261,0.0729237320123082,0.119347889204302,..,..
Total natural resources rents (% of GDP),NY.GDP.TOTL.RT.ZS,Europe & Central Asia,ECS,1.34255430488771,1.20995464227974,1.87942334242514,1.13389407302741,0.935584556746372,1.29123129726433,1.79152026446801,1.47600756370409,0.884143305373057,2.21544883792523,..,..
Total natural resources rents (% of GDP),NY.GDP.TOTL.RT.ZS,Europe & Central Asia (excluding high income),ECA,4.20064631930485,3.30672405927627,4.93591182316203,2.89060186213434,2.61699252052715,3.75328553512035,5.51919043411168,4.44581833930131,2.97493300737013,6.98229090866378,..,..
Total natural resources rents (% of GDP),NY.GDP.TOTL.RT.ZS,Europe & Central Asia (IDA & IBRD countries),TEC,8.68720220214196,7.98475847110752,7.79599124137458,5.10252094167001,4.41034272909079,5.80932917416781,8.32373774370564,6.70823515650616,4.13086455621505,10.1458822536562,..,..
Total natural resources rents (% of GDP),NY.GDP.TOTL.RT.ZS,European Union,EUU,0.2690672480481,0.197252492284117,0.325306650416824,0.190935988717567,0.193986422910799,0.265491527814461,0.282530852255418,0.158633183366622,0.11999745790002,0.228173690814379,..,..
Total natural resources rents (% of GDP),NY.GDP.TOTL.RT.ZS,Fragile and conflict affected situations,FCS,14.0927729382517,20.9431780348853,14.3290935102146,10.1506231636804,9.89076081078345,12.8147199194095,15.350610314109,13.4531033765905,8.59807838283912,16.3096054128175,..,..
Total natural resources rents (% of GDP),NY.GDP.TOTL.RT.ZS,Heavily indebted poor countries (HIPC),HPC,8.16990636114519,7.85684736065428,9.59019541226209,8.14683493912631,8.39233752742837,8.90071609926254,7.8195121037296,6.71345725500489,6.5914058716037,11.1102144470839,..,..
Total natural resources rents (% of GDP),NY.GDP.TOTL.RT.ZS,High income,HIC,1.60203258411605,1.52736829807163,2.31282068201787,1.24690518321554,1.08892739057188,1.41831305718629,1.88636454854591,1.65543588203261,1.09617678135917,2.45243758534665,..,..
Total natural resources rents (% of GDP),NY.GDP.TOTL.RT.ZS,IBRD only,IBD,8.44706572928692,5.93569358034552,5.21375369885841,2.86498308832406,2.54785711969442,3.20075303024229,4.09672254094914,3.35436577702046,2.26633457599223,4.63342333106888,..,..
Total natural resources rents (% of GDP),NY.GDP.TOTL.RT.ZS,IDA & IBRD total,IBT,8.59779858903198,6.14594460949454,5.34483571353681,3.0174062389611,2.71145137454404,3.37611669572786,4.20717244030961,3.46870632626845,2.40545466055616,4.78664800494229,..,..
Total natural resources rents (% of GDP),NY.GDP.TOTL.RT.ZS,IDA blend,IDB,13.8231243809948,11.2348618332906,7.09637749300296,4.12194937281485,3.93833530531909,5.70869654851297,6.91708279153108,6.07540329096029,4.18185048670862,7.09233996613478,..,..
Total natural resources rents (% of GDP),NY.GDP.TOTL.RT.ZS,IDA only,IDX,7.61782020921817,6.39537690145322,6.84896791158,5.49846721744164,5.30080838777165,5.474401486519,4.54592163143718,3.96621071356294,4.06126522603576,6.66085153505852,..,..
Total natural resources rents (% of GDP),NY.GDP.TOTL.RT.ZS,IDA total,IDA,10.1019946336382,8.59948887694899,6.9736321076153,4.82375556376177,4.67454753948499,5.58019069414355,5.60163490492299,4.89964051125392,4.11311536969948,6.84588629144288,..,..
Total natural resources rents (% of GDP),NY.GDP.TOTL.RT.ZS,Late-demographic dividend,LTE,9.04979157303072,6.06360734533657,5.30689925155604,2.97197346865802,2.5489517557962,3.14804689647949,3.90630552875704,3.30049545371492,2.20643488386067,4.28060927472608,..,..
Total natural resources rents (% of GDP),NY.GDP.TOTL.RT.ZS,Latin America & Caribbean,LCN,5.55197594897208,3.8463951608905,4.64933196036975,2.28491451696878,2.17713113288111,2.61604060077036,3.34733616749322,2.61696349326021,2.44076320788709,6.13801938026977,..,..
Total natural resources rents (% of GDP),NY.GDP.TOTL.RT.ZS,Latin America & Caribbean (excluding high income),LAC,4.45719588495211,2.99060138221981,4.03403305892716,2.25469318573575,2.19560203674003,2.55729912410123,3.31047084227209,2.69668231389997,2.3263244986532,5.61343595025027,..,..
Total natural resources rents (% of GDP),NY.GDP.TOTL.RT.ZS,Latin America & the Caribbean (IDA & IBRD countries),TLA,5.84349880024899,3.99760570840472,4.78097716044916,2.37241893457833,2.26869641727196,2.71500998384953,3.47257167523717,2.7189091693136,2.55884301472476,6.29546997925034,..,..
Total natural resources rents (% of GDP),NY.GDP.TOTL.RT.ZS,Least developed countries: UN classification,LDC,9.3486250500451,9.63633152792237,9.73949488482295,7.00483483280177,6.80720685852296,7.50261201485386,6.94802757229993,5.72500366305307,4.94513792360157,8.15490205701675,..,..
Total natural resources rents (% of GDP),NY.GDP.TOTL.RT.ZS,Low & middle income,LMY,7.77679628658917,5.38170882840289,4.73991911014922,2.69563894030765,2.46541767257853,3.03324318262718,3.6867231475402,3.07592667194743,2.1709444808763,4.06354344695701,..,..
Total natural resources rents (% of GDP),NY.GDP.TOTL.RT.ZS,Low income,LIC,10.2529193078747,11.8271434603145,11.6081520516518,9.27604499207718,9.85650298205675,10.0749259884628,8.56694466943205,7.58756687921599,8.08125770209484,13.2366731121327,..,..
Total natural resources rents (% of GDP),NY.GDP.TOTL.RT.ZS,Lower middle income,LMC,6.7971728937813,5.02574641424376,4.86640902177784,2.86992144777249,2.63572966418891,3.34205014804175,3.77483041745162,3.18231026555387,2.42215543814358,4.14492116033684,..,..
Total natural resources rents (% of GDP),NY.GDP.TOTL.RT.ZS,Middle East & North Africa,MEA,24.4533148973305,24.6713920204637,25.7294172420157,15.4293730050955,12.9747531629514,16.3365163442344,22.0633169756198,18.8998726948916,12.6647736107439,18.6360324930397,..,..
Total natural resources rents (% of GDP),NY.GDP.TOTL.RT.ZS,Middle East & North Africa (excluding high income),MNA,16.42029949986,21.3578055364322,20.4412640252489,12.370084569971,10.7574653022251,14.918274376577,22.3223739227134,18.3963342775146,11.7510192395182,19.4619005708867,..,..
Total natural resources rents (% of GDP),NY.GDP.TOTL.RT.ZS,Middle East & North Africa (IDA & IBRD countries),TMN,16.42029949986,21.5393747250435,20.6034411094778,12.4758612083285,10.8576836912259,15.0649119562874,22.5390788288241,18.5830689978287,11.8575461770067,19.6479977635618,..,..
Total natural resources rents (% of GDP),NY.GDP.TOTL.RT.ZS,Middle income,MIC,7.6898594185333,5.25819896337354,4.63202112112171,2.59086533404413,2.35911856803426,2.93618983708717,3.62081019554592,3.01597636614235,2.09024779372455,3.9524129160215,..,..
Total natural resources rents (% of GDP),NY.GDP.TOTL.RT.ZS,North America,NAC,1.37021511844266,1.34953659377119,0.794544542202568,0.242018647842315,0.339519851276952,0.487062607309418,0.688154643066188,0.659942671565191,0.395033805571321,1.56622742938714,..,..
Total natural resources rents (% of GDP),NY.GDP.TOTL.RT.ZS,Not classified,INX,..,..,..,..,..,..,..,..,..,..,..,..
Total natural resources rents (% of GDP),NY.GDP.TOTL.RT.ZS,OECD members,OED,0.895850028015302,0.904432887111477,0.883041642680325,0.420568210626597,0.437659195884298,0.600488107895343,0.751408252767765,0.663768716654257,0.497969118568472,1.43608323188559,..,..
Total natural resources rents (% of GDP),NY.GDP.TOTL.RT.ZS,Other small states,OSS,14.6428093292722,8.7501806391763,7.56641459626964,5.66454821194255,4.14785518443546,4.50849296261381,5.67504155075865,5.22069991236334,3.98888179796874,6.06335187701427,..,..
Total natural resources rents (% of GDP),NY.GDP.TOTL.RT.ZS,Pacific island small states,PSS,2.34019277839815,1.27666384410643,3.71469381945029,3.04449755451152,2.70814925190435,4.05964752405338,4.03646359567774,3.55131305552747,3.86638518693807,4.03429246883353,..,..
Total natural resources rents (% of GDP),NY.GDP.TOTL.RT.ZS,Post-demographic dividend,PST,0.763138896657558,0.810838616423989,0.681756452283629,0.328645129913292,0.355245292329762,0.489393008059388,0.625705226952599,0.600834399624936,0.440057572072609,1.31180840447098,..,..
Total natural resources rents (% of GDP),NY.GDP.TOTL.RT.ZS,Pre-demographic dividend,PRE,11.8255997828854,21.7004595252644,16.0438884306374,10.9125887227392,11.2171192290807,14.3199001573384,16.5003086875414,14.0074271136615,9.49774352845539,16.0301741290492,..,..
Total natural resources rents (% of GDP),NY.GDP.TOTL.RT.ZS,Small states,SST,11.5743409387253,6.72463112594261,6.75608498559903,4.87815102794683,4.00738206925901,4.39039733691709,5.03960159162221,4.60009341155608,3.83259278005199,6.31211734082006,..,..
Total natural resources rents (% of GDP),NY.GDP.TOTL.RT.ZS,South Asia,SAS,2.98777095602242,2.17298209982037,2.48826820612039,1.58509269390126,1.51523827331872,1.71673907196324,1.92056494362896,1.74640514248023,1.53408576927318,2.64721142141836,..,..
Total natural resources rents (% of GDP),NY.GDP.TOTL.RT.ZS,South Asia (IDA & IBRD),TSA,2.98777095602242,2.17298209982037,2.48826820612039,1.58509269390126,1.51523827331872,1.71673907196324,1.92056494362896,1.74640514248023,1.53408576927318,2.64721142141837,..,..
Total natural resources rents (% of GDP),NY.GDP.TOTL.RT.ZS,Sub-Saharan Africa,SSF,10.7158756790004,10.912438036665,9.49568160079387,6.31322321667522,6.75089728507586,8.18585320771896,8.45704975935518,7.49854405144551,6.02620679741006,9.96882220956985,..,..
Total natural resources rents (% of GDP),NY.GDP.TOTL.RT.ZS,Sub-Saharan Africa (excluding high income),SSA,10.7271108684814,10.929388296434,9.50262956467615,6.31856857090792,6.75778320845378,8.19403289085129,8.46543019370296,7.50611498750632,6.0309615346541,9.97642863868029,..,..
Total natural resources rents (% of GDP),NY.GDP.TOTL.RT.ZS,Sub-Saharan Africa (IDA & IBRD countries),TSS,10.7158756790004,10.912438036665,9.49568160079387,6.31322321667522,6.75089728507586,8.18585320771896,8.45704975935517,7.49854405144551,6.02620679741006,9.96882220956985,..,..
Total natural resources rents (% of GDP),NY.GDP.TOTL.RT.ZS,Upper middle income,UMC,7.95465402381219,5.32068576547389,4.57400731868839,2.51929824911,2.28547881730599,2.82958034775573,3.58140549515299,2.97191498567339,2.00195597276488,3.90362737683052,..,..
Total natural resources rents (% of GDP),NY.GDP.TOTL.RT.ZS,World,WLD,2.56572403267195,2.24566475616485,3.16822114811449,1.73840606400035,1.55307632268732,1.97722926144745,2.51002445694811,2.15159552510512,1.46966034338605,3.0301622850621,..,..
,,,,,,,,,,,,,,,
,,,,,,,,,,,,,,,
,,,,,,,,,,,,,,,
Data from database: World Development Indicators,,,,,,,,,,,,,,,
Last Updated: 12/16/2024,,,,,,,,,,,,,,,
