iso2_code;cluster_name;entry01;consider00;pci;ubiquity;rca01;density
AE;OOP System Programming;0;1;0.9641633338454;33.0;0.0;0.1277070434924303
AE;Popular JVM OOP;0;1;-0.3548183360732034;69.0;0.0;0.2963471835578596
AE;Typed Scripting;0;1;0.747365478078604;31.0;0.0;0.1300368204624463
AL;Typed Scripting;0;1;0.747365478078604;31.0;0.0;0.1265716603421729
AM;Interactive Tools;0;1;1.155325395950293;25.0;0.0;0.0689328048838534
AM;Low-Level C-Based;0;1;1.378051715365754;38.0;0.0;0.1006992071606995
AM;OOP System Programming;0;1;0.9641633338454;33.0;0.0;0.1060210778974074
AM;Popular JVM OOP;0;1;-0.3548183360732034;69.0;0.0;0.3291115053877598
AM;Typed Scripting;0;1;0.747365478078604;31.0;0.0;0.119447134520581
AM;Unix Build Tools;1;0;1.2872488211819004;46.0;1.0;0.1207675020280946
AR;Cross-Platform Build Systems;0;1;1.675673582074391;35.0;0.0;0.3966786287338228
AR;Database Scripting;0;1;-0.4201486387872639;48.0;0.0;0.3987939699881294
AR;Functional JVM;0;1;2.072695561823899;32.0;0.0;0.3843200995910303
AR;Interactive Tools;0;1;1.155325395950293;25.0;0.0;0.3244183301978665
AR;Low-Level Utilities;0;1;1.973299234045903;32.0;0.0;0.389516252214669
AR;Modern Contract/Typed;0;1;0.0174954206553288;49.0;0.0;0.4687163368032385
AR;OOP System Programming;0;1;0.9641633338454;33.0;0.0;0.3710847807199277
AR;Specialized Tools;0;1;2.212220577256194;25.0;0.0;0.3526614181451133
AR;Strongly Typed Systems;0;1;1.0792405680470785;43.0;0.0;0.4002288746005148
AT;Dynamic General Purpose;0;1;-1.20746570607327;99.0;0.0;0.2482195616683447
AT;Dynamic OOP Scripting;0;1;-0.4122572806689877;48.0;0.0;0.2986115495036668
AT;HTML-Centric Templating;0;1;-0.3300974919836952;51.0;0.0;0.3763274114571283
AT;Interactive Tools;0;1;1.155325395950293;25.0;0.0;0.4751571446299368
AT;JavaScript-Based Templating;1;0;-0.4118356804224901;52.0;1.0;0.3257914641546309
AT;Modern Contract/Typed;0;1;0.0174954206553288;49.0;0.0;0.3939441396285708
AT;OOP System Programming;0;1;0.9641633338454;33.0;0.0;0.5261212863281565
AT;Popular JVM OOP;1;0;-0.3548183360732034;69.0;1.0;0.3742744159901539
AT;Specialized Tools;1;0;2.212220577256194;25.0;1.0;0.5653571398834085
AT;Web Markup/Styling;0;1;-1.2565391492115314;111.0;0.0;0.2543978349120432
AU;Dynamic General Purpose;0;1;-1.20746570607327;99.0;0.0;0.2630880009554258
AU;Dynamic OOP Scripting;0;1;-0.4122572806689877;48.0;0.0;0.3617050833529027
AU;HTML-Centric Templating;0;1;-0.3300974919836952;51.0;0.0;0.3477851370222755
AU;JavaScript-Based Templating;0;1;-0.4118356804224901;52.0;0.0;0.3684665020835164
AU;Low-Level C-Based;0;1;1.378051715365754;38.0;0.0;0.6558218811701508
AU;Modern Contract/Typed;0;1;0.0174954206553288;49.0;0.0;0.4516662312951477
AU;OOP System Programming;0;1;0.9641633338454;33.0;0.0;0.6448890916145413
AU;Popular JVM OOP;0;1;-0.3548183360732034;69.0;0.0;0.4273214132385636
AU;Web Markup/Styling;0;1;-1.2565391492115314;111.0;0.0;0.2719891745602164
AZ;Interactive Tools;0;1;1.155325395950293;25.0;0.0;0.0414641797293634
AZ;Typed Scripting;0;1;0.747365478078604;31.0;0.0;0.0638117999140088
BA;Interactive Tools;0;1;1.155325395950293;25.0;0.0;0.0627021380749904
BA;Low-Level C-Based;0;1;1.378051715365754;38.0;0.0;0.078925746463584
BA;OOP System Programming;0;1;0.9641633338454;33.0;0.0;0.0918023325112881
BA;Typed Scripting;0;1;0.747365478078604;31.0;0.0;0.0994885670453718
BA;Unix Build Tools;0;1;1.2872488211819004;46.0;0.0;0.0955883874299258
BD;Database Scripting;0;1;-0.4201486387872639;48.0;0.0;0.3576945817449495
BD;Interactive Tools;0;1;1.155325395950293;25.0;0.0;0.0889796480053794
BD;Low-Level Utilities;0;1;1.973299234045903;32.0;0.0;0.0896853500093074
BD;Popular JVM OOP;0;1;-0.3548183360732034;69.0;0.0;0.3308466875407451
BD;Shell Scripting;0;1;-0.4634330858914763;107.0;0.0;0.3340132065369808
BD;Strongly Typed Systems;0;1;1.0792405680470785;43.0;0.0;0.1749729457714904
BD;Typed Scripting;0;1;0.747365478078604;31.0;0.0;0.1702554780454573
BD;Unix Build Tools;0;1;1.2872488211819004;46.0;0.0;0.1736809801344467
BE;Dynamic OOP Scripting;0;1;-0.4122572806689877;48.0;0.0;0.4199354239236986
BE;Interactive Tools;0;1;1.155325395950293;25.0;0.0;0.5850964611386749
BE;Modern Contract/Typed;0;1;0.0174954206553288;49.0;0.0;0.5146457430755685
BE;OOP System Programming;0;1;0.9641633338454;33.0;0.0;0.605705560606884
BE;Popular JVM OOP;0;1;-0.3548183360732034;69.0;0.0;0.456965323465616
BE;Web Markup/Styling;0;1;-1.2565391492115314;111.0;0.0;0.3328822733423545
BG;Dynamic OOP Scripting;0;1;-0.4122572806689877;48.0;0.0;0.3879323096676615
BG;Interactive Tools;0;1;1.155325395950293;25.0;0.0;0.2281144013037592
BG;Modern Contract/Typed;0;1;0.0174954206553288;49.0;0.0;0.3573199859852723
BO;Interactive Tools;0;1;1.155325395950293;25.0;0.0;0.092049201284398
BO;OOP System Programming;0;1;0.9641633338454;33.0;0.0;0.1382154751780051
BO;Typed Scripting;0;1;0.747365478078604;31.0;0.0;0.1689032179321308
BO;Unix Build Tools;0;1;1.2872488211819004;46.0;0.0;0.1556558221872994
BR;Batch/High-Level Tools;0;1;2.063356409533316;29.0;0.0;0.1670603799464513
BR;Cross-Platform Build Systems;0;1;1.675673582074391;35.0;0.0;0.1421937079164551
BR;Data/Document DSLs;0;1;1.857410498538032;32.0;0.0;0.1724216691846037
BR;Database Scripting;0;1;-0.4201486387872639;48.0;0.0;0.2682428118008324
BR;Debugging/Testing Tools;0;1;2.271994959243408;20.0;0.0;0.1759487816484625
BR;Dynamic General Purpose;0;1;-1.20746570607327;99.0;0.0;0.3637141729388395
BR;Enterprise OOP;0;1;0.6547672714360266;37.0;0.0;0.2314578768482411
BR;Event Scripting;0;1;2.444536615566927;11.0;0.0;0.1832861501890024
BR;Functional JVM;0;1;2.072695561823899;32.0;0.0;0.1595366469479885
BR;Functional Lisp;0;1;2.271061865195928;25.0;0.0;0.1379983084823993
BR;Graphics/Hardware Languages;0;1;1.6583031646204731;35.0;0.0;0.17790310144723
BR;HTML-Centric Templating;0;1;-0.3300974919836952;51.0;0.0;0.2875357446885938
BR;Installer & Scripting Utilities;0;1;2.3709274578314825;20.0;0.0;0.173212895316003
BR;Interactive Tools;0;1;1.155325395950293;25.0;0.0;0.180487716160076
BR;JavaScript-Based Templating;0;1;-0.4118356804224901;52.0;0.0;0.28317743761453
BR;Low-Level C-Based;0;1;1.378051715365754;38.0;0.0;0.1642456009590091
BR;Low-Level Hardware;0;1;1.8984509317220128;38.0;0.0;0.1637045159406561
BR;Low-Level Languages;0;1;2.2752759337772477;17.0;0.0;0.1872185292988067
BR;Low-Level Utilities;0;1;1.973299234045903;32.0;0.0;0.1397913238280226
BR;OOP System Programming;0;1;0.9641633338454;33.0;0.0;0.1764194150481681
BR;Pure Functional;0;1;2.077565310264836;28.0;0.0;0.1576206001525231
BR;Shell Scripting;0;1;-0.4634330858914763;107.0;0.0;0.2491140402314968
BR;Specialized Tools;0;1;2.212220577256194;25.0;0.0;0.1657597265917995
BR;Strongly Typed Systems;0;1;1.0792405680470785;43.0;0.0;0.163273962793903
BR;Text Parsing DSLs;0;1;2.073024704716692;31.0;0.0;0.151483580944405
BR;Unix Build Tools;0;1;1.2872488211819004;46.0;0.0;0.1622438556305846
BR;Unix-Like Scripting;0;1;2.24682044305651;27.0;0.0;0.1502431536943658
BY;Cross-Platform Build Systems;0;1;1.675673582074391;35.0;0.0;0.4251289378427269
BY;Database Scripting;0;1;-0.4201486387872639;48.0;0.0;0.408601198508056
BY;Dynamic OOP Scripting;0;1;-0.4122572806689877;48.0;0.0;0.4451749519848317
BY;HTML-Centric Templating;0;1;-0.3300974919836952;51.0;0.0;0.4865285281402409
BY;Interactive Tools;0;1;1.155325395950293;25.0;0.0;0.3458977575535165
BY;JavaScript-Based Templating;0;1;-0.4118356804224901;52.0;0.0;0.4317367294312471
BY;Low-Level Utilities;0;1;1.973299234045903;32.0;0.0;0.4099990695676226
BY;Shell Scripting;1;0;-0.4634330858914763;107.0;1.0;0.4962649465874614
BY;Specialized Tools;0;1;2.212220577256194;25.0;0.0;0.3644233290080987
CA;Data/Document DSLs;0;1;1.857410498538032;32.0;0.0;0.5598918497770895
CA;Dynamic General Purpose;0;1;-1.20746570607327;99.0;0.0;0.1457107050133944
CA;Dynamic OOP Scripting;0;1;-0.4122572806689877;48.0;0.0;0.2763061654776882
CA;Enterprise OOP;0;1;0.6547672714360266;37.0;0.0;0.4120933065971421
CA;HTML-Centric Templating;0;1;-0.3300974919836952;51.0;0.0;0.242609332696249
CA;JavaScript-Based Templating;0;1;-0.4118356804224901;52.0;0.0;0.2948457165995725
CA;Low-Level Utilities;0;1;1.973299234045903;32.0;0.0;0.5656034372179222
CA;Modern Contract/Typed;0;1;0.0174954206553288;49.0;0.0;0.3500565559134345
CA;Popular JVM OOP;0;1;-0.3548183360732034;69.0;0.0;0.3214023950933058
CA;Text Parsing DSLs;0;1;2.073024704716692;31.0;0.0;0.5860510305581753
CA;Web Markup/Styling;0;1;-1.2565391492115314;111.0;0.0;0.148849797023004
CH;Dynamic General Purpose;0;1;-1.20746570607327;99.0;0.0;0.292824879529588
CH;Dynamic OOP Scripting;0;1;-0.4122572806689877;48.0;0.0;0.3812858352371484
CH;Graphics/Hardware Languages;0;1;1.6583031646204731;35.0;0.0;0.7538887965781489
CH;HTML-Centric Templating;0;1;-0.3300974919836952;51.0;0.0;0.4089471536683886
CH;JavaScript-Based Templating;1;0;-0.4118356804224901;52.0;1.0;0.4092017655610889
CH;Modern Contract/Typed;0;1;0.0174954206553288;49.0;0.0;0.500078308176793
CH;Popular JVM OOP;0;1;-0.3548183360732034;69.0;0.0;0.4788082046855494
CH;Typed Scripting;0;1;0.747365478078604;31.0;0.0;0.6538204759292043
CH;Web Markup/Styling;0;1;-1.2565391492115314;111.0;0.0;0.2976995940460081
CL;Cross-Platform Build Systems;0;1;1.675673582074391;35.0;0.0;0.2296893111765371
CL;Low-Level C-Based;0;1;1.378051715365754;38.0;0.0;0.2586188095844532
CL;Low-Level Utilities;0;1;1.973299234045903;32.0;0.0;0.1914815324125561
CL;Modern Contract/Typed;0;1;0.0174954206553288;49.0;0.0;0.4336272744749329
CL;OOP System Programming;0;1;0.9641633338454;33.0;0.0;0.2378065017467892
CL;Popular JVM OOP;0;1;-0.3548183360732034;69.0;0.0;0.4570483811045125
CM;OOP System Programming;0;1;0.9641633338454;33.0;0.0;0.1067897306128187
CM;Typed Scripting;0;1;0.747365478078604;31.0;0.0;0.1186060446666431
CN;Batch/High-Level Tools;1;0;2.063356409533316;29.0;1.0;0.4285853655586041
CN;Concurrency-Oriented;0;1;2.024662047859878;20.0;0.0;0.4409837814688536
CN;Data/Document DSLs;0;1;1.857410498538032;32.0;0.0;0.4065491626252414
CN;Dynamic General Purpose;0;1;-1.20746570607327;99.0;0.0;0.2899345660980806
CN;Dynamic OOP Scripting;0;1;-0.4122572806689877;48.0;0.0;0.3517913828865191
CN;Enterprise OOP;0;1;0.6547672714360266;37.0;0.0;0.3525647393353348
CN;Graphics/Hardware Languages;0;1;1.6583031646204731;35.0;0.0;0.4084642451299573
CN;HTML-Centric Templating;0;1;-0.3300974919836952;51.0;0.0;0.3486405411528135
CN;Interactive Tools;0;1;1.155325395950293;25.0;0.0;0.4170579465786331
CN;Logic Programming;0;1;2.0814849049538844;19.0;0.0;0.4439235339718511
CN;Low-Level Hardware;0;1;1.8984509317220128;38.0;0.0;0.4396818537172928
CN;Modern Contract/Typed;0;1;0.0174954206553288;49.0;0.0;0.349127111293601
CN;Pure Functional;0;1;2.077565310264836;28.0;0.0;0.4320335786512975
CN;Specialized Tools;0;1;2.212220577256194;25.0;0.0;0.4192072718911912
CN;Web Markup/Styling;0;1;-1.2565391492115314;111.0;0.0;0.2719891745602164
CO;Database Scripting;0;1;-0.4201486387872639;48.0;0.0;0.4653770309890581
CO;Low-Level C-Based;0;1;1.378051715365754;38.0;0.0;0.2873794471708816
CO;Low-Level Hardware;0;1;1.8984509317220128;38.0;0.0;0.2629032814593276
CO;Low-Level Utilities;0;1;1.973299234045903;32.0;0.0;0.23022943658324
CO;OOP System Programming;0;1;0.9641633338454;33.0;0.0;0.257667978319224
CO;Shell Scripting;0;1;-0.4634330858914763;107.0;0.0;0.4557020115748413
CO;Specialized Tools;0;1;2.212220577256194;25.0;0.0;0.2066959840764615
CO;Strongly Typed Systems;0;1;1.0792405680470785;43.0;0.0;0.2853965581916569
CO;Unix Build Tools;0;1;1.2872488211819004;46.0;0.0;0.3033999691827651
CR;Interactive Tools;0;1;1.155325395950293;25.0;0.0;0.1583290853745702
CR;Low-Level C-Based;0;1;1.378051715365754;38.0;0.0;0.2497144895476895
CR;OOP System Programming;0;1;0.9641633338454;33.0;0.0;0.2327582066682843
CR;Typed Scripting;0;1;0.747365478078604;31.0;0.0;0.2207382896126464
CY;Typed Scripting;0;1;0.747365478078604;31.0;0.0;0.1593030716474271
CZ;Dynamic General Purpose;0;1;-1.20746570607327;99.0;0.0;0.2720090645276745
CZ;Dynamic OOP Scripting;0;1;-0.4122572806689877;48.0;0.0;0.3442999705669066
CZ;HTML-Centric Templating;0;1;-0.3300974919836952;51.0;0.0;0.4069084197801849
CZ;Interactive Tools;0;1;1.155325395950293;25.0;0.0;0.5804753014961961
CZ;Modern Contract/Typed;0;1;0.0174954206553288;49.0;0.0;0.4516662312951477
CZ;OOP System Programming;0;1;0.9641633338454;33.0;0.0;0.6012728033695336
CZ;Popular JVM OOP;0;1;-0.3548183360732034;69.0;0.0;0.4179601784300207
CZ;Typed Scripting;0;1;0.747365478078604;31.0;0.0;0.5229106298644735
CZ;Web Markup/Styling;0;1;-1.2565391492115314;111.0;0.0;0.2828146143437077
DE;Dynamic General Purpose;0;1;-1.20746570607327;99.0;0.0;0.3002590991731285
DE;Dynamic OOP Scripting;0;1;-0.4122572806689877;48.0;0.0;0.3986909480231445
DE;Enterprise OOP;0;1;0.6547672714360266;37.0;0.0;0.6157309258494765
DE;Graphics/Hardware Languages;0;1;1.6583031646204731;35.0;0.0;0.7775427742696926
DE;HTML-Centric Templating;0;1;-0.3300974919836952;51.0;0.0;0.3946760164509623
DE;JavaScript-Based Templating;0;1;-0.4118356804224901;52.0;0.0;0.4247199611715927
DE;Modern Contract/Typed;0;1;0.0174954206553288;49.0;0.0;0.4963543022628202
DE;Popular JVM OOP;0;1;-0.3548183360732034;69.0;0.0;0.4959704685012114
DE;Web Markup/Styling;0;1;-1.2565391492115314;111.0;0.0;0.3058186738836265
DK;Dynamic General Purpose;0;1;-1.20746570607327;99.0;0.0;0.3537854806066203
DK;Dynamic OOP Scripting;0;1;-0.4122572806689877;48.0;0.0;0.3653942105194997
DK;HTML-Centric Templating;0;1;-0.3300974919836952;51.0;0.0;0.4389963183684355
DK;Interactive Tools;0;1;1.155325395950293;25.0;0.0;0.4677529892780612
DK;JavaScript-Based Templating;0;1;-0.4118356804224901;52.0;0.0;0.3836754582887384
DK;Modern Contract/Typed;0;1;0.0174954206553288;49.0;0.0;0.4538520608533492
DK;OOP System Programming;0;1;0.9641633338454;33.0;0.0;0.5372152590794785
DK;Specialized Tools;1;0;2.212220577256194;25.0;1.0;0.5444707001518492
DK;Typed Scripting;0;1;0.747365478078604;31.0;0.0;0.4674041258907251
DK;Web Markup/Styling;0;1;-1.2565391492115314;111.0;0.0;0.3585926928281461
DO;Interactive Tools;0;1;1.155325395950293;25.0;0.0;0.0983900076715948
DO;Low-Level C-Based;0;1;1.378051715365754;38.0;0.0;0.1425440474045622
DO;OOP System Programming;0;1;0.9641633338454;33.0;0.0;0.1480180436660332
DO;Typed Scripting;0;1;0.747365478078604;31.0;0.0;0.1827246375637257
DO;Unix Build Tools;0;1;1.2872488211819004;46.0;0.0;0.1651595493526572
DZ;Interactive Tools;0;1;1.155325395950293;25.0;0.0;0.0689328048838534
DZ;Popular JVM OOP;0;1;-0.3548183360732034;69.0;0.0;0.3291115053877598
DZ;Typed Scripting;0;1;0.747365478078604;31.0;0.0;0.119447134520581
DZ;Unix Build Tools;0;1;1.2872488211819004;46.0;0.0;0.1207675020280946
EC;Interactive Tools;0;1;1.155325395950293;25.0;0.0;0.1213634560479106
EC;Low-Level C-Based;0;1;1.378051715365754;38.0;0.0;0.1494775848009418
EC;OOP System Programming;0;1;0.9641633338454;33.0;0.0;0.1567453491944428
EC;Unix Build Tools;0;1;1.2872488211819004;46.0;0.0;0.1739195065659436
EE;Interactive Tools;0;1;1.155325395950293;25.0;0.0;0.1666290461801133
EE;Low-Level C-Based;0;1;1.378051715365754;38.0;0.0;0.2322366997912286
EE;OOP System Programming;0;1;0.9641633338454;33.0;0.0;0.2251621668654838
EE;Typed Scripting;0;1;0.747365478078604;31.0;0.0;0.1904491584103735
EG;Cross-Platform Build Systems;1;0;1.675673582074391;35.0;1.0;0.2859315714365072
EG;Dynamic General Purpose;0;1;-1.20746570607327;99.0;0.0;0.6401837692526384
EG;Graphics/Hardware Languages;0;1;1.6583031646204731;35.0;0.0;0.2923606886386516
EG;Interactive Tools;0;1;1.155325395950293;25.0;0.0;0.1960124265625682
EG;Low-Level Utilities;0;1;1.973299234045903;32.0;0.0;0.2521203298779214
EG;Strongly Typed Systems;0;1;1.0792405680470785;43.0;0.0;0.3263533193620165
EG;Typed Scripting;0;1;0.747365478078604;31.0;0.0;0.2955233515822209
ES;Dynamic General Purpose;0;1;-1.20746570607327;99.0;0.0;0.3077766932425779
ES;Enterprise OOP;1;0;0.6547672714360266;37.0;1.0;0.5583020776072085
ES;HTML-Centric Templating;0;1;-0.3300974919836952;51.0;0.0;0.4194473373469676
ES;Low-Level C-Based;0;1;1.378051715365754;38.0;0.0;0.6200801917975626
ES;Modern Contract/Typed;0;1;0.0174954206553288;49.0;0.0;0.5030646249875305
ES;OOP System Programming;0;1;0.9641633338454;33.0;0.0;0.6320494349716561
ES;Scientific Tools;0;1;1.1819372675062847;34.0;0.0;0.5954942359735773
ES;Shell Scripting;0;1;-0.4634330858914763;107.0;0.0;0.4603421461897356
ES;Strongly Typed Systems;0;1;1.0792405680470785;43.0;0.0;0.6066903104765895
ES;Unix Build Tools;1;0;1.2872488211819004;46.0;1.0;0.6059796816914224
ES;Web Markup/Styling;0;1;-1.2565391492115314;111.0;0.0;0.3139377537212448
ET;Interactive Tools;0;1;1.155325395950293;25.0;0.0;0.0678810953592729
ET;Typed Scripting;0;1;0.747365478078604;31.0;0.0;0.0808174631468839
FI;Dynamic General Purpose;1;0;-1.20746570607327;99.0;1.0;0.3091801627453772
FI;Dynamic OOP Scripting;0;1;-0.4122572806689877;48.0;0.0;0.3720713637622092
FI;Interactive Tools;0;1;1.155325395950293;25.0;0.0;0.4537221868693809
FI;JavaScript-Based Templating;0;1;-0.4118356804224901;52.0;0.0;0.3878642465966462
FI;Modern Contract/Typed;0;1;0.0174954206553288;49.0;0.0;0.438303621839128
FI;OOP System Programming;0;1;0.9641633338454;33.0;0.0;0.5063651706488662
FI;Popular JVM OOP;0;1;-0.3548183360732034;69.0;0.0;0.3992377088129349
FI;Typed Scripting;1;0;0.747365478078604;31.0;1.0;0.4443144387073497
FI;Web Markup/Styling;0;1;-1.2565391492115314;111.0;0.0;0.3139377537212449
FR;Dynamic General Purpose;0;1;-1.20746570607327;99.0;0.0;0.3538688550325293
FR;Enterprise OOP;0;1;0.6547672714360266;37.0;0.0;0.68848525007761
FR;HTML-Centric Templating;0;1;-0.3300974919836952;51.0;0.0;0.5591619752608119
FR;Modern Contract/Typed;0;1;0.0174954206553288;49.0;0.0;0.6169317104984208
FR;Popular JVM OOP;0;1;-0.3548183360732034;69.0;0.0;0.5663547059168446
FR;Shell Scripting;1;0;-0.4634330858914763;107.0;1.0;0.5565612013359509
FR;Strongly Typed Systems;0;1;1.0792405680470785;43.0;0.0;0.773168596683141
FR;Web Markup/Styling;0;1;-1.2565391492115314;111.0;0.0;0.3531799729364004
GB;Cross-Platform Build Systems;0;1;1.675673582074391;35.0;0.0;0.7321676761976087
GB;Dynamic General Purpose;0;1;-1.20746570607327;99.0;0.0;0.2630880009554258
GB;Dynamic OOP Scripting;0;1;-0.4122572806689877;48.0;0.0;0.3704076397459008
GB;Enterprise OOP;0;1;0.6547672714360266;37.0;0.0;0.5619105502480131
GB;HTML-Centric Templating;0;1;-0.3300974919836952;51.0;0.0;0.3477851370222755
GB;JavaScript-Based Templating;0;1;-0.4118356804224901;52.0;0.0;0.3781653743400813
GB;Low-Level C-Based;0;1;1.378051715365754;38.0;0.0;0.6699662974587653
GB;Modern Contract/Typed;0;1;0.0174954206553288;49.0;0.0;0.4591142431230931
GB;OOP System Programming;0;1;0.9641633338454;33.0;0.0;0.6657351998830339
GB;Popular JVM OOP;0;1;-0.3548183360732034;69.0;0.0;0.4366826480471065
GB;Web Markup/Styling;0;1;-1.2565391492115314;111.0;0.0;0.2733423545331528
GE;Interactive Tools;0;1;1.155325395950293;25.0;0.0;0.0565689695414195
GE;Low-Level C-Based;0;1;1.378051715365754;38.0;0.0;0.0815032136261512
GE;OOP System Programming;0;1;0.9641633338454;33.0;0.0;0.0777801554287963
GE;Popular JVM OOP;0;1;-0.3548183360732034;69.0;0.0;0.2760645081393501
GE;Typed Scripting;1;0;0.747365478078604;31.0;1.0;0.1063892145381948
GE;Unix Build Tools;1;0;1.2872488211819004;46.0;1.0;0.099665348648688
GH;Interactive Tools;0;1;1.155325395950293;25.0;0.0;0.0799765432235795
GH;Low-Level C-Based;1;0;1.378051715365754;38.0;1.0;0.1132965779177467
GH;OOP System Programming;0;1;0.9641633338454;33.0;0.0;0.1171679552354208
GH;Popular JVM OOP;0;1;-0.3548183360732034;69.0;0.0;0.3665564446219313
GH;Typed Scripting;0;1;0.747365478078604;31.0;0.0;0.1465302278173821
GR;Dynamic OOP Scripting;0;1;-0.4122572806689877;48.0;0.0;0.4018681601078004
GR;Interactive Tools;0;1;1.155325395950293;25.0;0.0;0.3092907072806994
GR;Modern Contract/Typed;0;1;0.0174954206553288;49.0;0.0;0.4032493922576023
GR;Typed Scripting;0;1;0.747365478078604;31.0;0.0;0.3260071517282091
GR;Web Markup/Styling;0;1;-1.2565391492115314;111.0;0.0;0.4167794316644113
GT;Interactive Tools;0;1;1.155325395950293;25.0;0.0;0.1042277192671766
GT;Low-Level C-Based;0;1;1.378051715365754;38.0;0.0;0.1631025702712448
GT;Typed Scripting;0;1;0.747365478078604;31.0;0.0;0.1819655952900522
GT;Unix Build Tools;0;1;1.2872488211819004;46.0;0.0;0.1874671469142448
HK;Data/Document DSLs;0;1;1.857410498538032;32.0;0.0;0.5969272265215697
HK;Dynamic General Purpose;0;1;-1.20746570607327;99.0;0.0;0.3151275384602096
HK;Dynamic OOP Scripting;0;1;-0.4122572806689877;48.0;0.0;0.3769345570406493
HK;Enterprise OOP;0;1;0.6547672714360266;37.0;0.0;0.510611061338018
HK;Graphics/Hardware Languages;0;1;1.6583031646204731;35.0;0.0;0.5901304894828457
HK;HTML-Centric Templating;0;1;-0.3300974919836952;51.0;0.0;0.4176509791141817
HK;Modern Contract/Typed;0;1;0.0174954206553288;49.0;0.0;0.4373789393751947
HK;Pascal-Based Systems;1;0;2.1680982060981715;22.0;1.0;0.6010027281041619
HK;Specialized Tools;0;1;2.212220577256194;25.0;0.0;0.6072915606882606
HK;Typed Scripting;1;0;0.747365478078604;31.0;1.0;0.485090872583602
HK;Web Markup/Styling;0;1;-1.2565391492115314;111.0;0.0;0.3098782138024357
HR;Dynamic OOP Scripting;0;1;-0.4122572806689877;48.0;0.0;0.5240469525652978
HR;Interactive Tools;0;1;1.155325395950293;25.0;0.0;0.2343785137716405
HR;Typed Scripting;0;1;0.747365478078604;31.0;0.0;0.2875137622766922
HU;Dynamic General Purpose;0;1;-1.20746570607327;99.0;0.0;0.2795266585971239
HU;Dynamic OOP Scripting;0;1;-0.4122572806689877;48.0;0.0;0.34257691141158
HU;Interactive Tools;0;1;1.155325395950293;25.0;0.0;0.3665978742744467
HU;JavaScript-Based Templating;0;1;-0.4118356804224901;52.0;0.0;0.3643683574415579
HU;Modern Contract/Typed;0;1;0.0174954206553288;49.0;0.0;0.4021878765531522
HU;Typed Scripting;0;1;0.747365478078604;31.0;0.0;0.3776132770452275
HU;Web Markup/Styling;0;1;-1.2565391492115314;111.0;0.0;0.2787550744248985
ID;Cross-Platform Build Systems;1;0;1.675673582074391;35.0;1.0;0.291741968432618
ID;Data/Document DSLs;0;1;1.857410498538032;32.0;0.0;0.2792370693533987
ID;Enterprise OOP;0;1;0.6547672714360266;37.0;0.0;0.3683979992214364
ID;Functional JVM;0;1;2.072695561823899;32.0;0.0;0.2837680344892821
ID;Functional Lisp;0;1;2.271061865195928;25.0;0.0;0.2755257087865309
ID;Graphics/Hardware Languages;0;1;1.6583031646204731;35.0;0.0;0.3126129270009052
ID;Interactive Tools;0;1;1.155325395950293;25.0;0.0;0.3270993896159652
ID;Low-Level C-Based;0;1;1.378051715365754;38.0;0.0;0.3060622063311701
ID;Low-Level Hardware;0;1;1.8984509317220128;38.0;0.0;0.2964311398912578
ID;Low-Level Utilities;0;1;1.973299234045903;32.0;0.0;0.2740219843047989
ID;Shell Scripting;0;1;-0.4634330858914763;107.0;0.0;0.4943782984473396
ID;Specialized Tools;0;1;2.212220577256194;25.0;0.0;0.2849059297746887
ID;Text Parsing DSLs;0;1;2.073024704716692;31.0;0.0;0.2872651357567235
ID;Typed Scripting;0;1;0.747365478078604;31.0;0.0;0.3612571293258619
ID;Unix Build Tools;0;1;1.2872488211819004;46.0;0.0;0.3195563053638734
ID;Unix-Like Scripting;0;1;2.24682044305651;27.0;0.0;0.2821441162282676
IE;Dynamic General Purpose;1;0;-1.20746570607327;99.0;1.0;0.349324948820496
IE;Dynamic OOP Scripting;0;1;-0.4122572806689877;48.0;0.0;0.3610429323230006
IE;Low-Level C-Based;1;0;1.378051715365754;38.0;1.0;0.5823836618165835
IE;Modern Contract/Typed;0;1;0.0174954206553288;49.0;0.0;0.4464040490254037
IE;OOP System Programming;0;1;0.9641633338454;33.0;0.0;0.5138091024271361
IE;Typed Scripting;0;1;0.747365478078604;31.0;0.0;0.4800950151095996
IE;Web Markup/Styling;0;1;-1.2565391492115314;111.0;0.0;0.3545331529093369
IL;Database Scripting;0;1;-0.4201486387872639;48.0;0.0;0.3164066690467853
IL;Dynamic OOP Scripting;0;1;-0.4122572806689877;48.0;0.0;0.3387498708264742
IL;HTML-Centric Templating;0;1;-0.3300974919836952;51.0;0.0;0.3865210808981472
IL;Interactive Tools;1;0;1.155325395950293;25.0;1.0;0.3928577464753958
IL;JavaScript-Based Templating;1;0;-0.4118356804224901;52.0;1.0;0.3277312386059439
IL;Low-Level C-Based;0;1;1.378051715365754;38.0;0.0;0.4673745541887012
IL;OOP System Programming;0;1;0.9641633338454;33.0;0.0;0.4173476555541616
IL;Web Markup/Styling;0;1;-1.2565391492115314;111.0;0.0;0.3044654939106901
IN;Batch/High-Level Tools;0;1;2.063356409533316;29.0;0.0;0.2961419093628532
IN;Cross-Platform Build Systems;0;1;1.675673582074391;35.0;0.0;0.2533510982810473
IN;Database Scripting;0;1;-0.4201486387872639;48.0;0.0;0.3596209614916042
IN;Debugging/Testing Tools;0;1;2.271994959243408;20.0;0.0;0.2981878102531973
IN;Desktop Automation;0;1;2.268219095786303;19.0;0.0;0.2929831100373887
IN;Event Scripting;0;1;2.444536615566927;11.0;0.0;0.2804545704057022
IN;Functional Lisp;0;1;2.271061865195928;25.0;0.0;0.2784031805378556
IN;Game Scripting;0;1;2.247601433928509;14.0;0.0;0.2819380030984447
IN;Graphics/Hardware Languages;0;1;1.6583031646204731;35.0;0.0;0.290216829577136
IN;HTML-Centric Templating;0;1;-0.3300974919836952;51.0;0.0;0.3438171559659767
IN;Installer & Scripting Utilities;0;1;2.3709274578314825;20.0;0.0;0.2885516879240535
IN;JavaScript-Based Templating;0;1;-0.4118356804224901;52.0;0.0;0.3463866535734761
IN;Low-Level C-Based;0;1;1.378051715365754;38.0;0.0;0.2548091552513882
IN;Low-Level Hardware;0;1;1.8984509317220128;38.0;0.0;0.2736742275937827
IN;Low-Level Languages;0;1;2.2752759337772477;17.0;0.0;0.293079872390106
IN;Low-Level Utilities;0;1;1.973299234045903;32.0;0.0;0.266835610725374
IN;Pure Functional;0;1;2.077565310264836;28.0;0.0;0.2908304821882603
IN;Scientific Tools;0;1;1.1819372675062847;34.0;0.0;0.2787860899012614
IN;Shell Scripting;0;1;-0.4634330858914763;107.0;0.0;0.3877826785304541
IN;Strongly Typed Systems;0;1;1.0792405680470785;43.0;0.0;0.2604620162026182
IN;Text Parsing DSLs;0;1;2.073024704716692;31.0;0.0;0.2785249920937652
IN;Unix Build Tools;0;1;1.2872488211819004;46.0;0.0;0.2675686928165182
IN;Unix-Like Scripting;0;1;2.24682044305651;27.0;0.0;0.2777950821086779
IR;Interactive Tools;1;0;1.155325395950293;25.0;1.0;0.1435279313719645
IR;Low-Level Utilities;0;1;1.973299234045903;32.0;0.0;0.1570313448847833
IR;OOP System Programming;0;1;0.9641633338454;33.0;0.0;0.213713311701638
IR;Popular JVM OOP;0;1;-0.3548183360732034;69.0;0.0;0.3977605606504075
IR;Typed Scripting;0;1;0.747365478078604;31.0;0.0;0.2006769174812843
IS;Popular JVM OOP;0;1;-0.3548183360732034;69.0;0.0;0.2230175108909403
IS;Typed Scripting;0;1;0.747365478078604;31.0;0.0;0.0840973579367116
IT;Dynamic General Purpose;0;1;-1.20746570607327;99.0;0.0;0.4727329949032687
IT;Dynamic OOP Scripting;0;1;-0.4122572806689877;48.0;0.0;0.5447734341302759
IT;HTML-Centric Templating;0;1;-0.3300974919836952;51.0;0.0;0.5613203516606621
IT;Typed Scripting;0;1;0.747365478078604;31.0;0.0;0.7431919862695722
IT;Web Markup/Styling;0;1;-1.2565391492115314;111.0;0.0;0.4749661705006764
JO;Interactive Tools;0;1;1.155325395950293;25.0;0.0;0.0648717534115233
JO;OOP System Programming;1;0;0.9641633338454;33.0;1.0;0.0959121029404637
JO;Typed Scripting;0;1;0.747365478078604;31.0;0.0;0.1039528131931961
JP;Data/Document DSLs;0;1;1.857410498538032;32.0;0.0;0.6693014497667439
JP;Database Scripting;0;1;-0.4201486387872639;48.0;0.0;0.515112446641956
JP;Dynamic General Purpose;0;1;-1.20746570607327;99.0;0.0;0.3746012956085338
JP;Dynamic OOP Scripting;0;1;-0.4122572806689877;48.0;0.0;0.4758151340161934
JP;Enterprise OOP;0;1;0.6547672714360266;37.0;0.0;0.543178116154757
JP;HTML-Centric Templating;0;1;-0.3300974919836952;51.0;0.0;0.4584256568782572
JP;Low-Level C-Based;0;1;1.378051715365754;38.0;0.0;0.6228603396404331
JP;Popular JVM OOP;0;1;-0.3548183360732034;69.0;0.0;0.4756877930827017
JP;Scientific Tools;0;1;1.1819372675062847;34.0;0.0;0.5882830705713479
JP;Web Markup/Styling;0;1;-1.2565391492115314;111.0;0.0;0.3721244925575101
KE;Interactive Tools;0;1;1.155325395950293;25.0;0.0;0.0799765432235795
KE;Low-Level C-Based;1;0;1.378051715365754;38.0;1.0;0.1132965779177467
KE;OOP System Programming;0;1;0.9641633338454;33.0;0.0;0.1171679552354208
KE;Popular JVM OOP;0;1;-0.3548183360732034;69.0;0.0;0.3665564446219313
KE;Strongly Typed Systems;0;1;1.0792405680470785;43.0;0.0;0.1597388568015209
KE;Typed Scripting;0;1;0.747365478078604;31.0;0.0;0.1465302278173821
KE;Unix Build Tools;0;1;1.2872488211819004;46.0;0.0;0.1369238382092029
KG;Interactive Tools;0;1;1.155325395950293;25.0;0.0;0.0621174046763836
KH;Interactive Tools;0;1;1.155325395950293;25.0;0.0;0.1006297681705997
KH;Popular JVM OOP;0;1;-0.3548183360732034;69.0;0.0;0.3962003548489838
KH;Typed Scripting;0;1;0.747365478078604;31.0;0.0;0.1662270229423283
KR;Data/Document DSLs;0;1;1.857410498538032;32.0;0.0;0.3827578158487291
KR;Database Scripting;0;1;-0.4201486387872639;48.0;0.0;0.3026038006361106
KR;Debugging/Testing Tools;0;1;2.271994959243408;20.0;0.0;0.3965699876698917
KR;Dynamic General Purpose;0;1;-1.20746570607327;99.0;0.0;0.2289739650210483
KR;Dynamic OOP Scripting;0;1;-0.4122572806689877;48.0;0.0;0.2766208320021022
KR;Enterprise OOP;0;1;0.6547672714360266;37.0;0.0;0.3855345824830638
KR;Functional JVM;0;1;2.072695561823899;32.0;0.0;0.3874343964237512
KR;Functional Lisp;0;1;2.271061865195928;25.0;0.0;0.3818103927388852
KR;HTML-Centric Templating;0;1;-0.3300974919836952;51.0;0.0;0.3073169734957601
KR;JavaScript-Based Templating;0;1;-0.4118356804224901;52.0;0.0;0.3003558005482296
KR;Pascal-Based Systems;0;1;2.1680982060981715;22.0;0.0;0.3793915082672247
KR;Pure Functional;0;1;2.077565310264836;28.0;0.0;0.3809754385938594
KR;Shell Scripting;0;1;-0.4634330858914763;107.0;0.0;0.2980904061392551
KR;Specialized Tools;0;1;2.212220577256194;25.0;0.0;0.3675282318705647
KR;Strongly Typed Systems;0;1;1.0792405680470785;43.0;0.0;0.375817734274353
KR;Text Parsing DSLs;0;1;2.073024704716692;31.0;0.0;0.3875476019219019
KR;Typed Scripting;1;0;0.747365478078604;31.0;1.0;0.3502937015985608
KR;Web Markup/Styling;0;1;-1.2565391492115314;111.0;0.0;0.2327469553450608
KZ;Interactive Tools;0;1;1.155325395950293;25.0;0.0;0.1184661169143076
KZ;Low-Level C-Based;0;1;1.378051715365754;38.0;0.0;0.1661712854206438
KZ;OOP System Programming;0;1;0.9641633338454;33.0;0.0;0.1702118274040634
KZ;Typed Scripting;0;1;0.747365478078604;31.0;0.0;0.1859088811650059
KZ;Unix Build Tools;1;0;1.2872488211819004;46.0;1.0;0.1992076849363739
LB;Interactive Tools;0;1;1.155325395950293;25.0;0.0;0.047403669256611
LB;OOP System Programming;0;1;0.9641633338454;33.0;0.0;0.0715117012353698
LB;Typed Scripting;0;1;0.747365478078604;31.0;0.0;0.0829292775352802
LK;Interactive Tools;1;0;1.155325395950293;25.0;1.0;0.2923856710903043
LK;JavaScript-Based Templating;0;1;-0.4118356804224901;52.0;0.0;0.5751893951624582
LK;Low-Level C-Based;0;1;1.378051715365754;38.0;0.0;0.3696000632925051
LK;OOP System Programming;0;1;0.9641633338454;33.0;0.0;0.3498474647084805
LK;Strongly Typed Systems;0;1;1.0792405680470785;43.0;0.0;0.3756155509190674
LT;Interactive Tools;0;1;1.155325395950293;25.0;0.0;0.1843707348700637
LT;Low-Level C-Based;0;1;1.378051715365754;38.0;0.0;0.2682790359264961
LT;Modern Contract/Typed;0;1;0.0174954206553288;49.0;0.0;0.4302270951621753
LT;OOP System Programming;0;1;0.9641633338454;33.0;0.0;0.2525277509947653
LT;Typed Scripting;0;1;0.747365478078604;31.0;0.0;0.2413703461336724
LU;Typed Scripting;0;1;0.747365478078604;31.0;0.0;0.1396062765224809
LV;Interactive Tools;0;1;1.155325395950293;25.0;0.0;0.1324426264318415
LV;Low-Level C-Based;0;1;1.378051715365754;38.0;0.0;0.1922527983751931
LV;OOP System Programming;0;1;0.9641633338454;33.0;0.0;0.18482753271328
LV;Typed Scripting;0;1;0.747365478078604;31.0;0.0;0.1856565542088245
MA;Interactive Tools;0;1;1.155325395950293;25.0;0.0;0.0676127078811456
MA;Modern Contract/Typed;0;1;0.0174954206553288;49.0;0.0;0.2883910438299973
MA;OOP System Programming;0;1;0.9641633338454;33.0;0.0;0.0968890880082478
MA;Popular JVM OOP;0;1;-0.3548183360732034;69.0;0.0;0.3244308879834883
MA;Typed Scripting;0;1;0.747365478078604;31.0;0.0;0.1233161478486955
MD;Interactive Tools;0;1;1.155325395950293;25.0;0.0;0.0627021380749904
MD;Low-Level C-Based;0;1;1.378051715365754;38.0;0.0;0.078925746463584
MD;OOP System Programming;0;1;0.9641633338454;33.0;0.0;0.0918023325112881
MD;Typed Scripting;0;1;0.747365478078604;31.0;0.0;0.0994885670453718
MD;Unix Build Tools;1;0;1.2872488211819004;46.0;1.0;0.0955883874299258
MK;Interactive Tools;0;1;1.155325395950293;25.0;0.0;0.0830587304073204
MM;Interactive Tools;0;1;1.155325395950293;25.0;0.0;0.0799765432235795
MM;OOP System Programming;0;1;0.9641633338454;33.0;0.0;0.1171679552354208
MM;Popular JVM OOP;0;1;-0.3548183360732034;69.0;0.0;0.3665564446219313
MM;Typed Scripting;0;1;0.747365478078604;31.0;0.0;0.1465302278173821
MX;Cross-Platform Build Systems;1;0;1.675673582074391;35.0;1.0;0.3617379752706812
MX;Data/Document DSLs;0;1;1.857410498538032;32.0;0.0;0.3914508704911252
MX;Database Scripting;0;1;-0.4201486387872639;48.0;0.0;0.5335234477075997
MX;Functional JVM;0;1;2.072695561823899;32.0;0.0;0.3520453616051507
MX;Functional Lisp;0;1;2.271061865195928;25.0;0.0;0.3218835771259848
MX;Interactive Tools;0;1;1.155325395950293;25.0;0.0;0.337109754433618
MX;Low-Level Utilities;0;1;1.973299234045903;32.0;0.0;0.3424619784752291
MX;OOP System Programming;0;1;0.9641633338454;33.0;0.0;0.3795140906838923
MX;Shell Scripting;0;1;-0.4634330858914763;107.0;0.0;0.5217346964791066
MX;Specialized Tools;0;1;2.212220577256194;25.0;0.0;0.3353445493035448
MX;Strongly Typed Systems;0;1;1.0792405680470785;43.0;0.0;0.394877361759423
MX;Text Parsing DSLs;0;1;2.073024704716692;31.0;0.0;0.3511283487662033
MY;Cross-Platform Build Systems;1;0;1.675673582074391;35.0;1.0;0.196240198377497
MY;Interactive Tools;0;1;1.155325395950293;25.0;0.0;0.1446669761231159
MY;Low-Level C-Based;1;0;1.378051715365754;38.0;1.0;0.2340843421614711
MY;Typed Scripting;0;1;0.747365478078604;31.0;0.0;0.2382658219722418
NG;Interactive Tools;0;1;1.155325395950293;25.0;0.0;0.0888857775144509
NG;Low-Level C-Based;1;0;1.378051715365754;38.0;1.0;0.1468895666032062
NG;OOP System Programming;0;1;0.9641633338454;33.0;0.0;0.1441452718181758
NG;Popular JVM OOP;0;1;-0.3548183360732034;69.0;0.0;0.3899595316432885
NG;Strongly Typed Systems;0;1;1.0792405680470785;43.0;0.0;0.1867123881153183
NG;Typed Scripting;0;1;0.747365478078604;31.0;0.0;0.1704270748439713
NG;Unix Build Tools;0;1;1.2872488211819004;46.0;0.0;0.1692365105714194
NL;Dynamic General Purpose;0;1;-1.20746570607327;99.0;0.0;0.3760881395372419
NL;Enterprise OOP;0;1;0.6547672714360266;37.0;0.0;0.6129126041423556
NL;HTML-Centric Templating;0;1;-0.3300974919836952;51.0;0.0;0.48696793131311
NL;Low-Level C-Based;0;1;1.378051715365754;38.0;0.0;0.6965159049352884
NL;Modern Contract/Typed;0;1;0.0174954206553288;49.0;0.0;0.549099116794376
NL;OOP System Programming;0;1;0.9641633338454;33.0;0.0;0.697466405646098
NL;Popular JVM OOP;0;1;-0.3548183360732034;69.0;0.0;0.5053317033097542
NL;Web Markup/Styling;0;1;-1.2565391492115314;111.0;0.0;0.3761840324763192
NO;Dynamic General Purpose;0;1;-1.20746570607327;99.0;0.0;0.2259169027377231
NO;Dynamic OOP Scripting;0;1;-0.4122572806689877;48.0;0.0;0.2572744066369261
NO;Graphics/Hardware Languages;0;1;1.6583031646204731;35.0;0.0;0.5325551481787034
NO;HTML-Centric Templating;1;0;-0.3300974919836952;51.0;1.0;0.3172041286992189
NO;Interactive Tools;0;1;1.155325395950293;25.0;0.0;0.4865864194773691
NO;Modern Contract/Typed;0;1;0.0174954206553288;49.0;0.0;0.3436700597899392
NO;OOP System Programming;0;1;0.9641633338454;33.0;0.0;0.4939158981479065
NO;Popular JVM OOP;0;1;-0.3548183360732034;69.0;0.0;0.3415100941602538
NO;Web Markup/Styling;0;1;-1.2565391492115314;111.0;0.0;0.230040595399188
NP;Cross-Platform Build Systems;1;0;1.675673582074391;35.0;1.0;0.1519149528860305
NP;Interactive Tools;0;1;1.155325395950293;25.0;0.0;0.1153026931443605
NP;Low-Level C-Based;1;0;1.378051715365754;38.0;1.0;0.1812637875836763
NP;OOP System Programming;1;0;0.9641633338454;33.0;1.0;0.1761416240442342
NP;Popular JVM OOP;0;1;-0.3548183360732034;69.0;0.0;0.4164830302674934
NP;Typed Scripting;0;1;0.747365478078604;31.0;0.0;0.1874327380768464
NP;Unix Build Tools;0;1;1.2872488211819004;46.0;0.0;0.2127883733204938
NZ;Dynamic OOP Scripting;0;1;-0.4122572806689877;48.0;0.0;0.2986115495036668
NZ;Interactive Tools;0;1;1.155325395950293;25.0;0.0;0.3490874976627718
NZ;Modern Contract/Typed;0;1;0.0174954206553288;49.0;0.0;0.3678760982307619
NZ;Popular JVM OOP;0;1;-0.3548183360732034;69.0;0.0;0.3555519463730681
NZ;Typed Scripting;0;1;0.747365478078604;31.0;0.0;0.3530920755676368
NZ;Web Markup/Styling;0;1;-1.2565391492115314;111.0;0.0;0.2855209742895804
PA;Typed Scripting;0;1;0.747365478078604;31.0;0.0;0.0638117999140088
PE;Cross-Platform Build Systems;1;0;1.675673582074391;35.0;1.0;0.2133514722296762
PE;Interactive Tools;0;1;1.155325395950293;25.0;0.0;0.1901696616685448
PE;Low-Level C-Based;0;1;1.378051715365754;38.0;0.0;0.2484884988212434
PE;OOP System Programming;0;1;0.9641633338454;33.0;0.0;0.2354043066746457
PE;Strongly Typed Systems;0;1;1.0792405680470785;43.0;0.0;0.2749225041594163
PE;Unix Build Tools;0;1;1.2872488211819004;46.0;0.0;0.2792869164427364
PH;Cross-Platform Build Systems;1;0;1.675673582074391;35.0;1.0;0.1088871919651076
PH;Database Scripting;0;1;-0.4201486387872639;48.0;0.0;0.3491762796551318
PH;Interactive Tools;0;1;1.155325395950293;25.0;0.0;0.0759674768700277
PH;Low-Level C-Based;0;1;1.378051715365754;38.0;0.0;0.1504194742313082
PH;Low-Level Utilities;0;1;1.973299234045903;32.0;0.0;0.0867123025419699
PH;OOP System Programming;0;1;0.9641633338454;33.0;0.0;0.1341105481928463
PH;Strongly Typed Systems;0;1;1.0792405680470785;43.0;0.0;0.1670395542086088
PH;Typed Scripting;0;1;0.747365478078604;31.0;0.0;0.1727709356272035
PH;Unix Build Tools;0;1;1.2872488211819004;46.0;0.0;0.1624417897475888
PK;Cross-Platform Build Systems;1;0;1.675673582074391;35.0;1.0;0.1259950268672661
PK;Database Scripting;0;1;-0.4201486387872639;48.0;0.0;0.3059295151991343
PK;Graphics/Hardware Languages;0;1;1.6583031646204731;35.0;0.0;0.1464649610604791
PK;Interactive Tools;0;1;1.155325395950293;25.0;0.0;0.0864264818111469
PK;JavaScript-Based Templating;0;1;-0.4118356804224901;52.0;0.0;0.3680334119432006
PK;Low-Level Utilities;0;1;1.973299234045903;32.0;0.0;0.1064962355428595
PK;Strongly Typed Systems;0;1;1.0792405680470785;43.0;0.0;0.169358545588528
PK;Typed Scripting;0;1;0.747365478078604;31.0;0.0;0.1737178969312875
PK;Unix Build Tools;0;1;1.2872488211819004;46.0;0.0;0.1733027381502736
PL;Dynamic General Purpose;0;1;-1.20746570607327;99.0;0.0;0.2795266585971239
PL;Dynamic OOP Scripting;0;1;-0.4122572806689877;48.0;0.0;0.4322900295217511
PL;Functional Lisp;0;1;2.271061865195928;25.0;0.0;0.7437350005903804
PL;HTML-Centric Templating;0;1;-0.3300974919836952;51.0;0.0;0.3990599984649299
PL;Interactive Tools;0;1;1.155325395950293;25.0;0.0;0.7081388705999451
PL;Low-Level C-Based;0;1;1.378051715365754;38.0;0.0;0.6587563300867428
PL;Modern Contract/Typed;0;1;0.0174954206553288;49.0;0.0;0.5049266279445168
PL;Shell Scripting;0;1;-0.4634330858914763;107.0;0.0;0.4527955536292481
PL;Strongly Typed Systems;1;0;1.0792405680470785;43.0;1.0;0.6155162085902952
PL;Unix Build Tools;0;1;1.2872488211819004;46.0;0.0;0.6291605118643168
PL;Web Markup/Styling;0;1;-1.2565391492115314;111.0;0.0;0.290933694181326
PS;Typed Scripting;0;1;0.747365478078604;31.0;0.0;0.1248931913248291
PT;Database Scripting;0;1;-0.4201486387872639;48.0;0.0;0.4087300314026038
PT;Dynamic General Purpose;0;1;-1.20746570607327;99.0;0.0;0.335943353462123
PT;Dynamic OOP Scripting;0;1;-0.4122572806689877;48.0;0.0;0.4187366023797651
PT;Interactive Tools;0;1;1.155325395950293;25.0;0.0;0.5124806487531532
PT;OOP System Programming;0;1;0.9641633338454;33.0;0.0;0.5456048391951849
PT;Popular JVM OOP;0;1;-0.3548183360732034;69.0;0.0;0.4398030596499541
PT;Typed Scripting;0;1;0.747365478078604;31.0;0.0;0.505562690207628
PT;Web Markup/Styling;0;1;-1.2565391492115314;111.0;0.0;0.3464140730717185
PY;Typed Scripting;0;1;0.747365478078604;31.0;0.0;0.0638117999140088
RO;Dynamic General Purpose;0;1;-1.20746570607327;99.0;0.0;0.2899345660980807
RO;Dynamic OOP Scripting;0;1;-0.4122572806689877;48.0;0.0;0.3919297042093265
RO;HTML-Centric Templating;0;1;-0.3300974919836952;51.0;0.0;0.4622607489992469
RO;Interactive Tools;0;1;1.155325395950293;25.0;0.0;0.5010428040222917
RO;JavaScript-Based Templating;0;1;-0.4118356804224901;52.0;0.0;0.3915251997599395
RO;Shell Scripting;0;1;-0.4634330858914763;107.0;0.0;0.4433623129286387
RO;Strongly Typed Systems;1;0;1.0792405680470785;43.0;1.0;0.5678058100960878
RO;Typed Scripting;0;1;0.747365478078604;31.0;0.0;0.5241972913064417
RO;Web Markup/Styling;0;1;-1.2565391492115314;111.0;0.0;0.3031123139377536
RS;Cross-Platform Build Systems;1;0;1.675673582074391;35.0;1.0;0.1552508643614515
RS;Interactive Tools;0;1;1.155325395950293;25.0;0.0;0.1350250289432455
RS;Low-Level Utilities;0;1;1.973299234045903;32.0;0.0;0.1251447227157207
RS;Modern Contract/Typed;0;1;0.0174954206553288;49.0;0.0;0.391925520317998
RS;OOP System Programming;0;1;0.9641633338454;33.0;0.0;0.1837585560802948
RU;Batch/High-Level Tools;0;1;2.063356409533316;29.0;0.0;0.5393991105540618
RU;Data/Document DSLs;0;1;1.857410498538032;32.0;0.0;0.5088836929290911
RU;Dynamic General Purpose;0;1;-1.20746570607327;99.0;0.0;0.3003424735990374
RU;Dynamic OOP Scripting;0;1;-0.4122572806689877;48.0;0.0;0.3962809824058255
RU;Enterprise OOP;0;1;0.6547672714360266;37.0;0.0;0.4376439739286256
RU;Functional Lisp;0;1;2.271061865195928;25.0;0.0;0.5374856569893273
RU;HTML-Centric Templating;0;1;-0.3300974919836952;51.0;0.0;0.3766339256946884
RU;Interactive Tools;1;0;1.155325395950293;25.0;1.0;0.5467064919453569
RU;JavaScript-Based Templating;0;1;-0.4118356804224901;52.0;0.0;0.4283809143348861
RU;Pure Functional;0;1;2.077565310264836;28.0;0.0;0.535075932290799
RU;Scientific Tools;0;1;1.1819372675062847;34.0;0.0;0.4600728531672828
RU;Shell Scripting;0;1;-0.4634330858914763;107.0;0.0;0.3933661372154093
RU;Specialized Tools;0;1;2.212220577256194;25.0;0.0;0.5476946176855203
RU;Unix-Like Scripting;0;1;2.24682044305651;27.0;0.0;0.5526781760446383
RU;Web Markup/Styling;0;1;-1.2565391492115314;111.0;0.0;0.2963464140730716
SA;OOP System Programming;1;0;0.9641633338454;33.0;1.0;0.1509014831505201
SA;Typed Scripting;0;1;0.747365478078604;31.0;0.0;0.1780602918908804
SA;Unix Build Tools;0;1;1.2872488211819004;46.0;0.0;0.1867977455508849
SE;Dynamic General Purpose;0;1;-1.20746570607327;99.0;0.0;0.3478381048917879
SE;Dynamic OOP Scripting;0;1;-0.4122572806689877;48.0;0.0;0.464936938524946
SE;HTML-Centric Templating;0;1;-0.3300974919836952;51.0;0.0;0.5006901786375585
SE;Interactive Tools;0;1;1.155325395950293;25.0;0.0;0.7499516870960046
SE;JavaScript-Based Templating;0;1;-0.4118356804224901;52.0;0.0;0.479033645808356
SE;Low-Level C-Based;0;1;1.378051715365754;38.0;0.0;0.7669565805806934
SE;Popular JVM OOP;0;1;-0.3548183360732034;69.0;0.0;0.5224939671254163
SE;Typed Scripting;1;0;0.747365478078604;31.0;1.0;0.6867199604826331
SE;Web Markup/Styling;0;1;-1.2565391492115314;111.0;0.0;0.3572395128552097
SG;Dynamic OOP Scripting;0;1;-0.4122572806689877;48.0;0.0;0.4148972392652071
SG;HTML-Centric Templating;0;1;-0.3300974919836952;51.0;0.0;0.4701091703145018
SG;Low-Level C-Based;0;1;1.378051715365754;38.0;0.0;0.6591054063800078
SG;OOP System Programming;0;1;0.9641633338454;33.0;0.0;0.5987411170377497
SG;Web Markup/Styling;0;1;-1.2565391492115314;111.0;0.0;0.3396481732070365
SI;Typed Scripting;0;1;0.747365478078604;31.0;0.0;0.2182386640933203
SI;Web Markup/Styling;0;1;-1.2565391492115314;111.0;0.0;0.5277401894451962
SK;Interactive Tools;0;1;1.155325395950293;25.0;0.0;0.1972770411217424
SK;Modern Contract/Typed;0;1;0.0174954206553288;49.0;0.0;0.3548024826291773
SK;Popular JVM OOP;0;1;-0.3548183360732034;69.0;0.0;0.3793332651038614
SK;Typed Scripting;0;1;0.747365478078604;31.0;0.0;0.2190783774007706
SK;Web Markup/Styling;0;1;-1.2565391492115314;111.0;0.0;0.5047361299052774
SN;Interactive Tools;0;1;1.155325395950293;25.0;0.0;0.0737458764147165
SN;Typed Scripting;0;1;0.747365478078604;31.0;0.0;0.1265716603421729
SV;Interactive Tools;0;1;1.155325395950293;25.0;0.0;0.1003385908889844
SV;Typed Scripting;0;1;0.747365478078604;31.0;0.0;0.1653859330883904
TH;Cross-Platform Build Systems;1;0;1.675673582074391;35.0;1.0;0.2775691521572372
TH;Database Scripting;0;1;-0.4201486387872639;48.0;0.0;0.4773381043532858
TH;Interactive Tools;0;1;1.155325395950293;25.0;0.0;0.2141524140744806
TH;Low-Level C-Based;1;0;1.378051715365754;38.0;1.0;0.3280708858246488
TH;Low-Level Utilities;0;1;1.973299234045903;32.0;0.0;0.2406873960626739
TH;Popular JVM OOP;0;1;-0.3548183360732034;69.0;0.0;0.4620241725793236
TH;Specialized Tools;0;1;2.212220577256194;25.0;0.0;0.1907986048727382
TH;Web Markup/Styling;0;1;-1.2565391492115314;111.0;0.0;0.6143437077131257
TN;Interactive Tools;0;1;1.155325395950293;25.0;0.0;0.128493892885925
TN;OOP System Programming;0;1;0.9641633338454;33.0;0.0;0.1832652734735269
TN;Popular JVM OOP;1;0;-0.3548183360732034;69.0;1.0;0.3558099803635262
TN;Unix Build Tools;0;1;1.2872488211819004;46.0;0.0;0.1954282401049359
TR;Cross-Platform Build Systems;1;0;1.675673582074391;35.0;1.0;0.3312102943048515
TR;Database Scripting;0;1;-0.4201486387872639;48.0;0.0;0.3332689857156317
TR;Dynamic General Purpose;0;1;-1.20746570607327;99.0;0.0;0.4043381741826959
TR;Dynamic OOP Scripting;0;1;-0.4122572806689877;48.0;0.0;0.3854398648761204
TR;Functional JVM;0;1;2.072695561823899;32.0;0.0;0.3041283264539366
TR;Interactive Tools;0;1;1.155325395950293;25.0;0.0;0.2348698681542965
TR;JavaScript-Based Templating;0;1;-0.4118356804224901;52.0;0.0;0.3797959093861125
TR;Low-Level Utilities;0;1;1.973299234045903;32.0;0.0;0.312659296959576
TR;Pascal-Based Systems;0;1;2.1680982060981715;22.0;0.0;0.2352784039250077
TR;Specialized Tools;0;1;2.212220577256194;25.0;0.0;0.2679743834098793
TR;Strongly Typed Systems;0;1;1.0792405680470785;43.0;0.0;0.339707936525193
TR;Text Parsing DSLs;0;1;2.073024704716692;31.0;0.0;0.2999730176123276
TR;Typed Scripting;0;1;0.747365478078604;31.0;0.0;0.305980703338423
TR;Web Markup/Styling;0;1;-1.2565391492115314;111.0;0.0;0.4127198917456021
TW;Data/Document DSLs;0;1;1.857410498538032;32.0;0.0;0.6369133193615916
TW;Dynamic General Purpose;0;1;-1.20746570607327;99.0;0.0;0.3702241382483184
TW;Dynamic OOP Scripting;0;1;-0.4122572806689877;48.0;0.0;0.5356721206417553
TW;Popular JVM OOP;0;1;-0.3548183360732034;69.0;0.0;0.4914648274485015
TW;Specialized Tools;0;1;2.212220577256194;25.0;0.0;0.5999486508064057
TW;Typed Scripting;0;1;0.747365478078604;31.0;0.0;0.530160212676691
TW;Web Markup/Styling;0;1;-1.2565391492115314;111.0;0.0;0.3626522327469552
UA;Batch/High-Level Tools;0;1;2.063356409533316;29.0;0.0;0.3795065740248882
UA;Cross-Platform Build Systems;0;1;1.675673582074391;35.0;0.0;0.3948536405571153
UA;Database Scripting;0;1;-0.4201486387872639;48.0;0.0;0.3988021726774615
UA;Debugging/Testing Tools;0;1;2.271994959243408;20.0;0.0;0.2895423468829194
UA;Dynamic General Purpose;0;1;-1.20746570607327;99.0;0.0;0.4588721843761584
UA;Dynamic OOP Scripting;0;1;-0.4122572806689877;48.0;0.0;0.4563168613061701
UA;Functional Lisp;0;1;2.271061865195928;25.0;0.0;0.354289505766057
UA;HTML-Centric Templating;0;1;-0.3300974919836952;51.0;0.0;0.4838030878491339
UA;Interactive Tools;0;1;1.155325395950293;25.0;0.0;0.3341668463239334
UA;Low-Level Utilities;0;1;1.973299234045903;32.0;0.0;0.3798249354110508
UA;OOP System Programming;0;1;0.9641633338454;33.0;0.0;0.3844139973606469
UA;Pascal-Based Systems;0;1;2.1680982060981715;22.0;0.0;0.3379138775304839
UA;Pure Functional;0;1;2.077565310264836;28.0;0.0;0.3673648914154667
UA;Shell Scripting;0;1;-0.4634330858914763;107.0;0.0;0.4236289931927696
UA;Text Parsing DSLs;0;1;2.073024704716692;31.0;0.0;0.3756176173626654
UG;Typed Scripting;0;1;0.747365478078604;31.0;0.0;0.0952631340651326
US;Cross-Platform Build Systems;0;1;1.675673582074391;35.0;0.0;0.8021370748447314
US;Dynamic General Purpose;0;1;-1.20746570607327;99.0;0.0;0.334456509533415
US;Dynamic OOP Scripting;0;1;-0.4122572806689877;48.0;0.0;0.4378524517916357
US;Enterprise OOP;0;1;0.6547672714360266;37.0;0.0;0.612393619833774
US;HTML-Centric Templating;0;1;-0.3300974919836952;51.0;0.0;0.4334119603268339
US;JavaScript-Based Templating;0;1;-0.4118356804224901;52.0;0.0;0.4693347735517911
US;Modern Contract/Typed;0;1;0.0174954206553288;49.0;0.0;0.5261463495746018
US;Popular JVM OOP;0;1;-0.3548183360732034;69.0;0.0;0.5146929381182971
US;Scientific Tools;1;0;1.1819372675062847;34.0;1.0;0.6841318338156801
US;Typed Scripting;0;1;0.747365478078604;31.0;0.0;0.7027141223958262
US;Web Markup/Styling;0;1;-1.2565391492115314;111.0;0.0;0.3342354533152908
UY;Interactive Tools;0;1;1.155325395950293;25.0;0.0;0.0648717534115233
UY;Low-Level C-Based;0;1;1.378051715365754;38.0;0.0;0.0813252456554025
UY;OOP System Programming;0;1;0.9641633338454;33.0;0.0;0.0959121029404637
UY;Typed Scripting;0;1;0.747365478078604;31.0;0.0;0.1039528131931961
UZ;Interactive Tools;0;1;1.155325395950293;25.0;0.0;0.0799765432235795
UZ;OOP System Programming;0;1;0.9641633338454;33.0;0.0;0.1171679552354208
UZ;Popular JVM OOP;0;1;-0.3548183360732034;69.0;0.0;0.3665564446219313
UZ;Typed Scripting;0;1;0.747365478078604;31.0;0.0;0.1465302278173821
VE;Interactive Tools;0;1;1.155325395950293;25.0;0.0;0.0676127078811456
VE;Low-Level C-Based;0;1;1.378051715365754;38.0;0.0;0.0941005843831985
VE;OOP System Programming;0;1;0.9641633338454;33.0;0.0;0.0968890880082478
VE;Popular JVM OOP;0;1;-0.3548183360732034;69.0;0.0;0.3244308879834883
VE;Unix Build Tools;0;1;1.2872488211819004;46.0;0.0;0.1158216848297962
VN;Batch/High-Level Tools;0;1;2.063356409533316;29.0;0.0;0.1908993321624087
VN;Cross-Platform Build Systems;0;1;1.675673582074391;35.0;0.0;0.2238436624507499
VN;Dynamic General Purpose;0;1;-1.20746570607327;99.0;0.0;0.594174981888596
VN;Functional JVM;0;1;2.072695561823899;32.0;0.0;0.197103954665112
VN;Functional Lisp;0;1;2.271061865195928;25.0;0.0;0.1546880480301967
VN;Graphics/Hardware Languages;1;0;1.6583031646204731;35.0;1.0;0.2584583452998636
VN;Interactive Tools;0;1;1.155325395950293;25.0;0.0;0.174722380365938
VN;Low-Level C-Based;0;1;1.378051715365754;38.0;0.0;0.2706032384493388
VN;Low-Level Hardware;0;1;1.8984509317220128;38.0;0.0;0.2275169420281299
VN;Low-Level Utilities;0;1;1.973299234045903;32.0;0.0;0.1977716853872298
VN;OOP System Programming;1;0;0.9641633338454;33.0;1.0;0.2423609308640561
VN;Pascal-Based Systems;0;1;2.1680982060981715;22.0;0.0;0.1484137524079651
VN;Shell Scripting;0;1;-0.4634330858914763;107.0;0.0;0.4113657802819774
VN;Specialized Tools;0;1;2.212220577256194;25.0;0.0;0.1640560265648369
VN;Strongly Typed Systems;0;1;1.0792405680470785;43.0;0.0;0.280730246676432
ZA;Cross-Platform Build Systems;0;1;1.675673582074391;35.0;0.0;0.2057904829695265
ZA;Database Scripting;1;0;-0.4201486387872639;48.0;1.0;0.4328776570202137
ZA;JavaScript-Based Templating;0;1;-0.4118356804224901;52.0;0.0;0.4859597704020613
ZA;Low-Level Utilities;0;1;1.973299234045903;32.0;0.0;0.1762760099279418
ZA;OOP System Programming;0;1;0.9641633338454;33.0;0.0;0.2462502321322698
ZA;Strongly Typed Systems;0;1;1.0792405680470785;43.0;0.0;0.2719180748239527
