iso2_code;cluster_name;exit01;consider00;pci;ubiquity;rca01;density
AE;Dynamic General Purpose;0;1;-1.20746570607327;99.0;1.0;0.5390783821004872
AE;Interactive Tools;0;1;1.155325395950293;25.0;1.0;0.1549445024530217
AE;Modern Contract/Typed;0;1;0.0174954206553288;49.0;1.0;0.2657668653673385
AE;Shell Scripting;0;1;-0.4634330858914763;107.0;1.0;0.3708028452693573
AE;Strongly Typed Systems;0;1;1.0792405680470785;43.0;1.0;0.1801238141154433
AE;Web Markup/Styling;0;1;-1.2565391492115314;111.0;1.0;0.5290933694181326
AF;Dynamic General Purpose;0;1;-1.20746570607327;99.0;1.0;0.2745035372163532
AF;Web Markup/Styling;0;1;-1.2565391492115314;111.0;1.0;0.2801082543978349
AL;Dynamic General Purpose;0;1;-1.20746570607327;99.0;1.0;0.6461311449674708
AL;Dynamic OOP Scripting;0;1;-0.4122572806689877;48.0;1.0;0.4034099846072584
AL;Popular JVM OOP;0;1;-0.3548183360732034;69.0;1.0;0.3946401490475599
AL;Shell Scripting;0;1;-0.4634330858914763;107.0;1.0;0.40381918772149
AL;Web Markup/Styling;0;1;-1.2565391492115314;111.0;1.0;0.6346414073071718
AM;Dynamic General Purpose;0;1;-1.20746570607327;99.0;1.0;0.6178811103220169
AM;HTML-Centric Templating;0;1;-0.3300974919836952;51.0;1.0;0.4174539515967304
AM;JavaScript-Based Templating;0;1;-0.4118356804224901;52.0;1.0;0.4183769040113888
AM;Modern Contract/Typed;0;1;0.0174954206553288;49.0;1.0;0.3293551088836972
AM;Shell Scripting;0;1;-0.4634330858914763;107.0;1.0;0.3924992988807588
AM;Web Markup/Styling;0;1;-1.2565391492115314;111.0;1.0;0.6075778078484437
AO;Dynamic General Purpose;0;1;-1.20746570607327;99.0;1.0;0.3859334574435523
AO;Shell Scripting;0;1;-0.4634330858914763;107.0;1.0;0.2510006883716187
AO;Web Markup/Styling;0;1;-1.2565391492115314;111.0;1.0;0.3897158322056833
AR;Data/Document DSLs;0;1;1.857410498538032;32.0;1.0;0.4325798930178447
AR;Enterprise OOP;0;1;0.6547672714360266;37.0;1.0;0.5378427951077644
AR;Graphics/Hardware Languages;0;1;1.6583031646204731;35.0;1.0;0.4426549081659643
AR;HTML-Centric Templating;1;0;-0.3300974919836952;51.0;0.0;0.5481871681411167
AR;Logic Programming;0;1;2.0814849049538844;19.0;1.0;0.3238797672469375
AR;Low-Level C-Based;1;0;1.378051715365754;38.0;0.0;0.4525934203189592
AR;Low-Level Hardware;1;0;1.8984509317220128;38.0;0.0;0.4264498312171793
AR;Pure Functional;0;1;2.077565310264836;28.0;1.0;0.3900284978050085
AR;Scientific Tools;1;0;1.1819372675062847;34.0;0.0;0.5109455342649324
AR;Text Parsing DSLs;1;0;2.073024704716692;31.0;0.0;0.3911150608835767
AR;Typed Scripting;0;1;0.747365478078604;31.0;1.0;0.4488891291471959
AR;Unix Build Tools;1;0;1.2872488211819004;46.0;0.0;0.4575788729364701
AR;Web Markup/Styling;0;1;-1.2565391492115314;111.0;1.0;0.5372124492557508
AT;Cross-Platform Build Systems;0;1;1.675673582074391;35.0;1.0;0.632354522749683
AT;Data/Document DSLs;0;1;1.857410498538032;32.0;1.0;0.6215407090011411
AT;Functional JVM;0;1;2.072695561823899;32.0;1.0;0.6172764090261325
AT;Functional Lisp;0;1;2.271061865195928;25.0;1.0;0.6157264647429936
AT;Graphics/Hardware Languages;0;1;1.6583031646204731;35.0;1.0;0.5916900924075629
AT;Installer & Scripting Utilities;0;1;2.3709274578314825;20.0;1.0;0.4996173273271125
AT;Low-Level C-Based;1;0;1.378051715365754;38.0;0.0;0.6116205802682305
AT;Low-Level Hardware;0;1;1.8984509317220128;38.0;1.0;0.6133481372820706
AT;Low-Level Utilities;0;1;1.973299234045903;32.0;1.0;0.6421164639423016
AT;Pure Functional;0;1;2.077565310264836;28.0;1.0;0.6033190570848961
AT;Scientific Tools;0;1;1.1819372675062847;34.0;1.0;0.6268976778023103
AT;Strongly Typed Systems;0;1;1.0792405680470785;43.0;1.0;0.576033535843344
AT;Text Parsing DSLs;0;1;2.073024704716692;31.0;1.0;0.6176303137785312
AT;Unix Build Tools;0;1;1.2872488211819004;46.0;1.0;0.6144134511133363
AT;Unix-Like Scripting;0;1;2.24682044305651;27.0;1.0;0.6041453061178729
AU;Batch/High-Level Tools;0;1;2.063356409533316;29.0;1.0;0.7960654090724707
AU;Concurrency-Oriented;0;1;2.024662047859878;20.0;1.0;0.8300048429120209
AU;Debugging/Testing Tools;0;1;2.271994959243408;20.0;1.0;0.8345725926356022
AU;Desktop Automation;0;1;2.268219095786303;19.0;1.0;0.831992938644172
AU;Event Scripting;0;1;2.444536615566927;11.0;1.0;0.8540876281382062
AU;Functional JVM;0;1;2.072695561823899;32.0;1.0;0.7878405978517169
AU;Functional Lisp;0;1;2.271061865195928;25.0;1.0;0.8284351743806107
AU;Graphics/Hardware Languages;0;1;1.6583031646204731;35.0;1.0;0.7327691736392705
AU;Installer & Scripting Utilities;0;1;2.3709274578314825;20.0;1.0;0.8384853978587459
AU;Interactive Tools;0;1;1.155325395950293;25.0;1.0;0.8103079960508287
AU;Logic Programming;0;1;2.0814849049538844;19.0;1.0;0.836813890600897
AU;Low-Level Hardware;0;1;1.8984509317220128;38.0;1.0;0.7426645066669666
AU;Low-Level Languages;0;1;2.2752759337772477;17.0;1.0;0.8306610179178852
AU;Low-Level Utilities;0;1;1.973299234045903;32.0;1.0;0.7740082822120596
AU;Pascal-Based Systems;0;1;2.1680982060981715;22.0;1.0;0.8290142151302591
AU;Pure Functional;0;1;2.077565310264836;28.0;1.0;0.8050426179737804
AU;Shell Scripting;0;1;-0.4634330858914763;107.0;1.0;0.5112816459730262
AU;Specialized Tools;0;1;2.212220577256194;25.0;1.0;0.8333945439748018
AU;Strongly Typed Systems;0;1;1.0792405680470785;43.0;1.0;0.674407591223076
AU;Text Parsing DSLs;0;1;2.073024704716692;31.0;1.0;0.7848179500036039
AU;Typed Scripting;0;1;0.747365478078604;31.0;1.0;0.7023697837925967
AU;Unix Build Tools;0;1;1.2872488211819004;46.0;1.0;0.6790387958377693
AU;Unix-Like Scripting;0;1;2.24682044305651;27.0;1.0;0.8129210444243713
AZ;Dynamic General Purpose;0;1;-1.20746570607327;99.0;1.0;0.4632493417363738
AZ;Popular JVM OOP;0;1;-0.3548183360732034;69.0;1.0;0.2698236849336548
AZ;Shell Scripting;1;0;-0.4634330858914763;107.0;0.0;0.2991102159447263
AZ;Web Markup/Styling;0;1;-1.2565391492115314;111.0;1.0;0.4654939106901217
BA;Dynamic General Purpose;0;1;-1.20746570607327;99.0;1.0;0.5851705438904384
BA;JavaScript-Based Templating;0;1;-0.4118356804224901;52.0;1.0;0.3249584909430841
BA;Popular JVM OOP;0;1;-0.3548183360732034;69.0;1.0;0.3571952098133884
BA;Shell Scripting;0;1;-0.4634330858914763;107.0;1.0;0.3717461693394183
BA;Web Markup/Styling;0;1;-1.2565391492115314;111.0;1.0;0.5764546684709065
BD;Dynamic General Purpose;0;1;-1.20746570607327;99.0;1.0;0.5540301958134771
BD;Dynamic OOP Scripting;0;1;-0.4122572806689877;48.0;1.0;0.4627303007187888
BD;Enterprise OOP;0;1;0.6547672714360266;37.0;1.0;0.2838756991693392
BD;HTML-Centric Templating;0;1;-0.3300974919836952;51.0;1.0;0.4774155922152097
BD;Low-Level C-Based;0;1;1.378051715365754;38.0;1.0;0.1840124629167676
BD;Modern Contract/Typed;0;1;0.0174954206553288;49.0;1.0;0.3767056700608922
BD;Web Markup/Styling;0;1;-1.2565391492115314;111.0;1.0;0.5520974289580514
BE;Batch/High-Level Tools;0;1;2.063356409533316;29.0;1.0;0.7097279229810791
BE;Concurrency-Oriented;0;1;2.024662047859878;20.0;1.0;0.5902043354328216
BE;Cross-Platform Build Systems;1;0;1.675673582074391;35.0;0.0;0.7109286116623076
BE;Data/Document DSLs;0;1;1.857410498538032;32.0;1.0;0.736715303964931
BE;Functional JVM;0;1;2.072695561823899;32.0;1.0;0.7148527497861229
BE;Functional Lisp;0;1;2.271061865195928;25.0;1.0;0.7208099011920297
BE;Graphics/Hardware Languages;0;1;1.6583031646204731;35.0;1.0;0.6968619156038307
BE;Installer & Scripting Utilities;0;1;2.3709274578314825;20.0;1.0;0.6135397033891334
BE;Low-Level Hardware;0;1;1.8984509317220128;38.0;1.0;0.7081611407644586
BE;Low-Level Utilities;0;1;1.973299234045903;32.0;1.0;0.7315066054680469
BE;Pascal-Based Systems;0;1;2.1680982060981715;22.0;1.0;0.6566738257609273
BE;Pure Functional;0;1;2.077565310264836;28.0;1.0;0.7115353016701558
BE;Specialized Tools;0;1;2.212220577256194;25.0;1.0;0.7032101609631766
BE;Text Parsing DSLs;0;1;2.073024704716692;31.0;1.0;0.7142823114496819
BE;Unix Build Tools;0;1;1.2872488211819004;46.0;1.0;0.6906085506477702
BE;Unix-Like Scripting;0;1;2.24682044305651;27.0;1.0;0.7111053339833077
BF;Web Markup/Styling;0;1;-1.2565391492115314;111.0;1.0;0.1502029769959404
BG;Cross-Platform Build Systems;0;1;1.675673582074391;35.0;1.0;0.3363211527374343
BG;Enterprise OOP;0;1;0.6547672714360266;37.0;1.0;0.4092924225466643
BG;OOP System Programming;1;0;0.9641633338454;33.0;0.0;0.3679709208625185
BG;Popular JVM OOP;0;1;-0.3548183360732034;69.0;1.0;0.4722722074093146
BG;Strongly Typed Systems;0;1;1.0792405680470785;43.0;1.0;0.3687439454396367
BG;Web Markup/Styling;0;1;-1.2565391492115314;111.0;1.0;0.5426251691474965
BH;Dynamic General Purpose;0;1;-1.20746570607327;99.0;1.0;0.3859334574435523
BH;Shell Scripting;0;1;-0.4634330858914763;107.0;1.0;0.2510006883716187
BH;Web Markup/Styling;0;1;-1.2565391492115314;111.0;1.0;0.3897158322056833
BJ;Dynamic General Purpose;0;1;-1.20746570607327;99.0;1.0;0.3859334574435523
BJ;Shell Scripting;0;1;-0.4634330858914763;107.0;1.0;0.2510006883716187
BJ;Web Markup/Styling;0;1;-1.2565391492115314;111.0;1.0;0.3897158322056833
BN;Web Markup/Styling;0;1;-1.2565391492115314;111.0;1.0;0.1502029769959404
BO;Dynamic General Purpose;0;1;-1.20746570607327;99.0;1.0;0.7561575956918706
BO;Dynamic OOP Scripting;0;1;-0.4122572806689877;48.0;1.0;0.5387645111711032
BO;HTML-Centric Templating;0;1;-0.3300974919836952;51.0;1.0;0.5310912057131321
BO;JavaScript-Based Templating;0;1;-0.4118356804224901;52.0;1.0;0.5305745827822598
BO;Modern Contract/Typed;0;1;0.0174954206553288;49.0;1.0;0.4153310715062844
BO;Web Markup/Styling;0;1;-1.2565391492115314;111.0;1.0;0.7415426251691474
BR;Concurrency-Oriented;0;1;2.024662047859878;20.0;1.0;0.2207919330955733
BR;Dynamic OOP Scripting;0;1;-0.4122572806689877;48.0;1.0;0.3388323500006964
BR;Modern Contract/Typed;1;0;0.0174954206553288;49.0;0.0;0.317484996941224
BR;Pascal-Based Systems;0;1;2.1680982060981715;22.0;1.0;0.1995342833440651
BR;Popular JVM OOP;0;1;-0.3548183360732034;69.0;1.0;0.330468455831309
BR;Typed Scripting;0;1;0.747365478078604;31.0;1.0;0.278946969102982
BR;Web Markup/Styling;0;1;-1.2565391492115314;111.0;1.0;0.3937753721244925
BW;Web Markup/Styling;0;1;-1.2565391492115314;111.0;1.0;0.1502029769959404
BY;Data/Document DSLs;0;1;1.857410498538032;32.0;1.0;0.4472397903669698
BY;Dynamic General Purpose;0;1;-1.20746570607327;99.0;1.0;0.5837670743876392
BY;Low-Level Hardware;0;1;1.8984509317220128;38.0;1.0;0.4496166834851822
BY;Modern Contract/Typed;0;1;0.0174954206553288;49.0;1.0;0.5201235813712338
BY;Pascal-Based Systems;0;1;2.1680982060981715;22.0;1.0;0.3645245891395651
BY;Popular JVM OOP;0;1;-0.3548183360732034;69.0;1.0;0.5648775577543174
BY;Scientific Tools;0;1;1.1819372675062847;34.0;1.0;0.52610298696186
BY;Typed Scripting;0;1;0.747365478078604;31.0;1.0;0.4564181351377208
BY;Unix Build Tools;0;1;1.2872488211819004;46.0;1.0;0.4888402535577832
CA;Batch/High-Level Tools;0;1;2.063356409533316;29.0;1.0;0.6199457008646082
CA;Concurrency-Oriented;0;1;2.024662047859878;20.0;1.0;0.7297959559160939
CA;Debugging/Testing Tools;0;1;2.271994959243408;20.0;1.0;0.727207398304218
CA;Desktop Automation;0;1;2.268219095786303;19.0;1.0;0.7454061995916046
CA;Event Scripting;0;1;2.444536615566927;11.0;1.0;0.7920781528590811
CA;Functional Lisp;0;1;2.271061865195928;25.0;1.0;0.6447071559442289
CA;Game Scripting;0;1;2.247601433928509;14.0;1.0;0.7809739967413405
CA;Graphics/Hardware Languages;0;1;1.6583031646204731;35.0;1.0;0.5686560584629125
CA;Installer & Scripting Utilities;0;1;2.3709274578314825;20.0;1.0;0.7330601260580252
CA;Interactive Tools;0;1;1.155325395950293;25.0;1.0;0.6821427062689771
CA;Logic Programming;0;1;2.0814849049538844;19.0;1.0;0.7306920935305654
CA;Low-Level C-Based;1;0;1.378051715365754;38.0;0.0;0.5435732073705924
CA;Low-Level Hardware;0;1;1.8984509317220128;38.0;1.0;0.58509809507223
CA;Low-Level Languages;0;1;2.2752759337772477;17.0;1.0;0.7629741026989734
CA;Pascal-Based Systems;0;1;2.1680982060981715;22.0;1.0;0.6960866694234575
CA;Specialized Tools;0;1;2.212220577256194;25.0;1.0;0.655376943333329
CA;Strongly Typed Systems;0;1;1.0792405680470785;43.0;1.0;0.5267771997753384
CA;Typed Scripting;0;1;0.747365478078604;31.0;1.0;0.5762623136571762
CA;Unix-Like Scripting;0;1;2.24682044305651;27.0;1.0;0.640057519428767
CD;Dynamic General Purpose;0;1;-1.20746570607327;99.0;1.0;0.3859334574435523
CD;Shell Scripting;0;1;-0.4634330858914763;107.0;1.0;0.2510006883716187
CD;Web Markup/Styling;0;1;-1.2565391492115314;111.0;1.0;0.3897158322056833
CH;Batch/High-Level Tools;0;1;2.063356409533316;29.0;1.0;0.8298507209040887
CH;Concurrency-Oriented;0;1;2.024662047859878;20.0;1.0;0.8110926561638631
CH;Cross-Platform Build Systems;0;1;1.675673582074391;35.0;1.0;0.8099311966565836
CH;Data/Document DSLs;0;1;1.857410498538032;32.0;1.0;0.8112962959653178
CH;Debugging/Testing Tools;0;1;2.271994959243408;20.0;1.0;0.8374431353590404
CH;Functional JVM;0;1;2.072695561823899;32.0;1.0;0.8323276221178573
CH;Functional Lisp;0;1;2.271061865195928;25.0;1.0;0.8650280963296215
CH;Installer & Scripting Utilities;0;1;2.3709274578314825;20.0;1.0;0.8428502087797489
CH;Interactive Tools;0;1;1.155325395950293;25.0;1.0;0.8039171463104087
CH;Logic Programming;0;1;2.0814849049538844;19.0;1.0;0.8161091500201931
CH;Low-Level Hardware;0;1;1.8984509317220128;38.0;1.0;0.8030121457132514
CH;Low-Level Languages;0;1;2.2752759337772477;17.0;1.0;0.8173478294532424
CH;Low-Level Utilities;0;1;1.973299234045903;32.0;1.0;0.8403804407660248
CH;OOP System Programming;1;0;0.9641633338454;33.0;0.0;0.7687302797005173
CH;Pascal-Based Systems;0;1;2.1680982060981715;22.0;1.0;0.8417633509092413
CH;Pure Functional;0;1;2.077565310264836;28.0;1.0;0.8369574890026965
CH;Scientific Tools;0;1;1.1819372675062847;34.0;1.0;0.7316221099784288
CH;Shell Scripting;0;1;-0.4634330858914763;107.0;1.0;0.5527879050557073
CH;Specialized Tools;0;1;2.212220577256194;25.0;1.0;0.8478784021687383
CH;Strongly Typed Systems;0;1;1.0792405680470785;43.0;1.0;0.7442214369764342
CH;Text Parsing DSLs;0;1;2.073024704716692;31.0;1.0;0.8333056169877828
CH;Unix Build Tools;0;1;1.2872488211819004;46.0;1.0;0.7591180273441318
CH;Unix-Like Scripting;0;1;2.24682044305651;27.0;1.0;0.8515664079529204
CI;Dynamic General Purpose;0;1;-1.20746570607327;99.0;1.0;0.4632493417363738
CI;Popular JVM OOP;1;0;-0.3548183360732034;69.0;0.0;0.2698236849336548
CI;Shell Scripting;0;1;-0.4634330858914763;107.0;1.0;0.2991102159447263
CI;Web Markup/Styling;0;1;-1.2565391492115314;111.0;1.0;0.4654939106901217
CL;Dynamic General Purpose;0;1;-1.20746570607327;99.0;1.0;0.7338549367612489
CL;Dynamic OOP Scripting;0;1;-0.4122572806689877;48.0;1.0;0.584138265709929
CL;Enterprise OOP;0;1;0.6547672714360266;37.0;1.0;0.371984991389742
CL;Graphics/Hardware Languages;0;1;1.6583031646204731;35.0;1.0;0.2514512459443824
CL;HTML-Centric Templating;0;1;-0.3300974919836952;51.0;1.0;0.5887075982058474
CL;Interactive Tools;0;1;1.155325395950293;25.0;1.0;0.2365064811619118
CL;JavaScript-Based Templating;0;1;-0.4118356804224901;52.0;1.0;0.57549863456774
CL;Strongly Typed Systems;1;0;1.0792405680470785;43.0;0.0;0.3353723198299613
CL;Unix Build Tools;1;0;1.2872488211819004;46.0;0.0;0.3153173141965241
CL;Web Markup/Styling;0;1;-1.2565391492115314;111.0;1.0;0.7158322056833558
CM;Dynamic General Purpose;0;1;-1.20746570607327;99.0;1.0;0.6446443010387627
CM;HTML-Centric Templating;0;1;-0.3300974919836952;51.0;1.0;0.3924573013152754
CM;JavaScript-Based Templating;0;1;-0.4118356804224901;52.0;1.0;0.3986699200929773
CM;Shell Scripting;0;1;-0.4634330858914763;107.0;1.0;0.4085358080717947
CM;Web Markup/Styling;0;1;-1.2565391492115314;111.0;1.0;0.6332882273342353
CN;Cross-Platform Build Systems;0;1;1.675673582074391;35.0;1.0;0.4886510764101059
CN;Database Scripting;0;1;-0.4201486387872639;48.0;1.0;0.4724951175907244
CN;Debugging/Testing Tools;0;1;2.271994959243408;20.0;1.0;0.4972602483145921
CN;Functional JVM;0;1;2.072695561823899;32.0;1.0;0.4609925600472367
CN;Game Scripting;0;1;2.247601433928509;14.0;1.0;0.537989066109333
CN;Installer & Scripting Utilities;0;1;2.3709274578314825;20.0;1.0;0.5049521885286664
CN;JavaScript-Based Templating;0;1;-0.4118356804224901;52.0;1.0;0.4186820420783212
CN;Low-Level C-Based;0;1;1.378051715365754;38.0;1.0;0.4641678123952657
CN;Low-Level Languages;0;1;2.2752759337772477;17.0;1.0;0.5253381343047945
CN;Low-Level Utilities;0;1;1.973299234045903;32.0;1.0;0.473659499895297
CN;OOP System Programming;0;1;0.9641633338454;33.0;1.0;0.5123704056824141
CN;Strongly Typed Systems;0;1;1.0792405680470785;43.0;1.0;0.4703961690785071
CN;Text Parsing DSLs;0;1;2.073024704716692;31.0;1.0;0.4664739816157385
CN;Unix-Like Scripting;0;1;2.24682044305651;27.0;1.0;0.464778341841926
CO;Data/Document DSLs;0;1;1.857410498538032;32.0;1.0;0.2886458558040851
CO;Dynamic OOP Scripting;0;1;-0.4122572806689877;48.0;1.0;0.5991334128786061
CO;Enterprise OOP;0;1;0.6547672714360266;37.0;1.0;0.4666045280447688
CO;Graphics/Hardware Languages;0;1;1.6583031646204731;35.0;1.0;0.3132012056243546
CO;HTML-Centric Templating;0;1;-0.3300974919836952;51.0;1.0;0.6073627174372415
CO;Popular JVM OOP;0;1;-0.3548183360732034;69.0;1.0;0.5243122069172981
CO;Typed Scripting;0;1;0.747365478078604;31.0;1.0;0.3833722041977294
CO;Web Markup/Styling;0;1;-1.2565391492115314;111.0;1.0;0.6833558863328821
CR;Cross-Platform Build Systems;1;0;1.675673582074391;35.0;0.0;0.2340542019823794
CR;Database Scripting;0;1;-0.4201486387872639;48.0;1.0;0.4935053683227427
CR;Dynamic General Purpose;0;1;-1.20746570607327;99.0;1.0;0.7308812489038328
CR;Dynamic OOP Scripting;0;1;-0.4122572806689877;48.0;1.0;0.520382580830791
CR;Enterprise OOP;0;1;0.6547672714360266;37.0;1.0;0.3471904299415194
CR;HTML-Centric Templating;0;1;-0.3300974919836952;51.0;1.0;0.5346197835965616
CR;Popular JVM OOP;0;1;-0.3548183360732034;69.0;1.0;0.5085351725514984
CR;Unix Build Tools;0;1;1.2872488211819004;46.0;1.0;0.2971436874331594
CR;Web Markup/Styling;0;1;-1.2565391492115314;111.0;1.0;0.7171853856562922
CU;Dynamic General Purpose;0;1;-1.20746570607327;99.0;1.0;0.409722960302882
CU;Shell Scripting;0;1;-0.4634330858914763;107.0;1.0;0.2679805216327156
CU;Typed Scripting;1;0;0.747365478078604;31.0;0.0;0.1226880896896633
CU;Web Markup/Styling;0;1;-1.2565391492115314;111.0;1.0;0.4167794316644113
CY;Dynamic General Purpose;0;1;-1.20746570607327;99.0;1.0;0.5390783821004872
CY;Interactive Tools;1;0;1.155325395950293;25.0;0.0;0.1861076464349819
CY;Low-Level C-Based;0;1;1.378051715365754;38.0;1.0;0.2203410824143582
CY;Popular JVM OOP;1;0;-0.3548183360732034;69.0;0.0;0.377477885231898
CY;Shell Scripting;0;1;-0.4634330858914763;107.0;1.0;0.3981592433011244
CY;Unix Build Tools;0;1;1.2872488211819004;46.0;1.0;0.2209485878987256
CY;Web Markup/Styling;0;1;-1.2565391492115314;111.0;1.0;0.5358592692828146
CZ;Batch/High-Level Tools;0;1;2.063356409533316;29.0;1.0;0.6912326224784467
CZ;Cross-Platform Build Systems;0;1;1.675673582074391;35.0;1.0;0.7050905993617722
CZ;Data/Document DSLs;0;1;1.857410498538032;32.0;1.0;0.7078348852895356
CZ;Debugging/Testing Tools;0;1;2.271994959243408;20.0;1.0;0.6021988858849958
CZ;Enterprise OOP;0;1;0.6547672714360266;37.0;1.0;0.633286069822486
CZ;Functional JVM;0;1;2.072695561823899;32.0;1.0;0.7025220808417728
CZ;Functional Lisp;0;1;2.271061865195928;25.0;1.0;0.7175227854639898
CZ;Installer & Scripting Utilities;0;1;2.3709274578314825;20.0;1.0;0.6121563440331405
CZ;Low-Level Hardware;0;1;1.8984509317220128;38.0;1.0;0.6880642618155661
CZ;Low-Level Utilities;0;1;1.973299234045903;32.0;1.0;0.7249208579472907
CZ;Pascal-Based Systems;0;1;2.1680982060981715;22.0;1.0;0.6478949251867914
CZ;Pure Functional;0;1;2.077565310264836;28.0;1.0;0.6967027578308007
CZ;Scientific Tools;0;1;1.1819372675062847;34.0;1.0;0.6922941375996527
CZ;Specialized Tools;0;1;2.212220577256194;25.0;1.0;0.6844933441471677
CZ;Strongly Typed Systems;0;1;1.0792405680470785;43.0;1.0;0.6410873466589733
CZ;Text Parsing DSLs;0;1;2.073024704716692;31.0;1.0;0.702781820197172
CZ;Unix Build Tools;0;1;1.2872488211819004;46.0;1.0;0.677633897039412
CZ;Unix-Like Scripting;0;1;2.24682044305651;27.0;1.0;0.7034943978595363
DE;Batch/High-Level Tools;0;1;2.063356409533316;29.0;1.0;0.8618235135912952
DE;Concurrency-Oriented;0;1;2.024662047859878;20.0;1.0;0.8929605402570499
DE;Cross-Platform Build Systems;0;1;1.675673582074391;35.0;1.0;0.8254476050562157
DE;Data/Document DSLs;0;1;1.857410498538032;32.0;1.0;0.8297356762597793
DE;Debugging/Testing Tools;0;1;2.271994959243408;20.0;1.0;0.9124520208053684
DE;Desktop Automation;0;1;2.268219095786303;19.0;1.0;0.9154125147948712
DE;Event Scripting;0;1;2.444536615566927;11.0;1.0;0.9437373349585432
DE;Functional JVM;0;1;2.072695561823899;32.0;1.0;0.862937117473813
DE;Functional Lisp;0;1;2.271061865195928;25.0;1.0;0.8966668669327982
DE;Game Scripting;0;1;2.247601433928509;14.0;1.0;0.9251135235565322
DE;Installer & Scripting Utilities;0;1;2.3709274578314825;20.0;1.0;0.9214789426445624
DE;Interactive Tools;0;1;1.155325395950293;25.0;1.0;0.8727884013253905
DE;Logic Programming;0;1;2.0814849049538844;19.0;1.0;0.8990520532544783
DE;Low-Level C-Based;0;1;1.378051715365754;38.0;1.0;0.7848896798037583
DE;Low-Level Hardware;0;1;1.8984509317220128;38.0;1.0;0.8245648739440674
DE;Low-Level Languages;0;1;2.2752759337772477;17.0;1.0;0.9225901511103692
DE;Low-Level Utilities;0;1;1.973299234045903;32.0;1.0;0.8597981570370726
DE;OOP System Programming;0;1;0.9641633338454;33.0;1.0;0.7973425851670757
DE;Pascal-Based Systems;0;1;2.1680982060981715;22.0;1.0;0.9006431549546043
DE;Pure Functional;0;1;2.077565310264836;28.0;1.0;0.864623451457055
DE;Shell Scripting;0;1;-0.4634330858914763;107.0;1.0;0.5631644698263775
DE;Strongly Typed Systems;0;1;1.0792405680470785;43.0;1.0;0.7616748984147736
DE;Text Parsing DSLs;0;1;2.073024704716692;31.0;1.0;0.8623308349535217
DE;Typed Scripting;0;1;0.747365478078604;31.0;1.0;0.7531080209945167
DE;Unix Build Tools;0;1;1.2872488211819004;46.0;1.0;0.7661425213359181
DE;Unix-Like Scripting;0;1;2.24682044305651;27.0;1.0;0.8848388097114116
DK;Batch/High-Level Tools;0;1;2.063356409533316;29.0;1.0;0.5844134444934023
DK;Cross-Platform Build Systems;0;1;1.675673582074391;35.0;1.0;0.62338584015598
DK;Data/Document DSLs;0;1;1.857410498538032;32.0;1.0;0.6162141220437841
DK;Desktop Automation;0;1;2.268219095786303;19.0;1.0;0.4510297440718294
DK;Enterprise OOP;0;1;0.6547672714360266;37.0;1.0;0.6152856866907408
DK;Functional JVM;0;1;2.072695561823899;32.0;1.0;0.5964211341948887
DK;Functional Lisp;0;1;2.271061865195928;25.0;1.0;0.5885340693607098
DK;Graphics/Hardware Languages;0;1;1.6583031646204731;35.0;1.0;0.5976502435767768
DK;Low-Level Hardware;0;1;1.8984509317220128;38.0;1.0;0.6109950374848897
DK;Low-Level Utilities;0;1;1.973299234045903;32.0;1.0;0.6213034212661342
DK;Popular JVM OOP;0;1;-0.3548183360732034;69.0;1.0;0.5022112917069067
DK;Pure Functional;0;1;2.077565310264836;28.0;1.0;0.5832862338504858
DK;Strongly Typed Systems;0;1;1.0792405680470785;43.0;1.0;0.5864964145712024
DK;Unix Build Tools;0;1;1.2872488211819004;46.0;1.0;0.6289307386963612
DK;Unix-Like Scripting;0;1;2.24682044305651;27.0;1.0;0.5837690761251976
DO;Dynamic General Purpose;0;1;-1.20746570607327;99.0;1.0;0.7249338731890004
DO;Dynamic OOP Scripting;0;1;-0.4122572806689877;48.0;1.0;0.5022905615828026
DO;JavaScript-Based Templating;0;1;-0.4118356804224901;52.0;1.0;0.4898393193046871
DO;Web Markup/Styling;0;1;-1.2565391492115314;111.0;1.0;0.7158322056833557
DZ;Dynamic General Purpose;0;1;-1.20746570607327;99.0;1.0;0.6178811103220169
DZ;HTML-Centric Templating;0;1;-0.3300974919836952;51.0;1.0;0.4174539515967304
DZ;JavaScript-Based Templating;0;1;-0.4118356804224901;52.0;1.0;0.4183769040113888
DZ;Modern Contract/Typed;0;1;0.0174954206553288;49.0;1.0;0.3293551088836972
DZ;Web Markup/Styling;0;1;-1.2565391492115314;111.0;1.0;0.6075778078484437
EC;Dynamic General Purpose;0;1;-1.20746570607327;99.0;1.0;0.7799470985512003
EC;Dynamic OOP Scripting;0;1;-0.4122572806689877;48.0;1.0;0.5735747367430956
EC;HTML-Centric Templating;0;1;-0.3300974919836952;51.0;1.0;0.5555560123715774
EC;JavaScript-Based Templating;0;1;-0.4118356804224901;52.0;1.0;0.5538518761980156
EC;Modern Contract/Typed;0;1;0.0174954206553288;49.0;1.0;0.4413991129040934
EC;Popular JVM OOP;0;1;-0.3548183360732034;69.0;1.0;0.503854555147227
EC;Typed Scripting;0;1;0.747365478078604;31.0;1.0;0.250152497822534
EC;Web Markup/Styling;0;1;-1.2565391492115314;111.0;1.0;0.7686062246278754
EE;Cross-Platform Build Systems;0;1;1.675673582074391;35.0;1.0;0.2456570594895779
EE;JavaScript-Based Templating;0;1;-0.4118356804224901;52.0;1.0;0.4688110397455262
EE;Shell Scripting;0;1;-0.4634330858914763;107.0;1.0;0.4726818448359381
EE;Strongly Typed Systems;0;1;1.0792405680470785;43.0;1.0;0.3081187864610033
EE;Unix Build Tools;0;1;1.2872488211819004;46.0;1.0;0.2798642798144503
EE;Web Markup/Styling;0;1;-1.2565391492115314;111.0;1.0;0.6156968876860621
EG;Enterprise OOP;0;1;0.6547672714360266;37.0;1.0;0.4583193144485523
EG;HTML-Centric Templating;0;1;-0.3300974919836952;51.0;1.0;0.6093662310571981
EG;Low-Level C-Based;0;1;1.378051715365754;38.0;1.0;0.3681021303174956
EG;Modern Contract/Typed;0;1;0.0174954206553288;49.0;1.0;0.525508983849982
EG;OOP System Programming;0;1;0.9641633338454;33.0;1.0;0.3537141067729768
EG;Popular JVM OOP;0;1;-0.3548183360732034;69.0;1.0;0.5299998220619957
EG;Scientific Tools;1;0;1.1819372675062847;34.0;0.0;0.4106092810171271
EG;Shell Scripting;1;0;-0.4634330858914763;107.0;0.0;0.4924916503072177
ES;Batch/High-Level Tools;0;1;2.063356409533316;29.0;1.0;0.752997616469663
ES;Concurrency-Oriented;0;1;2.024662047859878;20.0;1.0;0.8117314056995764
ES;Cross-Platform Build Systems;1;0;1.675673582074391;35.0;0.0;0.694563685725948
ES;Data/Document DSLs;0;1;1.857410498538032;32.0;1.0;0.7327076096223722
ES;Debugging/Testing Tools;0;1;2.271994959243408;20.0;1.0;0.8010722696360848
ES;Desktop Automation;0;1;2.268219095786303;19.0;1.0;0.8086245463332568
ES;Dynamic OOP Scripting;0;1;-0.4122572806689877;48.0;1.0;0.4953835633709869
ES;Functional JVM;0;1;2.072695561823899;32.0;1.0;0.7505728217363684
ES;Game Scripting;0;1;2.247601433928509;14.0;1.0;0.8163400613740761
ES;Graphics/Hardware Languages;0;1;1.6583031646204731;35.0;1.0;0.7023722070442555
ES;Installer & Scripting Utilities;0;1;2.3709274578314825;20.0;1.0;0.8061899039482127
ES;Logic Programming;0;1;2.0814849049538844;19.0;1.0;0.8124977040707524
ES;Low-Level Hardware;0;1;1.8984509317220128;38.0;1.0;0.6997868910111807
ES;Low-Level Languages;0;1;2.2752759337772477;17.0;1.0;0.8183566003501885
ES;Low-Level Utilities;0;1;1.973299234045903;32.0;1.0;0.7304524487336974
ES;Pascal-Based Systems;0;1;2.1680982060981715;22.0;1.0;0.7953888461581693
ES;Popular JVM OOP;0;1;-0.3548183360732034;69.0;1.0;0.5367107956897921
ES;Pure Functional;0;1;2.077565310264836;28.0;1.0;0.7594033634770242
ES;Text Parsing DSLs;0;1;2.073024704716692;31.0;1.0;0.7470259148001334
ES;Typed Scripting;0;1;0.747365478078604;31.0;1.0;0.7202842860063895
ES;Unix-Like Scripting;0;1;2.24682044305651;27.0;1.0;0.7657131874097471
ET;Dynamic General Purpose;0;1;-1.20746570607327;99.0;1.0;0.4914993763818278
ET;Shell Scripting;0;1;-0.4634330858914763;107.0;1.0;0.332126558396859
FI;Cross-Platform Build Systems;0;1;1.675673582074391;35.0;1.0;0.6160606036895029
FI;Data/Document DSLs;0;1;1.857410498538032;32.0;1.0;0.6082174573432931
FI;Functional JVM;0;1;2.072695561823899;32.0;1.0;0.593068899626978
FI;Functional Lisp;0;1;2.271061865195928;25.0;1.0;0.5874555087372177
FI;Graphics/Hardware Languages;0;1;1.6583031646204731;35.0;1.0;0.5808900969909756
FI;Low-Level Hardware;0;1;1.8984509317220128;38.0;1.0;0.5949508411582498
FI;Low-Level Utilities;0;1;1.973299234045903;32.0;1.0;0.6185452254742382
FI;Pure Functional;0;1;2.077565310264836;28.0;1.0;0.576303556166093
FI;Scientific Tools;0;1;1.1819372675062847;34.0;1.0;0.6327681164428136
FI;Specialized Tools;0;1;2.212220577256194;25.0;1.0;0.5489403746972176
FI;Strongly Typed Systems;0;1;1.0792405680470785;43.0;1.0;0.5747268595859283
FI;Text Parsing DSLs;0;1;2.073024704716692;31.0;1.0;0.5920715656946185
FI;Unix Build Tools;0;1;1.2872488211819004;46.0;1.0;0.6147440155364792
FR;Batch/High-Level Tools;0;1;2.063356409533316;29.0;1.0;0.8844803851468214
FR;Concurrency-Oriented;0;1;2.024662047859878;20.0;1.0;0.924474097103689
FR;Cross-Platform Build Systems;1;0;1.675673582074391;35.0;0.0;0.8508289312524782
FR;Data/Document DSLs;0;1;1.857410498538032;32.0;1.0;0.8594601243644266
FR;Database Scripting;1;0;-0.4201486387872639;48.0;0.0;0.6693419680575986
FR;Debugging/Testing Tools;0;1;2.271994959243408;20.0;1.0;0.9307037195022344
FR;Desktop Automation;0;1;2.268219095786303;19.0;1.0;0.9368928374545834
FR;Dynamic OOP Scripting;0;1;-0.4122572806689877;48.0;1.0;0.6070033084116142
FR;Event Scripting;0;1;2.444536615566927;11.0;1.0;0.9560168181250686
FR;Functional JVM;0;1;2.072695561823899;32.0;1.0;0.8815282714946661
FR;Functional Lisp;0;1;2.271061865195928;25.0;1.0;0.901487316534752
FR;Game Scripting;0;1;2.247601433928509;14.0;1.0;0.9526596682200654
FR;Graphics/Hardware Languages;0;1;1.6583031646204731;35.0;1.0;0.8354272442429977
FR;Installer & Scripting Utilities;0;1;2.3709274578314825;20.0;1.0;0.9389857079175123
FR;Interactive Tools;0;1;1.155325395950293;25.0;1.0;0.8926260495657297
FR;JavaScript-Based Templating;0;1;-0.4118356804224901;52.0;1.0;0.6168482755175265
FR;Logic Programming;0;1;2.0814849049538844;19.0;1.0;0.9291085677215636
FR;Low-Level C-Based;1;0;1.378051715365754;38.0;0.0;0.8104020251013385
FR;Low-Level Hardware;0;1;1.8984509317220128;38.0;1.0;0.8502651401922351
FR;Low-Level Languages;0;1;2.2752759337772477;17.0;1.0;0.9463935735861784
FR;Low-Level Utilities;0;1;1.973299234045903;32.0;1.0;0.875534941079097
FR;Pascal-Based Systems;0;1;2.1680982060981715;22.0;1.0;0.9177866009988712
FR;Pure Functional;0;1;2.077565310264836;28.0;1.0;0.8874932659148869
FR;Specialized Tools;0;1;2.212220577256194;25.0;1.0;0.9103587954388864
FR;Text Parsing DSLs;0;1;2.073024704716692;31.0;1.0;0.8839047256236547
FR;Typed Scripting;0;1;0.747365478078604;31.0;1.0;0.8200152349837023
FR;Unix Build Tools;0;1;1.2872488211819004;46.0;1.0;0.787121569064227
FR;Unix-Like Scripting;0;1;2.24682044305651;27.0;1.0;0.9023657251435496
GB;Batch/High-Level Tools;0;1;2.063356409533316;29.0;1.0;0.8152552749641144
GB;Concurrency-Oriented;0;1;2.024662047859878;20.0;1.0;0.8656426084814589
GB;Data/Document DSLs;0;1;1.857410498538032;32.0;1.0;0.7863866371133613
GB;Debugging/Testing Tools;0;1;2.271994959243408;20.0;1.0;0.8710306812961646
GB;Desktop Automation;0;1;2.268219095786303;19.0;1.0;0.8756044682450755
GB;Event Scripting;0;1;2.444536615566927;11.0;1.0;0.9143891152036888
GB;Functional JVM;0;1;2.072695561823899;32.0;1.0;0.8065464005692454
GB;Functional Lisp;0;1;2.271061865195928;25.0;1.0;0.8472927493948175
GB;Game Scripting;0;1;2.247601433928509;14.0;1.0;0.8865550236881548
GB;Graphics/Hardware Languages;0;1;1.6583031646204731;35.0;1.0;0.7496648719903732
GB;Installer & Scripting Utilities;0;1;2.3709274578314825;20.0;1.0;0.8782760209720445
GB;Interactive Tools;0;1;1.155325395950293;25.0;1.0;0.8345411133219991
GB;Logic Programming;0;1;2.0814849049538844;19.0;1.0;0.8713707014195137
GB;Low-Level Hardware;0;1;1.8984509317220128;38.0;1.0;0.7599066892516194
GB;Low-Level Languages;0;1;2.2752759337772477;17.0;1.0;0.88341307715647
GB;Low-Level Utilities;0;1;1.973299234045903;32.0;1.0;0.7898955046156443
GB;Pascal-Based Systems;0;1;2.1680982060981715;22.0;1.0;0.8570750369171158
GB;Pure Functional;0;1;2.077565310264836;28.0;1.0;0.8229102187255537
GB;Specialized Tools;0;1;2.212220577256194;25.0;1.0;0.8543582710178171
GB;Strongly Typed Systems;0;1;1.0792405680470785;43.0;1.0;0.6886876960362629
GB;Text Parsing DSLs;0;1;2.073024704716692;31.0;1.0;0.8041680953140964
GB;Typed Scripting;0;1;0.747365478078604;31.0;1.0;0.7259582844059396
GB;Unix Build Tools;0;1;1.2872488211819004;46.0;1.0;0.6888730874262701
GB;Unix-Like Scripting;0;1;2.24682044305651;27.0;1.0;0.8359007445487501
GE;Dynamic General Purpose;0;1;-1.20746570607327;99.0;1.0;0.5703021046033574
GE;HTML-Centric Templating;0;1;-0.3300974919836952;51.0;1.0;0.3766792738326549
GE;JavaScript-Based Templating;0;1;-0.4118356804224901;52.0;1.0;0.3698825427285643
GE;Shell Scripting;0;1;-0.4634330858914763;107.0;1.0;0.3566529842184432
GE;Web Markup/Styling;0;1;-1.2565391492115314;111.0;1.0;0.5629228687415426
GH;Dynamic General Purpose;0;1;-1.20746570607327;99.0;1.0;0.6788417113990491
GH;Dynamic OOP Scripting;0;1;-0.4122572806689877;48.0;1.0;0.5024407975307635
GH;HTML-Centric Templating;0;1;-0.3300974919836952;51.0;1.0;0.4949258393484738
GH;Modern Contract/Typed;0;1;0.0174954206553288;49.0;1.0;0.3796291887223287
GH;Shell Scripting;0;1;-0.4634330858914763;107.0;1.0;0.4245723172628305
GH;Web Markup/Styling;0;1;-1.2565391492115314;111.0;1.0;0.665764546684709
GR;Cross-Platform Build Systems;0;1;1.675673582074391;35.0;1.0;0.4731163159620147
GR;Database Scripting;0;1;-0.4201486387872639;48.0;1.0;0.47056141582652
GR;Low-Level C-Based;0;1;1.378051715365754;38.0;1.0;0.4869911876250176
GR;Low-Level Hardware;0;1;1.8984509317220128;38.0;1.0;0.4318503099728995
GR;Low-Level Utilities;0;1;1.973299234045903;32.0;1.0;0.4342827500872093
GR;OOP System Programming;1;0;0.9641633338454;33.0;0.0;0.4685871530429429
GR;Popular JVM OOP;1;0;-0.3548183360732034;69.0;0.0;0.4912898510969399
GR;Shell Scripting;0;1;-0.4634330858914763;107.0;1.0;0.4716620350304669
GR;Strongly Typed Systems;0;1;1.0792405680470785;43.0;1.0;0.4762378275168793
GR;Text Parsing DSLs;0;1;2.073024704716692;31.0;1.0;0.4092376508141303
GR;Unix Build Tools;0;1;1.2872488211819004;46.0;1.0;0.4880689738846015
GT;Database Scripting;0;1;-0.4201486387872639;48.0;1.0;0.4727653542302265
GT;Dynamic General Purpose;0;1;-1.20746570607327;99.0;1.0;0.650675051179504
GT;Dynamic OOP Scripting;0;1;-0.4122572806689877;48.0;1.0;0.5220092268855571
GT;HTML-Centric Templating;0;1;-0.3300974919836952;51.0;1.0;0.5135809585798679
GT;JavaScript-Based Templating;0;1;-0.4118356804224901;52.0;1.0;0.5093277074837662
GT;Popular JVM OOP;0;1;-0.3548183360732034;69.0;1.0;0.4416212994418359
GT;Strongly Typed Systems;1;0;1.0792405680470785;43.0;0.0;0.228351695049032
GT;Web Markup/Styling;0;1;-1.2565391492115314;111.0;1.0;0.6359945872801082
HK;Cross-Platform Build Systems;0;1;1.675673582074391;35.0;1.0;0.6652440038018945
HK;Debugging/Testing Tools;0;1;2.271994959243408;20.0;1.0;0.6538990514754117
HK;Event Scripting;0;1;2.444536615566927;11.0;1.0;0.6872291526956755
HK;Functional JVM;0;1;2.072695561823899;32.0;1.0;0.6430458281859431
HK;Functional Lisp;0;1;2.271061865195928;25.0;1.0;0.6620596506354816
HK;Game Scripting;0;1;2.247601433928509;14.0;1.0;0.6808487522486948
HK;Installer & Scripting Utilities;0;1;2.3709274578314825;20.0;1.0;0.6653613042156725
HK;JavaScript-Based Templating;0;1;-0.4118356804224901;52.0;1.0;0.4557563523926003
HK;Low-Level C-Based;0;1;1.378051715365754;38.0;1.0;0.6478656470078051
HK;Low-Level Hardware;0;1;1.8984509317220128;38.0;1.0;0.638216669856089
HK;Low-Level Languages;0;1;2.2752759337772477;17.0;1.0;0.6659466022519711
HK;Low-Level Utilities;0;1;1.973299234045903;32.0;1.0;0.6643989002955498
HK;OOP System Programming;0;1;0.9641633338454;33.0;1.0;0.6528740241313953
HK;Pure Functional;1;0;2.077565310264836;28.0;0.0;0.6351465457340861
HK;Shell Scripting;0;1;-0.4634330858914763;107.0;1.0;0.4980751089921729
HK;Strongly Typed Systems;0;1;1.0792405680470785;43.0;1.0;0.6403550335916304
HK;Text Parsing DSLs;0;1;2.073024704716692;31.0;1.0;0.6554458132498834
HK;Unix Build Tools;0;1;1.2872488211819004;46.0;1.0;0.6288406810810818
HK;Unix-Like Scripting;0;1;2.24682044305651;27.0;1.0;0.6563452802610574
HN;Dynamic General Purpose;0;1;-1.20746570607327;99.0;1.0;0.5658415728172331
HN;Popular JVM OOP;0;1;-0.3548183360732034;69.0;1.0;0.377477885231898
HN;Shell Scripting;0;1;-0.4634330858914763;107.0;1.0;0.3726894934094791
HN;Web Markup/Styling;0;1;-1.2565391492115314;111.0;1.0;0.5629228687415425
HR;Cross-Platform Build Systems;0;1;1.675673582074391;35.0;1.0;0.3476516533945526
HR;Database Scripting;0;1;-0.4201486387872639;48.0;1.0;0.5520375253942925
HR;Dynamic General Purpose;0;1;-1.20746570607327;99.0;1.0;0.7680523471215355
HR;Enterprise OOP;0;1;0.6547672714360266;37.0;1.0;0.4500705933271162
HR;JavaScript-Based Templating;0;1;-0.4118356804224901;52.0;1.0;0.5713098462598323
HR;Low-Level C-Based;0;1;1.378051715365754;38.0;1.0;0.4076202321576856
HR;Modern Contract/Typed;0;1;0.0174954206553288;49.0;1.0;0.506897805155731
HR;Popular JVM OOP;1;0;-0.3548183360732034;69.0;0.0;0.6005873148355034
HR;Unix Build Tools;0;1;1.2872488211819004;46.0;1.0;0.4131241872627099
HR;Web Markup/Styling;0;1;-1.2565391492115314;111.0;1.0;0.7550744248985114
HT;Dynamic General Purpose;0;1;-1.20746570607327;99.0;1.0;0.2745035372163532
HT;Web Markup/Styling;0;1;-1.2565391492115314;111.0;1.0;0.2801082543978349
HU;Cross-Platform Build Systems;0;1;1.675673582074391;35.0;1.0;0.5403819470189781
HU;Data/Document DSLs;0;1;1.857410498538032;32.0;1.0;0.5060900549217257
HU;Functional JVM;0;1;2.072695561823899;32.0;1.0;0.5018777478612104
HU;HTML-Centric Templating;0;1;-0.3300974919836952;51.0;1.0;0.4439121440054129
HU;Low-Level C-Based;0;1;1.378051715365754;38.0;1.0;0.5559390205879616
HU;Low-Level Hardware;0;1;1.8984509317220128;38.0;1.0;0.5123087930171132
HU;Low-Level Utilities;0;1;1.973299234045903;32.0;1.0;0.5284116557423413
HU;OOP System Programming;1;0;0.9641633338454;33.0;0.0;0.513417564114683
HU;Popular JVM OOP;0;1;-0.3548183360732034;69.0;1.0;0.4368576243986681
HU;Scientific Tools;0;1;1.1819372675062847;34.0;1.0;0.5541552433563922
HU;Strongly Typed Systems;0;1;1.0792405680470785;43.0;1.0;0.5136854128629172
HU;Text Parsing DSLs;0;1;2.073024704716692;31.0;1.0;0.4986344150004538
HU;Unix Build Tools;0;1;1.2872488211819004;46.0;1.0;0.5444946989868467
ID;Debugging/Testing Tools;1;0;2.271994959243408;20.0;0.0;0.3650592767592837
ID;Desktop Automation;1;0;2.268219095786303;19.0;0.0;0.3801749055953536
ID;Dynamic General Purpose;0;1;-1.20746570607327;99.0;1.0;0.707175120470412
ID;Dynamic OOP Scripting;0;1;-0.4122572806689877;48.0;1.0;0.640470555745347
ID;HTML-Centric Templating;0;1;-0.3300974919836952;51.0;1.0;0.6073627174372415
ID;JavaScript-Based Templating;0;1;-0.4118356804224901;52.0;1.0;0.6295937234651707
ID;Logic Programming;1;0;2.0814849049538844;19.0;0.0;0.3891765720388307
ID;Low-Level Languages;0;1;2.2752759337772477;17.0;1.0;0.3863193947259005
ID;Modern Contract/Typed;0;1;0.0174954206553288;49.0;1.0;0.53902375391992
ID;Popular JVM OOP;0;1;-0.3548183360732034;69.0;1.0;0.5445948823358077
ID;Web Markup/Styling;0;1;-1.2565391492115314;111.0;1.0;0.6968876860622462
IE;Cross-Platform Build Systems;0;1;1.675673582074391;35.0;1.0;0.6232043616951655
IE;Data/Document DSLs;0;1;1.857410498538032;32.0;1.0;0.6288978576220554
IE;Functional JVM;0;1;2.072695561823899;32.0;1.0;0.6085933311785438
IE;Functional Lisp;0;1;2.271061865195928;25.0;1.0;0.6084624639501959
IE;Graphics/Hardware Languages;0;1;1.6583031646204731;35.0;1.0;0.6001845983294422
IE;Interactive Tools;0;1;1.155325395950293;25.0;1.0;0.5284573488300973
IE;Low-Level Hardware;0;1;1.8984509317220128;38.0;1.0;0.6009370976438422
IE;Low-Level Utilities;0;1;1.973299234045903;32.0;1.0;0.630687102334918
IE;Scientific Tools;0;1;1.1819372675062847;34.0;1.0;0.6346608327788748
IE;Shell Scripting;0;1;-0.4634330858914763;107.0;1.0;0.511281645973026
IE;Specialized Tools;0;1;2.212220577256194;25.0;1.0;0.5828659484870571
IE;Strongly Typed Systems;0;1;1.0792405680470785;43.0;1.0;0.5801497013208972
IE;Text Parsing DSLs;0;1;2.073024704716692;31.0;1.0;0.6044689279119742
IE;Unix Build Tools;0;1;1.2872488211819004;46.0;1.0;0.6219062447045749
IL;Cross-Platform Build Systems;0;1;1.675673582074391;35.0;1.0;0.5049762299608401
IL;Data/Document DSLs;0;1;1.857410498538032;32.0;1.0;0.5339674124335678
IL;Enterprise OOP;0;1;0.6547672714360266;37.0;1.0;0.5379914582892966
IL;Functional JVM;0;1;2.072695561823899;32.0;1.0;0.503393812722924
IL;Functional Lisp;0;1;2.271061865195928;25.0;1.0;0.4892033537513889
IL;Graphics/Hardware Languages;0;1;1.6583031646204731;35.0;1.0;0.5046658119215865
IL;Low-Level Utilities;0;1;1.973299234045903;32.0;1.0;0.5161438027393436
IL;Scientific Tools;0;1;1.1819372675062847;34.0;1.0;0.556382514400901
IL;Specialized Tools;0;1;2.212220577256194;25.0;1.0;0.4804310571388549
IL;Text Parsing DSLs;0;1;2.073024704716692;31.0;1.0;0.4949760335236371
IL;Typed Scripting;0;1;0.747365478078604;31.0;1.0;0.4549640526086315
IL;Unix Build Tools;0;1;1.2872488211819004;46.0;1.0;0.5034551174471626
IL;Unix-Like Scripting;0;1;2.24682044305651;27.0;1.0;0.4801187580165897
IN;Dynamic General Purpose;0;1;-1.20746570607327;99.0;1.0;0.5272670050967312
IN;Dynamic OOP Scripting;0;1;-0.4122572806689877;48.0;1.0;0.4103647264128395
IN;Interactive Tools;0;1;1.155325395950293;25.0;1.0;0.3694086479948311
IN;Modern Contract/Typed;0;1;0.0174954206553288;49.0;1.0;0.3916453773391753
IN;Popular JVM OOP;0;1;-0.3548183360732034;69.0;1.0;0.4369406820375645
IN;Specialized Tools;0;1;2.212220577256194;25.0;1.0;0.334323222799044
IN;Web Markup/Styling;0;1;-1.2565391492115314;111.0;1.0;0.5385656292286873
IQ;Dynamic General Purpose;0;1;-1.20746570607327;99.0;1.0;0.5346178503143629
IQ;Modern Contract/Typed;0;1;0.0174954206553288;49.0;1.0;0.2418846535277309
IQ;OOP System Programming;0;1;0.9641633338454;33.0;1.0;0.1532389006788181
IQ;Shell Scripting;0;1;-0.4634330858914763;107.0;1.0;0.3519363638681386
IQ;Web Markup/Styling;0;1;-1.2565391492115314;111.0;1.0;0.5331529093369417
IR;Dynamic General Purpose;0;1;-1.20746570607327;99.0;1.0;0.6654601160406761
IR;Dynamic OOP Scripting;0;1;-0.4122572806689877;48.0;1.0;0.4971127017799484
IR;Enterprise OOP;0;1;0.6547672714360266;37.0;1.0;0.3347837741519815
IR;HTML-Centric Templating;0;1;-0.3300974919836952;51.0;1.0;0.5275455815597342
IR;JavaScript-Based Templating;0;1;-0.4118356804224901;52.0;1.0;0.4959678820639079
IR;Shell Scripting;0;1;-0.4634330858914763;107.0;1.0;0.4717385207658772
IR;Strongly Typed Systems;0;1;1.0792405680470785;43.0;1.0;0.2920031126195418
IR;Unix Build Tools;0;1;1.2872488211819004;46.0;1.0;0.2837070912334863
IR;Web Markup/Styling;0;1;-1.2565391492115314;111.0;1.0;0.6562922868741542
IS;Dynamic General Purpose;0;1;-1.20746570607327;99.0;1.0;0.4290519313760874
IS;OOP System Programming;0;1;0.9641633338454;33.0;1.0;0.1468070860454506
IS;Shell Scripting;0;1;-0.4634330858914763;107.0;1.0;0.3076001325752747
IS;Unix Build Tools;0;1;1.2872488211819004;46.0;1.0;0.1361863603978388
IT;Batch/High-Level Tools;0;1;2.063356409533316;29.0;1.0;0.8627199962580722
IT;Concurrency-Oriented;0;1;2.024662047859878;20.0;1.0;0.8492560941299772
IT;Cross-Platform Build Systems;0;1;1.675673582074391;35.0;1.0;0.8483034779855646
IT;Database Scripting;0;1;-0.4201486387872639;48.0;1.0;0.6476945481486085
IT;Debugging/Testing Tools;0;1;2.271994959243408;20.0;1.0;0.860573794542479
IT;Desktop Automation;0;1;2.268219095786303;19.0;1.0;0.8538463678474739
IT;Functional JVM;0;1;2.072695561823899;32.0;1.0;0.866438691201561
IT;Functional Lisp;0;1;2.271061865195928;25.0;1.0;0.8750557780740876
IT;Installer & Scripting Utilities;0;1;2.3709274578314825;20.0;1.0;0.8653211053470747
IT;Interactive Tools;0;1;1.155325395950293;25.0;1.0;0.8444792494510877
IT;Logic Programming;0;1;2.0814849049538844;19.0;1.0;0.8516937799134717
IT;Low-Level C-Based;0;1;1.378051715365754;38.0;1.0;0.8237939861063092
IT;Low-Level Hardware;0;1;1.8984509317220128;38.0;1.0;0.8488629449825646
IT;Low-Level Languages;0;1;2.2752759337772477;17.0;1.0;0.8428959325174447
IT;Low-Level Utilities;0;1;1.973299234045903;32.0;1.0;0.8660078864061607
IT;OOP System Programming;0;1;0.9641633338454;33.0;1.0;0.8233723113485134
IT;Pascal-Based Systems;0;1;2.1680982060981715;22.0;1.0;0.8730094790196654
IT;Popular JVM OOP;1;0;-0.3548183360732034;69.0;0.0;0.6847553704734929
IT;Pure Functional;0;1;2.077565310264836;28.0;1.0;0.8654795412063108
IT;Shell Scripting;0;1;-0.4634330858914763;107.0;1.0;0.6612701731127145
IT;Specialized Tools;0;1;2.212220577256194;25.0;1.0;0.8802695089043516
IT;Text Parsing DSLs;0;1;2.073024704716692;31.0;1.0;0.8652733133672307
IT;Unix Build Tools;0;1;1.2872488211819004;46.0;1.0;0.8080840068909574
IT;Unix-Like Scripting;0;1;2.24682044305651;27.0;1.0;0.8812864641027868
JM;Dynamic General Purpose;0;1;-1.20746570607327;99.0;1.0;0.4632493417363738
JM;Popular JVM OOP;0;1;-0.3548183360732034;69.0;1.0;0.2698236849336548
JM;Shell Scripting;0;1;-0.4634330858914763;107.0;1.0;0.2991102159447263
JM;Web Markup/Styling;0;1;-1.2565391492115314;111.0;1.0;0.4654939106901217
JO;Dynamic General Purpose;0;1;-1.20746570607327;99.0;1.0;0.5717889485320655
JO;Modern Contract/Typed;0;1;0.0174954206553288;49.0;1.0;0.2605046830975944
JO;Shell Scripting;0;1;-0.4634330858914763;107.0;1.0;0.3670295489891135
JO;Web Markup/Styling;0;1;-1.2565391492115314;111.0;1.0;0.5683355886332881
JP;Batch/High-Level Tools;0;1;2.063356409533316;29.0;1.0;0.7084293660027307
JP;Concurrency-Oriented;0;1;2.024662047859878;20.0;1.0;0.7744157337114195
JP;Cross-Platform Build Systems;0;1;1.675673582074391;35.0;1.0;0.6722049990488476
JP;Debugging/Testing Tools;0;1;2.271994959243408;20.0;1.0;0.7764153544084943
JP;Desktop Automation;0;1;2.268219095786303;19.0;1.0;0.787213791439424
JP;Event Scripting;0;1;2.444536615566927;11.0;1.0;0.8324971935259048
JP;Functional JVM;0;1;2.072695561823899;32.0;1.0;0.7034709404969617
JP;Functional Lisp;0;1;2.271061865195928;25.0;1.0;0.7345146219608565
JP;Game Scripting;0;1;2.247601433928509;14.0;1.0;0.8079404685827514
JP;Graphics/Hardware Languages;0;1;1.6583031646204731;35.0;1.0;0.6824534126156571
JP;Installer & Scripting Utilities;0;1;2.3709274578314825;20.0;1.0;0.776704715988146
JP;Interactive Tools;0;1;1.155325395950293;25.0;1.0;0.7482625012700693
JP;Logic Programming;0;1;2.0814849049538844;19.0;1.0;0.7822964964457427
JP;Low-Level Languages;0;1;2.2752759337772477;17.0;1.0;0.7992696771396349
JP;Pure Functional;0;1;2.077565310264836;28.0;1.0;0.717756443092453
JP;Shell Scripting;0;1;-0.4634330858914763;107.0;1.0;0.5367513958646712
JP;Strongly Typed Systems;0;1;1.0792405680470785;43.0;1.0;0.663021866628435
JP;Text Parsing DSLs;0;1;2.073024704716692;31.0;1.0;0.705372617339008
JP;Typed Scripting;0;1;0.747365478078604;31.0;1.0;0.672919980001056
KE;Database Scripting;0;1;-0.4201486387872639;48.0;1.0;0.4536249931302797
KE;Dynamic OOP Scripting;0;1;-0.4122572806689877;48.0;1.0;0.5024407975307635
KE;HTML-Centric Templating;0;1;-0.3300974919836952;51.0;1.0;0.4949258393484738
KE;JavaScript-Based Templating;1;0;-0.4118356804224901;52.0;0.0;0.4940281076125949
KE;Modern Contract/Typed;1;0;0.0174954206553288;49.0;0.0;0.3796291887223287
KE;Shell Scripting;0;1;-0.4634330858914763;107.0;1.0;0.4245723172628305
KG;Dynamic General Purpose;0;1;-1.20746570607327;99.0;1.0;0.4840651567382873
KG;Popular JVM OOP;1;0;-0.3548183360732034;69.0;0.0;0.2994675951607072
KG;Web Markup/Styling;0;1;-1.2565391492115314;111.0;1.0;0.4830852503382949
KH;Dynamic General Purpose;0;1;-1.20746570607327;99.0;1.0;0.6996575264009626
KH;HTML-Centric Templating;0;1;-0.3300974919836952;51.0;1.0;0.5153131782305116
KH;JavaScript-Based Templating;0;1;-0.4118356804224901;52.0;1.0;0.5153656265770378
KH;Modern Contract/Typed;0;1;0.0174954206553288;49.0;1.0;0.4038352271631513
KH;Shell Scripting;0;1;-0.4634330858914763;107.0;1.0;0.4453254468041711
KH;Web Markup/Styling;0;1;-1.2565391492115314;111.0;1.0;0.6833558863328822
KR;Batch/High-Level Tools;0;1;2.063356409533316;29.0;1.0;0.4046238325997792
KR;Game Scripting;1;0;2.247601433928509;14.0;0.0;0.4532652017326937
KR;Graphics/Hardware Languages;0;1;1.6583031646204731;35.0;1.0;0.4136466289135425
KR;Low-Level C-Based;0;1;1.378051715365754;38.0;1.0;0.4454246539418194
KR;Low-Level Hardware;0;1;1.8984509317220128;38.0;1.0;0.4249875874256837
KR;Low-Level Languages;1;0;2.2752759337772477;17.0;0.0;0.4345165334503036
KR;Modern Contract/Typed;0;1;0.0174954206553288;49.0;1.0;0.3857584386973902
KR;OOP System Programming;0;1;0.9641633338454;33.0;1.0;0.4526309484483189
KR;Popular JVM OOP;0;1;-0.3548183360732034;69.0;1.0;0.386931038753106
KR;Unix-Like Scripting;1;0;2.24682044305651;27.0;0.0;0.4119163156850804
KW;Dynamic General Purpose;0;1;-1.20746570607327;99.0;1.0;0.5138020353124494
KW;Shell Scripting;0;1;-0.4634330858914763;107.0;1.0;0.3311832343267981
KW;Web Markup/Styling;0;1;-1.2565391492115314;111.0;1.0;0.5155615696887685
KZ;Dynamic General Purpose;0;1;-1.20746570607327;99.0;1.0;0.7844076303373246
KZ;Dynamic OOP Scripting;1;0;-0.4122572806689877;48.0;0.0;0.571399097644846
KZ;HTML-Centric Templating;0;1;-0.3300974919836952;51.0;1.0;0.5677884157008
KZ;JavaScript-Based Templating;0;1;-0.4118356804224901;52.0;1.0;0.5693700718085194
KZ;Modern Contract/Typed;0;1;0.0174954206553288;49.0;1.0;0.4413991129040934
KZ;Popular JVM OOP;0;1;-0.3548183360732034;69.0;1.0;0.5007341435443793
KZ;Shell Scripting;0;1;-0.4634330858914763;107.0;1.0;0.5056981872880709
KZ;Strongly Typed Systems;0;1;1.0792405680470785;43.0;1.0;0.2447756162204662
KZ;Web Markup/Styling;0;1;-1.2565391492115314;111.0;1.0;0.7645466847090662
LA;Dynamic General Purpose;0;1;-1.20746570607327;99.0;1.0;0.2745035372163532
LA;Web Markup/Styling;0;1;-1.2565391492115314;111.0;1.0;0.2801082543978349
LB;Dynamic General Purpose;0;1;-1.20746570607327;99.0;1.0;0.522723098884698
LB;HTML-Centric Templating;0;1;-0.3300974919836952;51.0;1.0;0.2593907086890522
LB;Shell Scripting;0;1;-0.4634330858914763;107.0;1.0;0.3358998546771028
LB;Web Markup/Styling;0;1;-1.2565391492115314;111.0;1.0;0.5223274695534506
LK;Batch/High-Level Tools;0;1;2.063356409533316;29.0;1.0;0.354206303341599
LK;Dynamic General Purpose;0;1;-1.20746570607327;99.0;1.0;0.7814339424799084
LK;Dynamic OOP Scripting;0;1;-0.4122572806689877;48.0;1.0;0.6323169923958323
LK;Functional JVM;0;1;2.072695561823899;32.0;1.0;0.3594457057262082
LK;HTML-Centric Templating;0;1;-0.3300974919836952;51.0;1.0;0.6447114135595654
LK;Low-Level Utilities;1;0;1.973299234045903;32.0;0.0;0.3643333806370391
LK;Modern Contract/Typed;0;1;0.0174954206553288;49.0;1.0;0.574854594071173
LK;Popular JVM OOP;0;1;-0.3548183360732034;69.0;1.0;0.6099485496440464
LK;Scientific Tools;0;1;1.1819372675062847;34.0;1.0;0.4725465926493434
LK;Web Markup/Styling;0;1;-1.2565391492115314;111.0;1.0;0.7861975642760486
LR;Web Markup/Styling;0;1;-1.2565391492115314;111.0;1.0;0.1502029769959404
LT;Database Scripting;0;1;-0.4201486387872639;48.0;1.0;0.5601774635257389
LT;Graphics/Hardware Languages;0;1;1.6583031646204731;35.0;1.0;0.2458583925654098
LT;HTML-Centric Templating;0;1;-0.3300974919836952;51.0;1.0;0.594291956247449
LT;JavaScript-Based Templating;0;1;-0.4118356804224901;52.0;1.0;0.5887678163216491
LT;Popular JVM OOP;0;1;-0.3548183360732034;69.0;1.0;0.5366188769771271
LT;Shell Scripting;0;1;-0.4634330858914763;107.0;1.0;0.5566376870713613
LT;Strongly Typed Systems;0;1;1.0792405680470785;43.0;1.0;0.3442485202452433
LT;Unix Build Tools;0;1;1.2872488211819004;46.0;1.0;0.3200003101910483
LT;Web Markup/Styling;0;1;-1.2565391492115314;111.0;1.0;0.7550744248985114
LU;Dynamic General Purpose;0;1;-1.20746570607327;99.0;1.0;0.5182625670985738
LU;Interactive Tools;0;1;1.155325395950293;25.0;1.0;0.1654544214879618
LU;Low-Level C-Based;1;0;1.378051715365754;38.0;0.0;0.1814439376206683
LU;Popular JVM OOP;0;1;-0.3548183360732034;69.0;1.0;0.3478339750048455
LU;Shell Scripting;0;1;-0.4634330858914763;107.0;1.0;0.3774061137597838
LU;Unix Build Tools;0;1;1.2872488211819004;46.0;1.0;0.1914457131332236
LU;Web Markup/Styling;0;1;-1.2565391492115314;111.0;1.0;0.5182679296346413
LV;Dynamic General Purpose;0;1;-1.20746570607327;99.0;1.0;0.7561575956918706
LV;HTML-Centric Templating;0;1;-0.3300974919836952;51.0;1.0;0.5433236090423547
LV;JavaScript-Based Templating;0;1;-0.4118356804224901;52.0;1.0;0.5422132294901377
LV;Popular JVM OOP;1;0;-0.3548183360732034;69.0;0.0;0.4898127029344126
LV;Shell Scripting;0;1;-0.4634330858914763;107.0;1.0;0.5094714835683146
LV;Strongly Typed Systems;0;1;1.0792405680470785;43.0;1.0;0.2712613178667326
LV;Web Markup/Styling;0;1;-1.2565391492115314;111.0;1.0;0.7361299052774019
LY;Dynamic General Purpose;0;1;-1.20746570607327;99.0;1.0;0.2745035372163532
LY;Web Markup/Styling;0;1;-1.2565391492115314;111.0;1.0;0.2801082543978349
MA;Dynamic OOP Scripting;0;1;-0.4122572806689877;48.0;1.0;0.4448973634219601
MA;HTML-Centric Templating;0;1;-0.3300974919836952;51.0;1.0;0.4337638227023606
MA;JavaScript-Based Templating;1;0;-0.4118356804224901;52.0;0.0;0.4377746485245186
MA;Shell Scripting;0;1;-0.4634330858914763;107.0;1.0;0.3924992988807588
MD;Dynamic General Purpose;0;1;-1.20746570607327;99.0;1.0;0.5851705438904384
MD;JavaScript-Based Templating;0;1;-0.4118356804224901;52.0;1.0;0.3249584909430841
MD;Popular JVM OOP;0;1;-0.3548183360732034;69.0;1.0;0.3571952098133884
MD;Shell Scripting;0;1;-0.4634330858914763;107.0;1.0;0.3717461693394183
MD;Web Markup/Styling;0;1;-1.2565391492115314;111.0;1.0;0.5764546684709065
ME;Dynamic General Purpose;0;1;-1.20746570607327;99.0;1.0;0.3859334574435523
ME;Shell Scripting;0;1;-0.4634330858914763;107.0;1.0;0.2510006883716187
ME;Web Markup/Styling;0;1;-1.2565391492115314;111.0;1.0;0.3897158322056833
MG;Dynamic General Purpose;0;1;-1.20746570607327;99.0;1.0;0.3859334574435523
MG;Shell Scripting;0;1;-0.4634330858914763;107.0;1.0;0.2510006883716187
MG;Web Markup/Styling;0;1;-1.2565391492115314;111.0;1.0;0.3897158322056833
MK;Dynamic General Purpose;0;1;-1.20746570607327;99.0;1.0;0.5152888792411575
MK;Popular JVM OOP;0;1;-0.3548183360732034;69.0;1.0;0.3337921227920312
MK;Shell Scripting;0;1;-0.4634330858914763;107.0;1.0;0.3387298268872856
MK;Web Markup/Styling;0;1;-1.2565391492115314;111.0;1.0;0.5236806495263869
MM;Dynamic General Purpose;0;1;-1.20746570607327;99.0;1.0;0.6788417113990491
MM;Dynamic OOP Scripting;0;1;-0.4122572806689877;48.0;1.0;0.5024407975307635
MM;HTML-Centric Templating;0;1;-0.3300974919836952;51.0;1.0;0.4949258393484738
MM;JavaScript-Based Templating;0;1;-0.4118356804224901;52.0;1.0;0.4940281076125949
MM;Modern Contract/Typed;0;1;0.0174954206553288;49.0;1.0;0.3796291887223287
MM;Shell Scripting;0;1;-0.4634330858914763;107.0;1.0;0.4245723172628305
MM;Web Markup/Styling;0;1;-1.2565391492115314;111.0;1.0;0.665764546684709
MN;Dynamic General Purpose;0;1;-1.20746570607327;99.0;1.0;0.3859334574435523
MN;Shell Scripting;0;1;-0.4634330858914763;107.0;1.0;0.2510006883716187
MN;Web Markup/Styling;0;1;-1.2565391492115314;111.0;1.0;0.3897158322056833
MO;Dynamic General Purpose;0;1;-1.20746570607327;99.0;1.0;0.3859334574435523
MO;Shell Scripting;0;1;-0.4634330858914763;107.0;1.0;0.2510006883716187
MO;Web Markup/Styling;0;1;-1.2565391492115314;111.0;1.0;0.3897158322056833
MT;Dynamic General Purpose;0;1;-1.20746570607327;99.0;1.0;0.5033941278114926
MT;Interactive Tools;0;1;1.155325395950293;25.0;1.0;0.1465069259652833
MT;Popular JVM OOP;0;1;-0.3548183360732034;69.0;1.0;0.3166298589763692
MT;Shell Scripting;0;1;-0.4634330858914763;107.0;1.0;0.3349565306070418
MT;Web Markup/Styling;0;1;-1.2565391492115314;111.0;1.0;0.5060893098782138
MU;Dynamic General Purpose;0;1;-1.20746570607327;99.0;1.0;0.4632493417363738
MU;Popular JVM OOP;0;1;-0.3548183360732034;69.0;1.0;0.2698236849336548
MU;Shell Scripting;0;1;-0.4634330858914763;107.0;1.0;0.2991102159447263
MU;Web Markup/Styling;0;1;-1.2565391492115314;111.0;1.0;0.4654939106901217
MV;Web Markup/Styling;0;1;-1.2565391492115314;111.0;1.0;0.1502029769959404
MW;Web Markup/Styling;0;1;-1.2565391492115314;111.0;1.0;0.1502029769959404
MX;Batch/High-Level Tools;1;0;2.063356409533316;29.0;0.0;0.3811999291686801
MX;Concurrency-Oriented;0;1;2.024662047859878;20.0;1.0;0.3589014943037555
MX;Dynamic OOP Scripting;0;1;-0.4122572806689877;48.0;1.0;0.662226946727842
MX;Enterprise OOP;0;1;0.6547672714360266;37.0;1.0;0.5588267810871906
MX;Graphics/Hardware Languages;0;1;1.6583031646204731;35.0;1.0;0.4319601800869739
MX;HTML-Centric Templating;0;1;-0.3300974919836952;51.0;1.0;0.6746409357479661
MX;JavaScript-Based Templating;0;1;-0.4118356804224901;52.0;1.0;0.6218346256599188
MX;Logic Programming;0;1;2.0814849049538844;19.0;1.0;0.3563875189463119
MX;Low-Level C-Based;0;1;1.378051715365754;38.0;1.0;0.4358958182013339
MX;Low-Level Hardware;1;0;1.8984509317220128;38.0;0.0;0.4051512877827133
MX;Popular JVM OOP;0;1;-0.3548183360732034;69.0;1.0;0.5976418795842174
MX;Typed Scripting;0;1;0.747365478078604;31.0;1.0;0.4909559413700974
MX;Web Markup/Styling;0;1;-1.2565391492115314;111.0;1.0;0.7185385656292287
MY;Dynamic General Purpose;0;1;-1.20746570607327;99.0;1.0;0.704118058187087
MY;Dynamic OOP Scripting;0;1;-0.4122572806689877;48.0;1.0;0.5633586922817501
MY;Enterprise OOP;0;1;0.6547672714360266;37.0;1.0;0.3881975624366695
MY;HTML-Centric Templating;0;1;-0.3300974919836952;51.0;1.0;0.5866688643176436
MY;JavaScript-Based Templating;0;1;-0.4118356804224901;52.0;1.0;0.5464020177980453
MY;Modern Contract/Typed;0;1;0.0174954206553288;49.0;1.0;0.4801773483995918
MY;Scientific Tools;0;1;1.1819372675062847;34.0;1.0;0.3304176835054299
MZ;Dynamic General Purpose;0;1;-1.20746570607327;99.0;1.0;0.3518194215091748
MZ;Popular JVM OOP;0;1;-0.3548183360732034;69.0;1.0;0.2185118698382304
MZ;Web Markup/Styling;0;1;-1.2565391492115314;111.0;1.0;0.3558863328822733
NG;Dynamic OOP Scripting;1;0;-0.4122572806689877;48.0;0.0;0.5328997449062568
NG;HTML-Centric Templating;1;0;-0.3300974919836952;51.0;0.0;0.5336617832243455
NG;JavaScript-Based Templating;1;0;-0.4118356804224901;52.0;0.0;0.5192451754796636
NG;Modern Contract/Typed;0;1;0.0174954206553288;49.0;1.0;0.4224552567330148
NG;Shell Scripting;0;1;-0.4634330858914763;107.0;1.0;0.4443821227341101
NG;Web Markup/Styling;0;1;-1.2565391492115314;111.0;1.0;0.686062246278755
NI;Dynamic General Purpose;0;1;-1.20746570607327;99.0;1.0;0.4632493417363738
NI;Popular JVM OOP;0;1;-0.3548183360732034;69.0;1.0;0.2698236849336548
NI;Shell Scripting;0;1;-0.4634330858914763;107.0;1.0;0.2991102159447263
NI;Web Markup/Styling;0;1;-1.2565391492115314;111.0;1.0;0.4654939106901217
NL;Batch/High-Level Tools;0;1;2.063356409533316;29.0;1.0;0.8338176652480375
NL;Concurrency-Oriented;0;1;2.024662047859878;20.0;1.0;0.8874382271199625
NL;Data/Document DSLs;0;1;1.857410498538032;32.0;1.0;0.8047575504503623
NL;Debugging/Testing Tools;0;1;2.271994959243408;20.0;1.0;0.8931432078633954
NL;Desktop Automation;0;1;2.268219095786303;19.0;1.0;0.895317759046661
NL;Event Scripting;0;1;2.444536615566927;11.0;1.0;0.9279601243421656
NL;Functional JVM;0;1;2.072695561823899;32.0;1.0;0.8277885052811513
NL;Functional Lisp;0;1;2.271061865195928;25.0;1.0;0.8613074936461612
NL;Game Scripting;0;1;2.247601433928509;14.0;1.0;0.9106778118028028
NL;Graphics/Hardware Languages;0;1;1.6583031646204731;35.0;1.0;0.778920023259447
NL;Installer & Scripting Utilities;0;1;2.3709274578314825;20.0;1.0;0.8955927439659196
NL;Interactive Tools;0;1;1.155325395950293;25.0;1.0;0.8532391098418434
NL;Logic Programming;0;1;2.0814849049538844;19.0;1.0;0.8921936221394822
NL;Low-Level Hardware;0;1;1.8984509317220128;38.0;1.0;0.7801184789748009
NL;Low-Level Languages;0;1;2.2752759337772477;17.0;1.0;0.9038054410905468
NL;Low-Level Utilities;0;1;1.973299234045903;32.0;1.0;0.8165950120842322
NL;Pascal-Based Systems;0;1;2.1680982060981715;22.0;1.0;0.8733939644655495
NL;Pure Functional;0;1;2.077565310264836;28.0;1.0;0.8452670735321838
NL;Shell Scripting;0;1;-0.4634330858914763;107.0;1.0;0.5744843586671086
NL;Specialized Tools;0;1;2.212220577256194;25.0;1.0;0.8699838728955154
NL;Strongly Typed Systems;0;1;1.0792405680470785;43.0;1.0;0.731524362177028
NL;Text Parsing DSLs;0;1;2.073024704716692;31.0;1.0;0.8288254947327099
NL;Typed Scripting;0;1;0.747365478078604;31.0;1.0;0.7697221304829156
NL;Unix-Like Scripting;0;1;2.24682044305651;27.0;1.0;0.851716231458995
NO;Cross-Platform Build Systems;0;1;1.675673582074391;35.0;1.0;0.6013217059504189
NO;Data/Document DSLs;0;1;1.857410498538032;32.0;1.0;0.5965965365829852
NO;Functional JVM;0;1;2.072695561823899;32.0;1.0;0.5966757327865686
NO;Functional Lisp;0;1;2.271061865195928;25.0;1.0;0.6048813782721132
NO;Low-Level Hardware;0;1;1.8984509317220128;38.0;1.0;0.5759900750153228
NO;Low-Level Utilities;0;1;1.973299234045903;32.0;1.0;0.6188152044170443
NO;Pascal-Based Systems;0;1;2.1680982060981715;22.0;1.0;0.5295487438892177
NO;Pure Functional;0;1;2.077565310264836;28.0;1.0;0.5838632251551874
NO;Specialized Tools;0;1;2.212220577256194;25.0;1.0;0.5767491932345148
NO;Strongly Typed Systems;0;1;1.0792405680470785;43.0;1.0;0.5411266129666651
NO;Text Parsing DSLs;0;1;2.073024704716692;31.0;1.0;0.5930279861694763
NO;Unix Build Tools;0;1;1.2872488211819004;46.0;1.0;0.5750762847593336
NO;Unix-Like Scripting;0;1;2.24682044305651;27.0;1.0;0.5871993133523551
NP;Dynamic General Purpose;0;1;-1.20746570607327;99.0;1.0;0.7234470292602924
NP;Dynamic OOP Scripting;0;1;-0.4122572806689877;48.0;1.0;0.5655343313799995
NP;HTML-Centric Templating;0;1;-0.3300974919836952;51.0;1.0;0.5703589932120134
NP;JavaScript-Based Templating;1;0;-0.4118356804224901;52.0;0.0;0.5580406645059233
NP;Modern Contract/Typed;0;1;0.0174954206553288;49.0;1.0;0.4485232981308237
NP;Shell Scripting;1;0;-0.4634330858914763;107.0;0.0;0.4773984651862428
NP;Web Markup/Styling;0;1;-1.2565391492115314;111.0;1.0;0.7090663058186738
NZ;Cross-Platform Build Systems;0;1;1.675673582074391;35.0;1.0;0.5016532447888181
NZ;Data/Document DSLs;0;1;1.857410498538032;32.0;1.0;0.4751961923226324
NZ;Functional Lisp;0;1;2.271061865195928;25.0;1.0;0.448041989238006
NZ;Graphics/Hardware Languages;0;1;1.6583031646204731;35.0;1.0;0.4715936419659409
NZ;Low-Level C-Based;0;1;1.378051715365754;38.0;1.0;0.5179138223561595
NZ;Low-Level Hardware;0;1;1.8984509317220128;38.0;1.0;0.4811580707997323
NZ;Low-Level Utilities;0;1;1.973299234045903;32.0;1.0;0.4790487062441388
NZ;Shell Scripting;0;1;-0.4634330858914763;107.0;1.0;0.4084593223363843
NZ;Specialized Tools;0;1;2.212220577256194;25.0;1.0;0.4174159212011135
NZ;Strongly Typed Systems;0;1;1.0792405680470785;43.0;1.0;0.4824195154013412
NZ;Unix Build Tools;0;1;1.2872488211819004;46.0;1.0;0.523095029220116
OM;Dynamic General Purpose;0;1;-1.20746570607327;99.0;1.0;0.3859334574435523
OM;Shell Scripting;0;1;-0.4634330858914763;107.0;1.0;0.2510006883716187
OM;Web Markup/Styling;0;1;-1.2565391492115314;111.0;1.0;0.3897158322056833
PA;Dynamic General Purpose;0;1;-1.20746570607327;99.0;1.0;0.4632493417363738
PA;Popular JVM OOP;0;1;-0.3548183360732034;69.0;1.0;0.2698236849336548
PA;Shell Scripting;0;1;-0.4634330858914763;107.0;1.0;0.2991102159447263
PA;Web Markup/Styling;0;1;-1.2565391492115314;111.0;1.0;0.4654939106901217
PE;Data/Document DSLs;0;1;1.857410498538032;32.0;1.0;0.2332407194830843
PE;Database Scripting;1;0;-0.4201486387872639;48.0;0.0;0.5804736220764781
PE;Dynamic General Purpose;0;1;-1.20746570607327;99.0;1.0;0.8245524164124434
PE;Dynamic OOP Scripting;0;1;-0.4122572806689877;48.0;1.0;0.6562490224765769
PE;Enterprise OOP;0;1;0.6547672714360266;37.0;1.0;0.4244244151542066
PE;HTML-Centric Templating;0;1;-0.3300974919836952;51.0;1.0;0.6472990373407472
PE;JavaScript-Based Templating;0;1;-0.4118356804224901;52.0;1.0;0.6217439819939697
PE;Modern Contract/Typed;0;1;0.0174954206553288;49.0;1.0;0.5400852696243702
PE;Popular JVM OOP;0;1;-0.3548183360732034;69.0;1.0;0.5834250510198414
PE;Typed Scripting;0;1;0.747365478078604;31.0;1.0;0.3559981149770567
PE;Web Markup/Styling;0;1;-1.2565391492115314;111.0;1.0;0.8200270635994586
PH;Dynamic General Purpose;0;1;-1.20746570607327;99.0;1.0;0.5540301958134771
PH;Dynamic OOP Scripting;0;1;-0.4122572806689877;48.0;1.0;0.4736084962100363
PH;Enterprise OOP;0;1;0.6547672714360266;37.0;1.0;0.2958871134666615
PH;HTML-Centric Templating;0;1;-0.3300974919836952;51.0;1.0;0.483531793879821
PH;JavaScript-Based Templating;0;1;-0.4118356804224901;52.0;1.0;0.4475641644470327
PH;Scientific Tools;0;1;1.1819372675062847;34.0;1.0;0.2433664258565159
PH;Web Markup/Styling;0;1;-1.2565391492115314;111.0;1.0;0.5548037889039241
PK;Dynamic OOP Scripting;0;1;-0.4122572806689877;48.0;1.0;0.4105149623608005
PK;Enterprise OOP;0;1;0.6547672714360266;37.0;1.0;0.2956761141400628
PK;HTML-Centric Templating;0;1;-0.3300974919836952;51.0;1.0;0.4279370890053411
PK;Modern Contract/Typed;0;1;0.0174954206553288;49.0;1.0;0.3667869235400225
PK;OOP System Programming;0;1;0.9641633338454;33.0;1.0;0.1943771817126548
PK;Scientific Tools;0;1;1.1819372675062847;34.0;1.0;0.2510713765721763
PK;Web Markup/Styling;0;1;-1.2565391492115314;111.0;1.0;0.514208389715832
PL;Batch/High-Level Tools;0;1;2.063356409533316;29.0;1.0;0.7625703498368018
PL;Concurrency-Oriented;0;1;2.024662047859878;20.0;1.0;0.7993590168092887
PL;Cross-Platform Build Systems;0;1;1.675673582074391;35.0;1.0;0.7210378780354303
PL;Data/Document DSLs;0;1;1.857410498538032;32.0;1.0;0.7488357058274325
PL;Database Scripting;0;1;-0.4201486387872639;48.0;1.0;0.5314679782125392
PL;Debugging/Testing Tools;0;1;2.271994959243408;20.0;1.0;0.7963609848237787
PL;Desktop Automation;0;1;2.268219095786303;19.0;1.0;0.8053362760162621
PL;Enterprise OOP;0;1;0.6547672714360266;37.0;1.0;0.6205222623657136
PL;Functional JVM;0;1;2.072695561823899;32.0;1.0;0.7650029328194087
PL;Game Scripting;0;1;2.247601433928509;14.0;1.0;0.8075562283925839
PL;Graphics/Hardware Languages;0;1;1.6583031646204731;35.0;1.0;0.7207852837101109
PL;Installer & Scripting Utilities;0;1;2.3709274578314825;20.0;1.0;0.8059616587371962
PL;Logic Programming;0;1;2.0814849049538844;19.0;1.0;0.798186182003383
PL;Low-Level Hardware;0;1;1.8984509317220128;38.0;1.0;0.7263087204729904
PL;Low-Level Utilities;0;1;1.973299234045903;32.0;1.0;0.7509703721436229
PL;OOP System Programming;0;1;0.9641633338454;33.0;1.0;0.701282146272515
PL;Pascal-Based Systems;0;1;2.1680982060981715;22.0;1.0;0.7943216501295818
PL;Popular JVM OOP;0;1;-0.3548183360732034;69.0;1.0;0.546072030498335
PL;Pure Functional;0;1;2.077565310264836;28.0;1.0;0.7618638372997216
PL;Specialized Tools;0;1;2.212220577256194;25.0;1.0;0.7773140449862876
PL;Text Parsing DSLs;0;1;2.073024704716692;31.0;1.0;0.761288380906111
PL;Typed Scripting;0;1;0.747365478078604;31.0;1.0;0.7143855509362771
PL;Unix-Like Scripting;0;1;2.24682044305651;27.0;1.0;0.7755435279127534
PR;Dynamic General Purpose;0;1;-1.20746570607327;99.0;1.0;0.4840651567382873
PR;OOP System Programming;0;1;0.9641633338454;33.0;1.0;0.1329600334516452
PR;Popular JVM OOP;1;0;-0.3548183360732034;69.0;0.0;0.2994675951607072
PR;Shell Scripting;0;1;-0.4634330858914763;107.0;1.0;0.3198633454860669
PR;Web Markup/Styling;0;1;-1.2565391492115314;111.0;1.0;0.4830852503382949
PS;Dynamic General Purpose;0;1;-1.20746570607327;99.0;1.0;0.6372100813952222
PS;HTML-Centric Templating;0;1;-0.3300974919836952;51.0;1.0;0.3965347690916829
PS;JavaScript-Based Templating;0;1;-0.4118356804224901;52.0;1.0;0.3870312733850994
PS;Modern Contract/Typed;0;1;0.0174954206553288;49.0;1.0;0.3222309236569667
PS;Popular JVM OOP;0;1;-0.3548183360732034;69.0;1.0;0.3883993258418647
PS;Web Markup/Styling;0;1;-1.2565391492115314;111.0;1.0;0.6305818673883625
PT;Cross-Platform Build Systems;0;1;1.675673582074391;35.0;1.0;0.6470590541357225
PT;Data/Document DSLs;0;1;1.857410498538032;32.0;1.0;0.6659078578811428
PT;Functional JVM;0;1;2.072695561823899;32.0;1.0;0.6444398425001147
PT;Functional Lisp;0;1;2.271061865195928;25.0;1.0;0.6425855492387922
PT;Graphics/Hardware Languages;0;1;1.6583031646204731;35.0;1.0;0.6347261909728448
PT;Logic Programming;0;1;2.0814849049538844;19.0;1.0;0.5008884932238927
PT;Low-Level C-Based;0;1;1.378051715365754;38.0;1.0;0.6369688789041478
PT;Low-Level Hardware;0;1;1.8984509317220128;38.0;1.0;0.6415382856074328
PT;Low-Level Utilities;0;1;1.973299234045903;32.0;1.0;0.6611021705363318
PT;Pure Functional;0;1;2.077565310264836;28.0;1.0;0.6398196119946558
PT;Scientific Tools;0;1;1.1819372675062847;34.0;1.0;0.6845394925241326
PT;Specialized Tools;0;1;2.212220577256194;25.0;1.0;0.6173972507065686
PT;Text Parsing DSLs;0;1;2.073024704716692;31.0;1.0;0.6457956240535471
PT;Unix Build Tools;0;1;1.2872488211819004;46.0;1.0;0.6386559665126004
PY;Dynamic General Purpose;0;1;-1.20746570607327;99.0;1.0;0.4632493417363738
PY;Popular JVM OOP;0;1;-0.3548183360732034;69.0;1.0;0.2698236849336548
PY;Shell Scripting;0;1;-0.4634330858914763;107.0;1.0;0.2991102159447263
PY;Web Markup/Styling;0;1;-1.2565391492115314;111.0;1.0;0.4654939106901217
QA;Dynamic General Purpose;0;1;-1.20746570607327;99.0;1.0;0.3859334574435523
QA;Shell Scripting;0;1;-0.4634330858914763;107.0;1.0;0.2510006883716187
QA;Web Markup/Styling;0;1;-1.2565391492115314;111.0;1.0;0.3897158322056833
RE;Dynamic General Purpose;0;1;-1.20746570607327;99.0;1.0;0.3859334574435523
RE;Shell Scripting;0;1;-0.4634330858914763;107.0;1.0;0.2510006883716187
RE;Web Markup/Styling;0;1;-1.2565391492115314;111.0;1.0;0.3897158322056833
RO;Data/Document DSLs;0;1;1.857410498538032;32.0;1.0;0.672250613135958
RO;Enterprise OOP;0;1;0.6547672714360266;37.0;1.0;0.673000065041095
RO;Functional JVM;0;1;2.072695561823899;32.0;1.0;0.6494863437954594
RO;Graphics/Hardware Languages;0;1;1.6583031646204731;35.0;1.0;0.6399119946695261
RO;Low-Level C-Based;0;1;1.378051715365754;38.0;1.0;0.6646631064153443
RO;Low-Level Hardware;0;1;1.8984509317220128;38.0;1.0;0.6548833552210547
RO;Low-Level Utilities;0;1;1.973299234045903;32.0;1.0;0.6639283565811271
RO;Popular JVM OOP;0;1;-0.3548183360732034;69.0;1.0;0.5179883260727064
RO;Pure Functional;0;1;2.077565310264836;28.0;1.0;0.6241107673609432
RO;Scientific Tools;0;1;1.1819372675062847;34.0;1.0;0.7047636136336339
RO;Text Parsing DSLs;0;1;2.073024704716692;31.0;1.0;0.6436683224337535
RO;Unix Build Tools;0;1;1.2872488211819004;46.0;1.0;0.6467504182478303
RO;Unix-Like Scripting;0;1;2.24682044305651;27.0;1.0;0.6279715618264886
RS;Dynamic General Purpose;0;1;-1.20746570607327;99.0;1.0;0.6521618951082121
RS;Dynamic OOP Scripting;0;1;-0.4122572806689877;48.0;1.0;0.5394143396715532
RS;Enterprise OOP;0;1;0.6547672714360266;37.0;1.0;0.3253115561901484
RS;HTML-Centric Templating;0;1;-0.3300974919836952;51.0;1.0;0.5237746280208868
RS;JavaScript-Based Templating;0;1;-0.4118356804224901;52.0;1.0;0.5132072563863922
RS;Low-Level Hardware;0;1;1.8984509317220128;38.0;1.0;0.1615944624845786
RU;Concurrency-Oriented;1;0;2.024662047859878;20.0;0.0;0.6460642159778878
RU;Cross-Platform Build Systems;0;1;1.675673582074391;35.0;1.0;0.5559117802330467
RU;Desktop Automation;0;1;2.268219095786303;19.0;1.0;0.6740302705408652
RU;Functional JVM;1;0;2.072695561823899;32.0;0.0;0.5593470926999595
RU;Game Scripting;0;1;2.247601433928509;14.0;1.0;0.7137049789497145
RU;Graphics/Hardware Languages;0;1;1.6583031646204731;35.0;1.0;0.5383168237297017
RU;Installer & Scripting Utilities;0;1;2.3709274578314825;20.0;1.0;0.6549083498493141
RU;Logic Programming;0;1;2.0814849049538844;19.0;1.0;0.6474138572538821
RU;Low-Level C-Based;1;0;1.378051715365754;38.0;0.0;0.5496657572826945
RU;Low-Level Languages;0;1;2.2752759337772477;17.0;1.0;0.6909856116454807
RU;OOP System Programming;0;1;0.9641633338454;33.0;1.0;0.6016183294049728
RU;Pascal-Based Systems;0;1;2.1680982060981715;22.0;1.0;0.6041591213712243
RU;Popular JVM OOP;0;1;-0.3548183360732034;69.0;1.0;0.48678421004423
RW;Dynamic General Purpose;0;1;-1.20746570607327;99.0;1.0;0.5033941278114926
RW;Popular JVM OOP;1;0;-0.3548183360732034;69.0;0.0;0.3166298589763692
RW;Shell Scripting;0;1;-0.4634330858914763;107.0;1.0;0.3349565306070418
RW;Web Markup/Styling;0;1;-1.2565391492115314;111.0;1.0;0.5060893098782138
SA;Dynamic General Purpose;0;1;-1.20746570607327;99.0;1.0;0.6654601160406761
SA;Dynamic OOP Scripting;0;1;-0.4122572806689877;48.0;1.0;0.4828600456465179
SA;HTML-Centric Templating;0;1;-0.3300974919836952;51.0;1.0;0.4826934360192512
SA;Modern Contract/Typed;0;1;0.0174954206553288;49.0;1.0;0.3777671857653423
SA;Shell Scripting;0;1;-0.4634330858914763;107.0;1.0;0.4406088264538664
SA;Web Markup/Styling;0;1;-1.2565391492115314;111.0;1.0;0.6495263870094722
SD;Dynamic General Purpose;0;1;-1.20746570607327;99.0;1.0;0.3859334574435523
SD;Shell Scripting;0;1;-0.4634330858914763;107.0;1.0;0.2510006883716187
SD;Web Markup/Styling;0;1;-1.2565391492115314;111.0;1.0;0.3897158322056833
SE;Concurrency-Oriented;0;1;2.024662047859878;20.0;1.0;0.800158287648092
SE;Cross-Platform Build Systems;0;1;1.675673582074391;35.0;1.0;0.8189424080284127
SE;Debugging/Testing Tools;0;1;2.271994959243408;20.0;1.0;0.8159052533879099
SE;Desktop Automation;0;1;2.268219095786303;19.0;1.0;0.8012086688956257
SE;Enterprise OOP;0;1;0.6547672714360266;37.0;1.0;0.7382680935278894
SE;Event Scripting;0;1;2.444536615566927;11.0;1.0;0.8001657916824273
SE;Functional JVM;0;1;2.072695561823899;32.0;1.0;0.8414291147472703
SE;Functional Lisp;0;1;2.271061865195928;25.0;1.0;0.862000049173243
SE;Graphics/Hardware Languages;0;1;1.6583031646204731;35.0;1.0;0.8089041911897416
SE;Installer & Scripting Utilities;0;1;2.3709274578314825;20.0;1.0;0.8204231188535877
SE;Logic Programming;0;1;2.0814849049538844;19.0;1.0;0.8012236846315204
SE;Low-Level Hardware;0;1;1.8984509317220128;38.0;1.0;0.8211633549307686
SE;Low-Level Utilities;0;1;1.973299234045903;32.0;1.0;0.8454085478506087
SE;Pascal-Based Systems;0;1;2.1680982060981715;22.0;1.0;0.832936604237329
SE;Pure Functional;0;1;2.077565310264836;28.0;1.0;0.842567533992062
SE;Specialized Tools;0;1;2.212220577256194;25.0;1.0;0.8481100679769183
SE;Strongly Typed Systems;0;1;1.0792405680470785;43.0;1.0;0.7589548784503573
SE;Text Parsing DSLs;0;1;2.073024704716692;31.0;1.0;0.8403789753146982
SE;Unix Build Tools;0;1;1.2872488211819004;46.0;1.0;0.7802201807235387
SE;Unix-Like Scripting;0;1;2.24682044305651;27.0;1.0;0.8497415413869901
SG;Cross-Platform Build Systems;0;1;1.675673582074391;35.0;1.0;0.7086035038532512
SG;Data/Document DSLs;1;0;1.857410498538032;32.0;0.0;0.730362382998815
SG;Debugging/Testing Tools;0;1;2.271994959243408;20.0;1.0;0.5975433981224503
SG;Functional JVM;0;1;2.072695561823899;32.0;1.0;0.7129104591618266
SG;Functional Lisp;0;1;2.271061865195928;25.0;1.0;0.7268540949047605
SG;Interactive Tools;0;1;1.155325395950293;25.0;1.0;0.6414534120409919
SG;Low-Level Hardware;0;1;1.8984509317220128;38.0;1.0;0.6975943797407569
SG;Low-Level Utilities;0;1;1.973299234045903;32.0;1.0;0.7297581275255248
SG;Pascal-Based Systems;0;1;2.1680982060981715;22.0;1.0;0.6545820209600666
SG;Pure Functional;0;1;2.077565310264836;28.0;1.0;0.7105758974621275
SG;Scientific Tools;0;1;1.1819372675062847;34.0;1.0;0.7261689646527603
SG;Shell Scripting;0;1;-0.4634330858914763;107.0;1.0;0.5348647477245495
SG;Specialized Tools;0;1;2.212220577256194;25.0;1.0;0.7046814708341339
SG;Strongly Typed Systems;0;1;1.0792405680470785;43.0;1.0;0.658994144758049
SG;Text Parsing DSLs;0;1;2.073024704716692;31.0;1.0;0.7118044560615079
SG;Unix Build Tools;0;1;1.2872488211819004;46.0;1.0;0.6945213540237472
SG;Unix-Like Scripting;0;1;2.24682044305651;27.0;1.0;0.71053393650129
SI;Cross-Platform Build Systems;0;1;1.675673582074391;35.0;1.0;0.2852906793665521
SI;Dynamic General Purpose;0;1;-1.20746570607327;99.0;1.0;0.5723515381267119
SI;Interactive Tools;0;1;1.155325395950293;25.0;1.0;0.2507405168255679
SI;JavaScript-Based Templating;0;1;-0.4118356804224901;52.0;1.0;0.4371858019911196
SI;Low-Level C-Based;0;1;1.378051715365754;38.0;1.0;0.318673789380071
SI;Shell Scripting;0;1;-0.4634330858914763;107.0;1.0;0.45468220176937
SI;Strongly Typed Systems;0;1;1.0792405680470785;43.0;1.0;0.3439318887921009
SI;Unix Build Tools;0;1;1.2872488211819004;46.0;1.0;0.3307254133387617
SK;Cross-Platform Build Systems;0;1;1.675673582074391;35.0;1.0;0.3082109844733569
SK;Dynamic OOP Scripting;0;1;-0.4122572806689877;48.0;1.0;0.4610088529603484
SK;HTML-Centric Templating;0;1;-0.3300974919836952;51.0;1.0;0.5045133987146213
SK;JavaScript-Based Templating;0;1;-0.4118356804224901;52.0;1.0;0.4821098537765999
SK;Low-Level C-Based;0;1;1.378051715365754;38.0;1.0;0.3389317769034064
SK;Low-Level Utilities;0;1;1.973299234045903;32.0;1.0;0.2631971411443035
SK;Shell Scripting;0;1;-0.4634330858914763;107.0;1.0;0.4443056369986998
SK;Strongly Typed Systems;0;1;1.0792405680470785;43.0;1.0;0.3624745007366703
SK;Unix Build Tools;0;1;1.2872488211819004;46.0;1.0;0.3502562613394535
SN;Dynamic General Purpose;0;1;-1.20746570607327;99.0;1.0;0.6461311449674708
SN;Dynamic OOP Scripting;0;1;-0.4122572806689877;48.0;1.0;0.4034099846072584
SN;Shell Scripting;0;1;-0.4634330858914763;107.0;1.0;0.40381918772149
SN;Web Markup/Styling;0;1;-1.2565391492115314;111.0;1.0;0.6346414073071718
SO;Web Markup/Styling;0;1;-1.2565391492115314;111.0;1.0;0.1502029769959404
SV;Dynamic General Purpose;0;1;-1.20746570607327;99.0;1.0;0.7264207171177085
SV;Dynamic OOP Scripting;0;1;-0.4122572806689877;48.0;1.0;0.4964505507500464
SV;HTML-Centric Templating;0;1;-0.3300974919836952;51.0;1.0;0.4903165279490566
SV;JavaScript-Based Templating;0;1;-0.4118356804224901;52.0;1.0;0.4956586426586262
SV;Popular JVM OOP;0;1;-0.3548183360732034;69.0;1.0;0.461728998508784
SV;Web Markup/Styling;0;1;-1.2565391492115314;111.0;1.0;0.7090663058186738
SY;Dynamic General Purpose;0;1;-1.20746570607327;99.0;1.0;0.4632493417363738
SY;Popular JVM OOP;1;0;-0.3548183360732034;69.0;0.0;0.2698236849336548
SY;Shell Scripting;0;1;-0.4634330858914763;107.0;1.0;0.2991102159447263
SY;Web Markup/Styling;0;1;-1.2565391492115314;111.0;1.0;0.4654939106901217
TG;Dynamic General Purpose;0;1;-1.20746570607327;99.0;1.0;0.2745035372163532
TG;Web Markup/Styling;0;1;-1.2565391492115314;111.0;1.0;0.2801082543978349
TH;Dynamic General Purpose;0;1;-1.20746570607327;99.0;1.0;0.643720046704701
TH;Dynamic OOP Scripting;0;1;-0.4122572806689877;48.0;1.0;0.5990509337043839
TH;Enterprise OOP;0;1;0.6547672714360266;37.0;1.0;0.4712187641423604
TH;Graphics/Hardware Languages;0;1;1.6583031646204731;35.0;1.0;0.3145206373037472
TH;HTML-Centric Templating;0;1;-0.3300974919836952;51.0;1.0;0.6288761658950515
TH;JavaScript-Based Templating;0;1;-0.4118356804224901;52.0;1.0;0.5810383507935616
TH;Modern Contract/Typed;0;1;0.0174954206553288;49.0;1.0;0.5298307605858946
TH;Scientific Tools;0;1;1.1819372675062847;34.0;1.0;0.4061582415057052
TH;Strongly Typed Systems;0;1;1.0792405680470785;43.0;1.0;0.3676878723351353
TH;Typed Scripting;0;1;0.747365478078604;31.0;1.0;0.3475341401099338
TH;Unix Build Tools;1;0;1.2872488211819004;46.0;0.0;0.3685486171221457
TJ;Dynamic General Purpose;0;1;-1.20746570607327;99.0;1.0;0.2745035372163532
TJ;Web Markup/Styling;0;1;-1.2565391492115314;111.0;1.0;0.2801082543978349
TN;Dynamic General Purpose;0;1;-1.20746570607327;99.0;1.0;0.56741179117185
TN;Dynamic OOP Scripting;0;1;-0.4122572806689877;48.0;1.0;0.4835098741469678
TN;HTML-Centric Templating;0;1;-0.3300974919836952;51.0;1.0;0.4753768583270059
TN;JavaScript-Based Templating;0;1;-0.4118356804224901;52.0;1.0;0.4727812323141014
TN;Typed Scripting;0;1;0.747365478078604;31.0;1.0;0.2331713859966263
TN;Web Markup/Styling;0;1;-1.2565391492115314;111.0;1.0;0.5588633288227334
TR;Data/Document DSLs;0;1;1.857410498538032;32.0;1.0;0.3521853001492493
TR;Enterprise OOP;0;1;0.6547672714360266;37.0;1.0;0.4782693007784568
TR;Graphics/Hardware Languages;0;1;1.6583031646204731;35.0;1.0;0.3703551685244153
TR;HTML-Centric Templating;1;0;-0.3300974919836952;51.0;0.0;0.4695773266914922
TR;Low-Level Hardware;0;1;1.8984509317220128;38.0;1.0;0.3589997188096437
TR;Modern Contract/Typed;0;1;0.0174954206553288;49.0;1.0;0.4516614691392476
TR;Popular JVM OOP;0;1;-0.3548183360732034;69.0;1.0;0.4429234712528018
TR;Scientific Tools;0;1;1.1819372675062847;34.0;1.0;0.4533548289799316
TR;Unix Build Tools;1;0;1.2872488211819004;46.0;0.0;0.4045061667863939
TT;Dynamic General Purpose;0;1;-1.20746570607327;99.0;1.0;0.3859334574435523
TT;Shell Scripting;0;1;-0.4634330858914763;107.0;1.0;0.2510006883716187
TT;Web Markup/Styling;0;1;-1.2565391492115314;111.0;1.0;0.3897158322056833
TW;Batch/High-Level Tools;0;1;2.063356409533316;29.0;1.0;0.639761129437929
TW;Cross-Platform Build Systems;0;1;1.675673582074391;35.0;1.0;0.6779612401315205
TW;Debugging/Testing Tools;0;1;2.271994959243408;20.0;1.0;0.5475527709583896
TW;Enterprise OOP;0;1;0.6547672714360266;37.0;1.0;0.6950038549126689
TW;Functional Lisp;0;1;2.271061865195928;25.0;1.0;0.6464078645795329
TW;Graphics/Hardware Languages;0;1;1.6583031646204731;35.0;1.0;0.6506494480680506
TW;HTML-Centric Templating;1;0;-0.3300974919836952;51.0;0.0;0.6284789274597402
TW;Interactive Tools;0;1;1.155325395950293;25.0;1.0;0.5844360545408759
TW;JavaScript-Based Templating;0;1;-0.4118356804224901;52.0;1.0;0.574173237588641
TW;Low-Level C-Based;0;1;1.378051715365754;38.0;1.0;0.693658560396036
TW;Low-Level Hardware;0;1;1.8984509317220128;38.0;1.0;0.6625715786624679
TW;Low-Level Utilities;0;1;1.973299234045903;32.0;1.0;0.6656399063370945
TW;OOP System Programming;0;1;0.9641633338454;33.0;1.0;0.6538016507185664
TW;Pascal-Based Systems;0;1;2.1680982060981715;22.0;1.0;0.5813811636414934
TW;Pure Functional;0;1;2.077565310264836;28.0;1.0;0.6379683701737362
TW;Strongly Typed Systems;0;1;1.0792405680470785;43.0;1.0;0.6663714239238132
TW;Text Parsing DSLs;0;1;2.073024704716692;31.0;1.0;0.6466834107524595
TW;Unix Build Tools;0;1;1.2872488211819004;46.0;1.0;0.6863280914096965
TW;Unix-Like Scripting;0;1;2.24682044305651;27.0;1.0;0.6382032323177552
TZ;Dynamic General Purpose;0;1;-1.20746570607327;99.0;1.0;0.5821968560330223
TZ;Dynamic OOP Scripting;0;1;-0.4122572806689877;48.0;1.0;0.3250869770702759
TZ;Popular JVM OOP;1;0;-0.3548183360732034;69.0;0.0;0.3556350040119646
TZ;Shell Scripting;0;1;-0.4634330858914763;107.0;1.0;0.3670295489891135
TZ;Web Markup/Styling;0;1;-1.2565391492115314;111.0;1.0;0.5764546684709065
UA;Data/Document DSLs;0;1;1.857410498538032;32.0;1.0;0.4418481265944261
UA;Enterprise OOP;1;0;0.6547672714360266;37.0;0.0;0.5408160202379134
UA;Graphics/Hardware Languages;0;1;1.6583031646204731;35.0;1.0;0.4449346989993475
UA;Low-Level C-Based;1;0;1.378051715365754;38.0;0.0;0.4524092559041589
UA;Low-Level Hardware;0;1;1.8984509317220128;38.0;1.0;0.4303098019044876
UA;Popular JVM OOP;0;1;-0.3548183360732034;69.0;1.0;0.5098921229950477
UA;Specialized Tools;0;1;2.212220577256194;25.0;1.0;0.3770439558410256
UA;Typed Scripting;0;1;0.747365478078604;31.0;1.0;0.4627763783164212
UA;Web Markup/Styling;0;1;-1.2565391492115314;111.0;1.0;0.4966170500676589
UG;Dynamic General Purpose;0;1;-1.20746570607327;99.0;1.0;0.4796046249521629
UG;Shell Scripting;0;1;-0.4634330858914763;107.0;1.0;0.317976697345945
UG;Web Markup/Styling;0;1;-1.2565391492115314;111.0;1.0;0.4790257104194857
US;Batch/High-Level Tools;0;1;2.063356409533316;29.0;1.0;0.8486225218602359
US;Concurrency-Oriented;0;1;2.024662047859878;20.0;1.0;0.8826427079058646
US;Database Scripting;0;1;-0.4201486387872639;48.0;1.0;0.5559187242354862
US;Debugging/Testing Tools;0;1;2.271994959243408;20.0;1.0;0.90320215755329
US;Desktop Automation;0;1;2.268219095786303;19.0;1.0;0.909351836552685
US;Event Scripting;0;1;2.444536615566927;11.0;1.0;0.9337789442182488
US;Functional JVM;0;1;2.072695561823899;32.0;1.0;0.8463691207811449
US;Functional Lisp;0;1;2.271061865195928;25.0;1.0;0.88177484115743
US;Game Scripting;0;1;2.247601433928509;14.0;1.0;0.9135165889420982
US;Graphics/Hardware Languages;0;1;1.6583031646204731;35.0;1.0;0.7881729844822615
US;Installer & Scripting Utilities;0;1;2.3709274578314825;20.0;1.0;0.91263383928501
US;Interactive Tools;0;1;1.155325395950293;25.0;1.0;0.858845227271456
US;Logic Programming;0;1;2.0814849049538844;19.0;1.0;0.8907149572311934
US;Low-Level Hardware;0;1;1.8984509317220128;38.0;1.0;0.8175602372690522
US;Low-Level Languages;0;1;2.2752759337772477;17.0;1.0;0.916030894116778
US;Low-Level Utilities;0;1;1.973299234045903;32.0;1.0;0.8414395889262637
US;OOP System Programming;0;1;0.9641633338454;33.0;1.0;0.7870022536846886
US;Pascal-Based Systems;0;1;2.1680982060981715;22.0;1.0;0.8864543361962502
US;Pure Functional;0;1;2.077565310264836;28.0;1.0;0.853005241529752
US;Specialized Tools;0;1;2.212220577256194;25.0;1.0;0.8769828637853554
US;Strongly Typed Systems;0;1;1.0792405680470785;43.0;1.0;0.7606171128730561
US;Text Parsing DSLs;0;1;2.073024704716692;31.0;1.0;0.8485312913903732
US;Unix Build Tools;0;1;1.2872488211819004;46.0;1.0;0.7598204767433105
US;Unix-Like Scripting;0;1;2.24682044305651;27.0;1.0;0.8755138360905587
UY;Dynamic General Purpose;0;1;-1.20746570607327;99.0;1.0;0.5717889485320655
UY;Modern Contract/Typed;1;0;0.0174954206553288;49.0;0.0;0.2605046830975944
UY;Popular JVM OOP;1;0;-0.3548183360732034;69.0;0.0;0.3603156214162361
UY;Shell Scripting;0;1;-0.4634330858914763;107.0;1.0;0.3670295489891135
UY;Web Markup/Styling;0;1;-1.2565391492115314;111.0;1.0;0.5683355886332881
UZ;Dynamic General Purpose;0;1;-1.20746570607327;99.0;1.0;0.6788417113990491
UZ;Dynamic OOP Scripting;1;0;-0.4122572806689877;48.0;0.0;0.5024407975307635
UZ;HTML-Centric Templating;0;1;-0.3300974919836952;51.0;1.0;0.4949258393484738
UZ;JavaScript-Based Templating;0;1;-0.4118356804224901;52.0;1.0;0.4940281076125949
UZ;Modern Contract/Typed;0;1;0.0174954206553288;49.0;1.0;0.3796291887223287
UZ;Web Markup/Styling;0;1;-1.2565391492115314;111.0;1.0;0.665764546684709
VE;Dynamic General Purpose;0;1;-1.20746570607327;99.0;1.0;0.6282890178229735
VE;Dynamic OOP Scripting;0;1;-0.4122572806689877;48.0;1.0;0.4448973634219601
VE;HTML-Centric Templating;0;1;-0.3300974919836952;51.0;1.0;0.4337638227023606
VE;JavaScript-Based Templating;0;1;-0.4118356804224901;52.0;1.0;0.4377746485245186
VE;Shell Scripting;0;1;-0.4634330858914763;107.0;1.0;0.3924992988807588
VE;Web Markup/Styling;0;1;-1.2565391492115314;111.0;1.0;0.6156968876860622
VN;Database Scripting;0;1;-0.4201486387872639;48.0;1.0;0.5188100168251873
VN;Dynamic OOP Scripting;0;1;-0.4122572806689877;48.0;1.0;0.6124509612981941
VN;Enterprise OOP;0;1;0.6547672714360266;37.0;1.0;0.4378100467096202
VN;HTML-Centric Templating;0;1;-0.3300974919836952;51.0;1.0;0.6142820566941755
VN;Modern Contract/Typed;0;1;0.0174954206553288;49.0;1.0;0.5207234622315592
VN;Popular JVM OOP;0;1;-0.3548183360732034;69.0;1.0;0.5067717113922
VN;Scientific Tools;0;1;1.1819372675062847;34.0;1.0;0.3625844529667881
VN;Typed Scripting;0;1;0.747365478078604;31.0;1.0;0.3412362951540237
VN;Web Markup/Styling;0;1;-1.2565391492115314;111.0;1.0;0.611637347767253
YE;Dynamic General Purpose;0;1;-1.20746570607327;99.0;1.0;0.3859334574435523
YE;Shell Scripting;0;1;-0.4634330858914763;107.0;1.0;0.2510006883716187
YE;Web Markup/Styling;0;1;-1.2565391492115314;111.0;1.0;0.3897158322056833
ZA;Dynamic OOP Scripting;1;0;-0.4122572806689877;48.0;0.0;0.5300619547781052
ZA;Enterprise OOP;0;1;0.6547672714360266;37.0;1.0;0.3881093950881605
ZA;Shell Scripting;0;1;-0.4634330858914763;107.0;1.0;0.5179614001988629
ZA;Typed Scripting;1;0;0.747365478078604;31.0;0.0;0.3232091045525093
ZA;Web Markup/Styling;0;1;-1.2565391492115314;111.0;1.0;0.7415426251691475
ZM;Dynamic General Purpose;0;1;-1.20746570607327;99.0;1.0;0.3859334574435523
ZM;Shell Scripting;0;1;-0.4634330858914763;107.0;1.0;0.2510006883716187
ZM;Web Markup/Styling;0;1;-1.2565391492115314;111.0;1.0;0.3897158322056833
ZW;Dynamic General Purpose;0;1;-1.20746570607327;99.0;1.0;0.4632493417363738
ZW;Popular JVM OOP;0;1;-0.3548183360732034;69.0;1.0;0.2698236849336548
ZW;Shell Scripting;0;1;-0.4634330858914763;107.0;1.0;0.2991102159447263
ZW;Web Markup/Styling;0;1;-1.2565391492115314;111.0;1.0;0.4654939106901217
