,year,quarter,country,pagerank
0,2020,1,IL,0.012531032585964951
1,2020,1,US,0.3092269435812729
2,2020,1,DE,0.07031868004200559
3,2020,1,GB,0.05734990011215786
4,2020,1,SI,0.0015037566745014664
5,2020,1,NO,0.006415941530539701
6,2020,1,AU,0.0162802084692913
7,2020,1,FR,0.03125052266593967
8,2020,1,BR,0.007402361877744965
9,2020,1,IN,0.029711717811034457
10,2020,1,CH,0.013905916817792675
11,2020,1,JP,0.015103681721318202
12,2020,1,CN,0.04509684114883309
13,2020,1,CZ,0.0074724453790223164
14,2020,1,IE,0.0038473988000712707
15,2020,1,UA,0.009726795263827717
16,2020,1,AT,0.0050980860996638335
17,2020,1,IT,0.008888629711598445
18,2020,1,GR,0.0025084859594790517
19,2020,1,JM,0.001265831384503785
20,2020,1,SG,0.006494125054829919
21,2020,1,VN,0.002891297740012643
22,2020,1,SE,0.009541851322398646
23,2020,1,BE,0.005538985026750798
24,2020,1,RS,0.003092746357379001
25,2020,1,HU,0.0030388309398038903
26,2020,1,HK,0.014845394715210063
27,2020,1,CA,0.03409576532762414
28,2020,1,PL,0.008468200347544561
29,2020,1,PT,0.003024423379134295
30,2020,1,NG,0.005530900019259792
31,2020,1,RO,0.003922028231727419
32,2020,1,RU,0.021493845229663827
33,2020,1,DK,0.003960035221606765
34,2020,1,AR,0.004180252934615322
35,2020,1,PH,0.0020043215035197353
36,2020,1,TN,0.0016621178361001894
37,2020,1,EE,0.002108684378446757
38,2020,1,ID,0.0022394948330338497
39,2020,1,ZA,0.0034843163971520824
40,2020,1,ES,0.014113385255265029
41,2020,1,LK,0.0013882344656228867
42,2020,1,BG,0.0029087669553384396
43,2020,1,UY,0.001764092430204423
44,2020,1,NL,0.023936410496920066
45,2020,1,TR,0.0035635424934619374
46,2020,1,NZ,0.005249793869373813
47,2020,1,EC,0.0014191016694601512
48,2020,1,MX,0.004403493074799273
49,2020,1,MY,0.002166541820390631
50,2020,1,UG,0.00203438896007079
51,2020,1,PF,0.0010523452186198086
52,2020,1,MM,0.0010737810413374899
53,2020,1,AE,0.0016271764165815905
54,2020,1,MK,0.001070379055270875
55,2020,1,CL,0.0022310903942547033
56,2020,1,TH,0.0023221288312745584
57,2020,1,PK,0.0018158508808583526
58,2020,1,SK,0.0016404492219885343
59,2020,1,BJ,0.0011162463760040155
60,2020,1,AQ,0.0010523452186198086
61,2020,1,KR,0.006555115714155361
62,2020,1,TW,0.003425385812357945
63,2020,1,GH,0.0013345210351431189
64,2020,1,LT,0.0017838960007737978
65,2020,1,MD,0.0011912059240960877
66,2020,1,HR,0.0017152072443905918
67,2020,1,BB,0.0010523452186198086
68,2020,1,FI,0.004727149973967773
69,2020,1,IR,0.0027967292527996826
70,2020,1,BA,0.0013664771500706153
71,2020,1,EG,0.0021685850161852686
72,2020,1,BY,0.0027260444099510344
73,2020,1,PE,0.0019181970626465073
74,2020,1,LV,0.0014840773694420905
75,2020,1,RE,0.0010852765583879561
76,2020,1,KE,0.0031018645097863062
77,2020,1,AF,0.0013348835136306775
78,2020,1,KW,0.0013591695123605497
79,2020,1,CR,0.001803405547855786
80,2020,1,ML,0.0010523452186198086
81,2020,1,AM,0.00126593741735054
82,2020,1,MT,0.0011150292737440305
83,2020,1,GT,0.0011541971090819753
84,2020,1,SV,0.001185529415652449
85,2020,1,MG,0.001103310904147992
86,2020,1,IS,0.00124874105612956
87,2020,1,VE,0.0014056935014525867
88,2020,1,SA,0.0013040573787877466
89,2020,1,CO,0.0036318714759125776
90,2020,1,PA,0.0010523452186198086
91,2020,1,KZ,0.0011270803463035452
92,2020,1,PS,0.0010979359643990133
93,2020,1,PR,0.0012516756236329617
94,2020,1,NP,0.0012373367964317592
95,2020,1,YE,0.0010523452186198086
96,2020,1,KH,0.0012819869453834878
97,2020,1,AZ,0.001112816442037146
98,2020,1,CY,0.0011255515919343924
99,2020,1,LU,0.0016178575766980197
100,2020,1,KN,0.0010523452186198086
101,2020,1,ZW,0.0010523452186198086
102,2020,1,KY,0.0010523452186198086
103,2020,1,MA,0.0012530322778483902
104,2020,1,CU,0.001336254706895044
105,2020,1,CI,0.0010673849234896318
106,2020,1,DO,0.0014327497840523709
107,2020,1,GE,0.0010637292437026026
108,2020,1,BD,0.0023256859850585296
109,2020,1,LB,0.0011377313880145056
110,2020,1,KG,0.0012505125341083436
111,2020,1,BO,0.0017444789903351813
112,2020,1,BH,0.0010523452186198086
113,2020,1,JO,0.001677549051910914
114,2020,1,RW,0.0018750825747391718
115,2020,1,UZ,0.0011597275946952784
116,2020,1,NI,0.0013935778233885362
117,2020,1,BS,0.0010523452186198086
118,2020,1,GP,0.0010523452186198086
119,2020,1,MU,0.0010966690559845059
120,2020,1,SZ,0.0010523452186198086
121,2020,1,DZ,0.0010730398525206854
122,2020,1,PY,0.0011148403526193102
123,2020,1,MO,0.0010523452186198086
124,2020,1,SD,0.001070340871597857
125,2020,1,SC,0.0010523452186198086
126,2020,1,TZ,0.0010820204081117472
127,2020,1,HN,0.0011260008230218274
128,2020,1,MN,0.0010523452186198086
129,2020,1,GI,0.0010625387719173747
130,2020,1,SY,0.0011616777564040553
131,2020,1,AD,0.0010523452186198086
132,2020,1,MZ,0.0011783116744232677
133,2020,1,BZ,0.0010523452186198086
134,2020,1,CV,0.0010523452186198086
135,2020,1,BN,0.001064722864546875
136,2020,1,SN,0.0010523452186198086
137,2020,1,IQ,0.0010523452186198086
138,2020,1,TT,0.0010523452186198086
139,2020,1,AL,0.0011607634247992318
140,2020,1,HT,0.0010621173579056743
141,2020,1,ME,0.0010523452186198086
142,2020,1,ET,0.0010523452186198086
143,2020,1,LA,0.0010523452186198086
144,2020,1,CM,0.0010523452186198086
145,2020,1,TJ,0.0010523452186198086
146,2020,1,MV,0.0010523452186198086
147,2020,1,QA,0.0010523452186198086
148,2020,2,BG,0.002982202494317436
149,2020,2,CA,0.033422877942077836
150,2020,2,PH,0.0022181267580250173
151,2020,2,GB,0.057822624861696904
152,2020,2,VN,0.0026051674552827514
153,2020,2,DO,0.0013973824147130286
154,2020,2,US,0.2964312702198826
155,2020,2,RS,0.0033032417871493754
156,2020,2,PT,0.002618256979440826
157,2020,2,FR,0.031709339779175186
158,2020,2,ES,0.014848106998405898
159,2020,2,AR,0.006537124334901013
160,2020,2,AU,0.01705289080393095
161,2020,2,CZ,0.007689241366082306
162,2020,2,SG,0.007228013938932834
163,2020,2,MY,0.002126219209574863
164,2020,2,RU,0.020675444817191115
165,2020,2,IT,0.009091311705636825
166,2020,2,IE,0.0036653480899579817
167,2020,2,BR,0.009697223270082088
168,2020,2,BY,0.002281409024530822
169,2020,2,UA,0.009339369368346383
170,2020,2,TR,0.0035341122288018766
171,2020,2,EC,0.0012856559673176389
172,2020,2,DE,0.06762971420417767
173,2020,2,NG,0.008526127403270736
174,2020,2,MX,0.0049789800637007175
175,2020,2,FI,0.004690967940661386
176,2020,2,ID,0.002366845348380226
177,2020,2,CH,0.012416840936018957
178,2020,2,TH,0.0020825066747071153
179,2020,2,HR,0.0013924346162146088
180,2020,2,PE,0.0017702519980614768
181,2020,2,CL,0.002339355205587926
182,2020,2,HK,0.016038155358099684
183,2020,2,DK,0.004061582994576822
184,2020,2,TT,0.001826858972751384
185,2020,2,KR,0.00503783896496356
186,2020,2,NL,0.022761468285994676
187,2020,2,EE,0.0022549948048027186
188,2020,2,PL,0.0077151735771644175
189,2020,2,IN,0.035393619542938695
190,2020,2,JP,0.013229817145550316
191,2020,2,GR,0.002524913689615386
192,2020,2,UY,0.0014949614488675767
193,2020,2,EG,0.0024990034396205974
194,2020,2,NO,0.0059009680193200156
195,2020,2,PK,0.002243313483976551
196,2020,2,KE,0.003922363220514124
197,2020,2,RO,0.004094265609007152
198,2020,2,BZ,0.0009874912702894296
199,2020,2,BM,0.0009874912702894296
200,2020,2,JO,0.00123157614408897
201,2020,2,TJ,0.0009874912702894296
202,2020,2,GE,0.0011145879319694372
203,2020,2,IL,0.012280685409594611
204,2020,2,TL,0.0012654673100510054
205,2020,2,ME,0.0011056069319856025
206,2020,2,AZ,0.0010551837254904864
207,2020,2,CO,0.0046485239072219155
208,2020,2,CN,0.04205375714437631
209,2020,2,LK,0.001287297652601492
210,2020,2,NZ,0.003951636876552614
211,2020,2,ZA,0.004363471228317215
212,2020,2,MU,0.0011272933056081897
213,2020,2,NP,0.0012713718179574681
214,2020,2,MA,0.002277903078647749
215,2020,2,BD,0.001526563218497074
216,2020,2,SI,0.0016184274351576287
217,2020,2,BO,0.001762641623983329
218,2020,2,AT,0.005453046009288302
219,2020,2,CM,0.0009874912702894296
220,2020,2,HU,0.0030768643761661775
221,2020,2,BE,0.006016735613211666
222,2020,2,VE,0.00201920663696907
223,2020,2,MD,0.0012845565841621298
224,2020,2,JE,0.0010054456455080734
225,2020,2,MT,0.0009874912702894296
226,2020,2,SN,0.0009874912702894296
227,2020,2,MG,0.001022672482064378
228,2020,2,KG,0.0011009070214797073
229,2020,2,AL,0.001338777668626924
230,2020,2,SE,0.009117489000600758
231,2020,2,PR,0.0013364313475005226
232,2020,2,GH,0.0012780652285700246
233,2020,2,KH,0.0012430063206897224
234,2020,2,LU,0.0014749897727669914
235,2020,2,MO,0.0010131039628336655
236,2020,2,CU,0.001513488965096667
237,2020,2,AE,0.0017463479446200904
238,2020,2,HN,0.0011241210754655991
239,2020,2,PA,0.0010455717287505158
240,2020,2,CR,0.0017823202364227926
241,2020,2,UZ,0.0011736143371267643
242,2020,2,AM,0.0011326437152425492
243,2020,2,LA,0.0009874912702894296
244,2020,2,BA,0.0013038235308593885
245,2020,2,SA,0.0013740701825101116
246,2020,2,KN,0.0009874912702894296
247,2020,2,PY,0.001013439501066186
248,2020,2,ZM,0.0009874912702894296
249,2020,2,CY,0.0010369330304631354
250,2020,2,TW,0.004088419974149894
251,2020,2,SK,0.001739215136680125
252,2020,2,FM,0.0010079558069571659
253,2020,2,KW,0.0011879391152936052
254,2020,2,PS,0.0010409950509090151
255,2020,2,TN,0.0014385587543228927
256,2020,2,LT,0.0017156735163033584
257,2020,2,LB,0.0011950080199656676
258,2020,2,TZ,0.0011093606295776146
259,2020,2,GT,0.0010556329105311764
260,2020,2,JM,0.0010763726392465044
261,2020,2,UG,0.0016240643386390662
262,2020,2,GP,0.0009874912702894296
263,2020,2,BH,0.0009874912702894296
264,2020,2,CD,0.0010511486258390904
265,2020,2,CG,0.0018809677091969905
266,2020,2,IS,0.001397497562773134
267,2020,2,CI,0.001010061184895715
268,2020,2,IR,0.0031171363967083783
269,2020,2,NI,0.001040998464304761
270,2020,2,MV,0.0010083912356565498
271,2020,2,QA,0.0009874912702894296
272,2020,2,ET,0.0009874912702894296
273,2020,2,MK,0.0011688178024940354
274,2020,2,LV,0.001491899099830225
275,2020,2,CW,0.0009874912702894296
276,2020,2,KZ,0.0013283152584442584
277,2020,2,RE,0.0010109952531344585
278,2020,2,BB,0.0009874912702894296
279,2020,2,MZ,0.0010396264849710346
280,2020,2,RW,0.0013878396491091602
281,2020,2,MN,0.0010935910054309414
282,2020,2,MM,0.0010105192517675362
283,2020,2,SV,0.0010519742989745725
284,2020,2,AD,0.0009874912702894296
285,2020,2,IM,0.0010000593329424802
286,2020,2,CV,0.0009874912702894296
287,2020,2,IQ,0.0009874912702894296
288,2020,2,ML,0.0009874912702894296
289,2020,2,DZ,0.0011326451673422623
290,2020,2,GI,0.0009874912702894296
291,2020,2,GM,0.0009874912702894296
292,2020,2,GU,0.0009874912702894296
293,2020,2,SD,0.001092219026097215
294,2020,2,SY,0.00104008381141561
295,2020,2,LI,0.0009962845321604935
296,2020,2,NC,0.0009984666984020863
297,2020,2,BN,0.0009874912702894296
298,2020,2,ZW,0.0009874912702894296
299,2020,2,YE,0.0009874912702894296
300,2020,2,FJ,0.0009874912702894296
301,2020,2,GD,0.0009874912702894296
302,2020,2,HT,0.0010090679929790224
303,2020,2,OM,0.0009874912702894296
304,2020,2,PF,0.0009874912702894296
305,2020,3,VE,0.0018823386171266153
306,2020,3,CA,0.034976924550097016
307,2020,3,FI,0.004550768529354548
308,2020,3,US,0.304311856544015
309,2020,3,GB,0.05155714383227452
310,2020,3,ES,0.013602573577447163
311,2020,3,IE,0.0038952701773694843
312,2020,3,DE,0.06337565820541782
313,2020,3,SE,0.008029266298979149
314,2020,3,BE,0.0054180773333324175
315,2020,3,SG,0.007207606897493077
316,2020,3,CH,0.012082122440002426
317,2020,3,FR,0.02995941822310517
318,2020,3,JP,0.012173614947861141
319,2020,3,CN,0.04320117708706265
320,2020,3,UA,0.009618614992703839
321,2020,3,RO,0.004442375703582265
322,2020,3,AU,0.0158377203492148
323,2020,3,KH,0.00122703470359017
324,2020,3,MY,0.002320557278768838
325,2020,3,CZ,0.006831965868909265
326,2020,3,IN,0.04245051305614087
327,2020,3,TR,0.00358325222360578
328,2020,3,AT,0.004632684604447519
329,2020,3,HU,0.002908707051408112
330,2020,3,LT,0.0015147018629296104
331,2020,3,PA,0.000990028811690207
332,2020,3,MX,0.006487623284661085
333,2020,3,SK,0.0014769946502845238
334,2020,3,NO,0.0069155825251706665
335,2020,3,EG,0.0022941880451083983
336,2020,3,GR,0.003202845713281731
337,2020,3,NL,0.021218364646576227
338,2020,3,SV,0.001065703272719494
339,2020,3,EE,0.0018383981418635164
340,2020,3,AR,0.0076503778218431195
341,2020,3,BR,0.008808415218060132
342,2020,3,PH,0.002688471806592074
343,2020,3,DK,0.003526897061206974
344,2020,3,RU,0.018859113645070244
345,2020,3,TH,0.002318281691107991
346,2020,3,HK,0.017278239897306424
347,2020,3,YE,0.000990028811690207
348,2020,3,KR,0.004635359998038084
349,2020,3,PL,0.007717879620932875
350,2020,3,LV,0.0014077337011759589
351,2020,3,IR,0.002724567107075968
352,2020,3,LB,0.0020632385600309624
353,2020,3,VN,0.0025113004553581585
354,2020,3,ID,0.0023609708437055503
355,2020,3,MA,0.0012455287645805413
356,2020,3,PT,0.0028909084001774213
357,2020,3,RS,0.0025715883557995384
358,2020,3,ZA,0.005320970470533077
359,2020,3,IT,0.008567138413885903
360,2020,3,NG,0.00985751509468489
361,2020,3,MU,0.0010079901521142555
362,2020,3,HR,0.0017474572894917708
363,2020,3,MG,0.001019730614634886
364,2020,3,NZ,0.0037158750329872063
365,2020,3,PR,0.0012817012376441475
366,2020,3,SI,0.0017127462734931186
367,2020,3,NI,0.000990028811690207
368,2020,3,UY,0.001380521333218297
369,2020,3,CO,0.004583216849215138
370,2020,3,EC,0.0011705781040070927
371,2020,3,CU,0.0011768633983248935
372,2020,3,IL,0.013476326974140257
373,2020,3,BJ,0.0010177693611455678
374,2020,3,AE,0.0019387585336948726
375,2020,3,TW,0.0039528943583676795
376,2020,3,CL,0.002341505421260399
377,2020,3,TZ,0.001118390502978173
378,2020,3,BY,0.0026517511715044803
379,2020,3,DO,0.001352719555034309
380,2020,3,LK,0.00159029054212325
381,2020,3,PE,0.001674635035584006
382,2020,3,KE,0.0036253468605437207
383,2020,3,BG,0.00315495154459631
384,2020,3,ZW,0.000990028811690207
385,2020,3,JO,0.001507370160462805
386,2020,3,ZM,0.000990028811690207
387,2020,3,LU,0.0012706690951212244
388,2020,3,RW,0.0016535539354566827
389,2020,3,TN,0.0011533444500470295
390,2020,3,GH,0.0011498973750567138
391,2020,3,IS,0.0013118797116297928
392,2020,3,UG,0.0018001666730413594
393,2020,3,BA,0.0011888487558256774
394,2020,3,HN,0.0010722182925432073
395,2020,3,KG,0.0010015628869813006
396,2020,3,KZ,0.0015013585194706414
397,2020,3,SA,0.00153216815264441
398,2020,3,UZ,0.0010818086497630316
399,2020,3,JM,0.0012135441071806838
400,2020,3,PK,0.0033543427119475206
401,2020,3,OM,0.0010132546829282009
402,2020,3,MK,0.0013054458308270301
403,2020,3,ET,0.001532898530687288
404,2020,3,AM,0.001207734951428873
405,2020,3,BB,0.0010767286908827012
406,2020,3,MD,0.0013080997415819632
407,2020,3,LA,0.0010793268233579246
408,2020,3,BD,0.0013944532862316056
409,2020,3,AL,0.001067286914071724
410,2020,3,PY,0.0010094174056377758
411,2020,3,QA,0.000990028811690207
412,2020,3,CM,0.0010371416000626783
413,2020,3,AZ,0.0010132545128067906
414,2020,3,GE,0.0010080424745704045
415,2020,3,NP,0.0013495680660452344
416,2020,3,PF,0.000990028811690207
417,2020,3,CY,0.0010011270929887856
418,2020,3,SN,0.0010316468500958277
419,2020,3,TG,0.0010047367572000468
420,2020,3,CR,0.0015787763004855592
421,2020,3,CW,0.000990028811690207
422,2020,3,GD,0.0010786255547537362
423,2020,3,GN,0.0010471644549356718
424,2020,3,KW,0.00116305435358574
425,2020,3,CI,0.000990028811690207
426,2020,3,BM,0.000990028811690207
427,2020,3,NE,0.0010005581066720361
428,2020,3,DZ,0.001007133607579428
429,2020,3,PS,0.0013939284692479682
430,2020,3,RE,0.0010320826410738972
431,2020,3,CF,0.000990028811690207
432,2020,3,MT,0.000990028811690207
433,2020,3,MZ,0.0010297113772025786
434,2020,3,GT,0.0011503133008363405
435,2020,3,IQ,0.0010927550738783008
436,2020,3,ME,0.001059178529592658
437,2020,3,BO,0.0023784189488805754
438,2020,3,BH,0.000990028811690207
439,2020,3,GP,0.000990028811690207
440,2020,3,MQ,0.000990028811690207
441,2020,3,JE,0.0010172460458885198
442,2020,3,MO,0.000990028811690207
443,2020,3,MW,0.000990028811690207
444,2020,3,LS,0.000990028811690207
445,2020,3,CD,0.000990028811690207
446,2020,3,AD,0.000990028811690207
447,2020,3,MV,0.000990028811690207
448,2020,3,MM,0.001025660029054052
449,2020,3,GL,0.000990028811690207
450,2020,3,GI,0.000990028811690207
451,2020,3,TL,0.0012130911185452083
452,2020,3,AF,0.0010096933826717084
453,2020,3,SY,0.000990028811690207
454,2020,3,TO,0.000990028811690207
455,2020,3,KN,0.000990028811690207
456,2020,3,SC,0.0010006843566587038
457,2020,3,ML,0.000990028811690207
458,2020,3,CV,0.000990028811690207
459,2020,3,LC,0.000990028811690207
460,2020,3,TT,0.000990028811690207
461,2020,4,CH,0.013226236333175509
462,2020,4,HK,0.01676166345244413
463,2020,4,IN,0.04673515774455246
464,2020,4,US,0.2987125182096192
465,2020,4,TR,0.00480834017169865
466,2020,4,BA,0.0010783896702289577
467,2020,4,UA,0.009984735423210087
468,2020,4,NL,0.020513454316504275
469,2020,4,IR,0.0025423263836421646
470,2020,4,MK,0.0011821175070909748
471,2020,4,CN,0.041442769142316246
472,2020,4,GB,0.05497860366516025
473,2020,4,MY,0.0017042988234745094
474,2020,4,KR,0.004900929893044603
475,2020,4,FR,0.030022367190869675
476,2020,4,PL,0.00835029895005093
477,2020,4,IL,0.0119211553363318
478,2020,4,JP,0.012711265689915352
479,2020,4,DE,0.06393054743476291
480,2020,4,KZ,0.0011773066878800827
481,2020,4,RU,0.01973963454246886
482,2020,4,LV,0.0015925327299408725
483,2020,4,HU,0.0022657576511620346
484,2020,4,CZ,0.006864929935654895
485,2020,4,BE,0.0058341075881897
486,2020,4,ES,0.013496411543509577
487,2020,4,SE,0.00877886812187116
488,2020,4,NP,0.0015055678119895396
489,2020,4,IT,0.00888412370413598
490,2020,4,IE,0.004210805257311569
491,2020,4,NG,0.004234984951533606
492,2020,4,NO,0.007135221763200495
493,2020,4,MX,0.006563743968326808
494,2020,4,CU,0.0013115811264115607
495,2020,4,AR,0.006271879437361786
496,2020,4,AU,0.01445550590660554
497,2020,4,LK,0.0014885466380536643
498,2020,4,BG,0.0031128851314180025
499,2020,4,EE,0.0017374556255478637
500,2020,4,CA,0.03376686050390273
501,2020,4,LA,0.0009340147216934232
502,2020,4,TW,0.004089023200410286
503,2020,4,BY,0.0023672875888780314
504,2020,4,AT,0.004719559342464088
505,2020,4,MD,0.0012467621195944496
506,2020,4,BR,0.008935918718216581
507,2020,4,GR,0.002581414977032759
508,2020,4,PH,0.002423820543208199
509,2020,4,ME,0.0009340147216934232
510,2020,4,DK,0.004885585843761079
511,2020,4,KW,0.0010159662396210143
512,2020,4,HR,0.0015838436957449254
513,2020,4,FI,0.004725808739591714
514,2020,4,,0.0009340147216934232
515,2020,4,ZA,0.005166574617253828
516,2020,4,EG,0.001885906131028614
517,2020,4,UG,0.001989479933050542
518,2020,4,LT,0.0015315160023772819
519,2020,4,CL,0.0023714001337080863
520,2020,4,AZ,0.0009759955568322236
521,2020,4,PK,0.0034449975559184324
522,2020,4,SG,0.010217035293622912
523,2020,4,VN,0.003081894406771098
524,2020,4,GT,0.0011284625767776274
525,2020,4,CO,0.0032842111976274877
526,2020,4,DZ,0.0009655488398539143
527,2020,4,MA,0.001369283369326728
528,2020,4,VU,0.0009453072702735687
529,2020,4,PT,0.002853557907117108
530,2020,4,SK,0.0014639024868935942
531,2020,4,AE,0.0023608335814122032
532,2020,4,RS,0.0025119360183303743
533,2020,4,LB,0.001486511418410041
534,2020,4,NZ,0.003340672768634328
535,2020,4,GE,0.0009340147216934232
536,2020,4,BO,0.001363658156960842
537,2020,4,RO,0.003472456340418062
538,2020,4,AM,0.001311757018809996
539,2020,4,UY,0.0014730322047455378
540,2020,4,IS,0.0012288553790282082
541,2020,4,KE,0.0031726328265079804
542,2020,4,RW,0.0016152162842907524
543,2020,4,ID,0.002646623019631606
544,2020,4,KG,0.0010063181904345535
545,2020,4,MZ,0.0010274360811931154
546,2020,4,VE,0.0023165966943797245
547,2020,4,PE,0.001696820246050051
548,2020,4,MT,0.0009875905161198652
549,2020,4,JO,0.0014323811690396904
550,2020,4,NI,0.0009340147216934232
551,2020,4,UZ,0.0009482252365322495
552,2020,4,MC,0.000944223885607379
553,2020,4,PS,0.001096288839540462
554,2020,4,BD,0.001326218278845879
555,2020,4,MG,0.0009340147216934232
556,2020,4,TH,0.002327646963542843
557,2020,4,SA,0.0013745286468102962
558,2020,4,BB,0.0009340147216934232
559,2020,4,SI,0.001520938147959886
560,2020,4,CY,0.000976928762881656
561,2020,4,DO,0.001333018265760158
562,2020,4,MO,0.0009678972528556648
563,2020,4,NC,0.0009340147216934232
564,2020,4,AL,0.0011359228795491986
565,2020,4,EC,0.0010446124385815264
566,2020,4,BM,0.0009340147216934232
567,2020,4,PR,0.0015098338455740118
568,2020,4,HN,0.0010732493412239958
569,2020,4,AO,0.0009340147216934232
570,2020,4,LU,0.00145302365888393
571,2020,4,CR,0.0016492212444401179
572,2020,4,CD,0.0009463536098828874
573,2020,4,PF,0.0009340147216934232
574,2020,4,KH,0.0011370183194428529
575,2020,4,MU,0.0009671529309227024
576,2020,4,JE,0.0009605731229837654
577,2020,4,ET,0.0017700318046316686
578,2020,4,TN,0.0011713270718136364
579,2020,4,RE,0.0010158843630803378
580,2020,4,ER,0.0009340147216934232
581,2020,4,ML,0.0009340147216934232
582,2020,4,LI,0.0009458741639239279
583,2020,4,SV,0.0010272035906325713
584,2020,4,AX,0.0009340147216934232
585,2020,4,BI,0.000949917457790162
586,2020,4,MW,0.0009446799064635606
587,2020,4,PY,0.0009434401178382201
588,2020,4,GA,0.0009340147216934232
589,2020,4,JM,0.0010279564711460274
590,2020,4,BH,0.000986053166086824
591,2020,4,ZW,0.0009340147216934232
592,2020,4,KN,0.001129011306813086
593,2020,4,QA,0.0010216530644132234
594,2020,4,SC,0.0009340147216934232
595,2020,4,BJ,0.0009340147216934232
596,2020,4,CM,0.0010134590967705555
597,2020,4,MM,0.0009922714720165238
598,2020,4,GP,0.0009479541570374782
599,2020,4,TZ,0.0011262853349846725
600,2020,4,TT,0.0009340147216934232
601,2020,4,ZM,0.0009340147216934232
602,2020,4,IM,0.0009466527344450563
603,2020,4,AD,0.000942967819004158
604,2020,4,PA,0.0010339301601019232
605,2020,4,YE,0.0009340147216934232
606,2020,4,IQ,0.0009972138877785187
607,2020,4,OM,0.0009549877917065211
608,2020,4,GU,0.0009340147216934232
609,2020,4,GH,0.0010850888086796967
610,2020,4,AI,0.0009340147216934232
611,2020,4,MN,0.0009340147216934232
612,2020,4,AG,0.0010218031728693403
613,2020,4,GY,0.0009340147216934232
614,2020,4,GL,0.0009340147216934232
615,2020,4,SN,0.0009340147216934232
616,2020,4,MQ,0.0009340147216934232
617,2020,4,SY,0.0010590249086884545
618,2020,4,AW,0.0009340147216934232
619,2020,4,FO,0.0009340147216934232
620,2020,4,BS,0.0009340147216934232
621,2020,4,GF,0.0009340147216934232
622,2020,4,CV,0.00099064435257697
623,2020,4,FM,0.0009340147216934232
624,2020,4,MV,0.0009340147216934232
625,2020,4,VI,0.0009340147216934232
626,2020,4,CW,0.0009340147216934232
627,2021,1,ES,0.013652609131058592
628,2021,1,GB,0.05806713290817011
629,2021,1,DE,0.0635548032042685
630,2021,1,NG,0.002430000431476215
631,2021,1,EC,0.001148307355325579
632,2021,1,IN,0.03967408285917775
633,2021,1,HR,0.0015403295723318512
634,2021,1,FR,0.030374095572283672
635,2021,1,AE,0.002099413351324512
636,2021,1,TH,0.0020570955625185314
637,2021,1,US,0.30089438718017486
638,2021,1,NL,0.02175955430378041
639,2021,1,SE,0.008957543731374647
640,2021,1,RO,0.0041602864333229635
641,2021,1,RU,0.0197310083826998
642,2021,1,IE,0.003866423078163998
643,2021,1,CA,0.03747196412863253
644,2021,1,JP,0.013504273528193233
645,2021,1,ID,0.0024656380426240484
646,2021,1,AU,0.01474734475700629
647,2021,1,FI,0.004740168526951155
648,2021,1,MA,0.0012915925347163821
649,2021,1,BR,0.007996251734893302
650,2021,1,UA,0.010872350358647434
651,2021,1,MX,0.005123425080885054
652,2021,1,PE,0.0016870499701474833
653,2021,1,PH,0.002483077755430568
654,2021,1,ZA,0.005037506116544388
655,2021,1,TR,0.003719846456036423
656,2021,1,CZ,0.0070100968712281195
657,2021,1,LV,0.0016429145929779969
658,2021,1,PL,0.0094518963671597
659,2021,1,IL,0.013929852602815887
660,2021,1,SK,0.0015738439761781415
661,2021,1,IT,0.009231615064204135
662,2021,1,CH,0.01431517110895338
663,2021,1,AT,0.004609559369324169
664,2021,1,CL,0.0023145472530834367
665,2021,1,SI,0.0016172971517367106
666,2021,1,AR,0.005265059254815957
667,2021,1,PK,0.003379628036285744
668,2021,1,BY,0.0030855875329988463
669,2021,1,ME,0.0009523260047520469
670,2021,1,RS,0.0028100175524659117
671,2021,1,CW,0.0009523260047520469
672,2021,1,UY,0.0013812341754797658
673,2021,1,VN,0.0027574425639151456
674,2021,1,LT,0.0013853902281960248
675,2021,1,PA,0.0011089122988069597
676,2021,1,MY,0.0017482773436956537
677,2021,1,GE,0.0009678757182570509
678,2021,1,KH,0.001199954230892938
679,2021,1,KR,0.004142911645104855
680,2021,1,CR,0.0016165025852578026
681,2021,1,KE,0.0032323174217994692
682,2021,1,LB,0.0012002153843388946
683,2021,1,BG,0.0027739582523096753
684,2021,1,DK,0.006094082085553763
685,2021,1,IR,0.0027092133482517124
686,2021,1,NP,0.0014344529863351589
687,2021,1,TZ,0.0011314692661296723
688,2021,1,LK,0.001323334200781058
689,2021,1,BE,0.005867432690723566
690,2021,1,CO,0.004182815576770633
691,2021,1,TW,0.0045507458006852205
692,2021,1,CN,0.041096000688876234
693,2021,1,GR,0.002213625018469809
694,2021,1,KZ,0.0011373762080007196
695,2021,1,BD,0.0013509002384980999
696,2021,1,QA,0.0009771883210299918
697,2021,1,VE,0.0020310387221274652
698,2021,1,SG,0.00851548085994901
699,2021,1,MK,0.0011483552450771532
700,2021,1,HU,0.0022672151008881047
701,2021,1,AD,0.0009523260047520469
702,2021,1,DZ,0.0009648011867086883
703,2021,1,NO,0.005677738275918763
704,2021,1,NZ,0.0032108223344881957
705,2021,1,HK,0.018114721433295393
706,2021,1,JE,0.000995019365372139
707,2021,1,CM,0.0010047494799544827
708,2021,1,AL,0.0011386958144992533
709,2021,1,CU,0.0013601162209321293
710,2021,1,GH,0.0010302891594942752
711,2021,1,IS,0.0012986877294553925
712,2021,1,SA,0.0016506189838134309
713,2021,1,RW,0.0013668866824382954
714,2021,1,BM,0.0009523260047520469
715,2021,1,DJ,0.0009523260047520469
716,2021,1,SN,0.0017885748285586087
717,2021,1,HN,0.0010842401509908175
718,2021,1,PT,0.002880084308016453
719,2021,1,MD,0.0011590800601417272
720,2021,1,EE,0.0016202384634342972
721,2021,1,EG,0.00215803350274397
722,2021,1,LU,0.0015069427313822883
723,2021,1,CY,0.001071131859384259
724,2021,1,,0.0009523260047520469
725,2021,1,BH,0.00106062742618346
726,2021,1,UG,0.0017762773722855229
727,2021,1,BB,0.0009629982338000962
728,2021,1,SY,0.0011215293251852336
729,2021,1,TN,0.0011955883873599959
730,2021,1,FM,0.0009523260047520469
731,2021,1,SV,0.001265579351499436
732,2021,1,NI,0.0010742693283576576
733,2021,1,BO,0.0013137160812405689
734,2021,1,RE,0.0011364088262753463
735,2021,1,JO,0.001156199228222706
736,2021,1,PF,0.0009523260047520469
737,2021,1,GT,0.0011675107363123948
738,2021,1,BA,0.0018128611359389192
739,2021,1,PS,0.0010466715870274678
740,2021,1,ZW,0.0009523260047520469
741,2021,1,AM,0.0012512778209876503
742,2021,1,ET,0.0015044612333185198
743,2021,1,KW,0.001020658416849647
744,2021,1,MQ,0.0009523260047520469
745,2021,1,IQ,0.0009523260047520469
746,2021,1,WS,0.0009523260047520469
747,2021,1,TL,0.0009523260047520469
748,2021,1,GI,0.0009523260047520469
749,2021,1,LC,0.0009523260047520469
750,2021,1,ML,0.0009523260047520469
751,2021,1,MT,0.0010774452489041577
752,2021,1,MV,0.0009731203694082514
753,2021,1,KG,0.0010448164179037902
754,2021,1,UZ,0.0009855596881123503
755,2021,1,JM,0.0010261817089894712
756,2021,1,PR,0.0013097098300930957
757,2021,1,CI,0.0009627068130955295
758,2021,1,DO,0.001411850010938592
759,2021,1,SR,0.0009523260047520469
760,2021,1,MZ,0.0009737905454456374
761,2021,1,AZ,0.0010875081819065955
762,2021,1,ZM,0.0009523260047520469
763,2021,1,MO,0.0009666474656457107
764,2021,1,MN,0.0009523260047520469
765,2021,1,IM,0.0009523260047520469
766,2021,1,GP,0.0009523260047520469
767,2021,1,OM,0.0009523260047520469
768,2021,1,ER,0.0011623990818506315
769,2021,1,MM,0.0009867849003173472
770,2021,1,PY,0.0009523260047520469
771,2021,1,GF,0.0009627068130955295
772,2021,1,AW,0.0009523260047520469
773,2021,1,BZ,0.0009523260047520469
774,2021,1,CV,0.0009523260047520469
775,2021,1,AO,0.0009523260047520469
776,2021,1,FO,0.0009523260047520469
777,2021,1,TT,0.0009523260047520469
778,2021,1,MG,0.0009523260047520469
779,2021,1,MU,0.0009523260047520469
780,2021,1,SM,0.000960798394050192
781,2021,1,MW,0.0009774882752624392
782,2021,1,SO,0.0010082760334494108
783,2021,1,BJ,0.0009523260047520469
784,2021,1,YE,0.0009523260047520469
785,2021,1,NC,0.0009523260047520469
786,2021,1,AI,0.0009523260047520469
787,2021,1,LA,0.0009523260047520469
788,2021,2,MY,0.0018787473575793893
789,2021,2,FR,0.02974437682212606
790,2021,2,CH,0.013476241041243465
791,2021,2,BE,0.005886961260627355
792,2021,2,SI,0.0013487503433795383
793,2021,2,ES,0.012133098941028795
794,2021,2,GE,0.0010900389372423805
795,2021,2,FI,0.005271916274076258
796,2021,2,CA,0.03598930039141464
797,2021,2,LV,0.0015551577948938102
798,2021,2,VE,0.0018989896051204954
799,2021,2,MX,0.005522202300314952
800,2021,2,AT,0.004657460540675514
801,2021,2,TR,0.003960390442209034
802,2021,2,JP,0.014593691690410247
803,2021,2,VN,0.003370155732182886
804,2021,2,GB,0.05402564116387225
805,2021,2,EG,0.001862772827053858
806,2021,2,AE,0.001887996932850916
807,2021,2,JO,0.0014041829764623367
808,2021,2,KE,0.0030308798799743445
809,2021,2,DE,0.062445562681790225
810,2021,2,CY,0.001192268915316636
811,2021,2,IN,0.03889548928475593
812,2021,2,NZ,0.0037329376674680994
813,2021,2,US,0.2974281733794963
814,2021,2,SK,0.00169942815101338
815,2021,2,NG,0.0025599388803994273
816,2021,2,IT,0.009524036362252871
817,2021,2,CZ,0.006769798480794411
818,2021,2,PR,0.0012901114374961505
819,2021,2,IL,0.01310612972015848
820,2021,2,SE,0.007861793582387854
821,2021,2,BR,0.007471689973894391
822,2021,2,IR,0.003050240786589614
823,2021,2,NP,0.001504607849734481
824,2021,2,AU,0.01422860689705041
825,2021,2,PT,0.0033986796913175223
826,2021,2,NL,0.020580018902406683
827,2021,2,RO,0.004139362738573496
828,2021,2,TW,0.005190754900616172
829,2021,2,RW,0.0013819238227806053
830,2021,2,ZA,0.004987009474386944
831,2021,2,SG,0.008205226126015156
832,2021,2,MU,0.0009733510540253782
833,2021,2,AL,0.001073224379130089
834,2021,2,LT,0.0015720980261938059
835,2021,2,RS,0.0023963102048542404
836,2021,2,AR,0.0064713092711008325
837,2021,2,HR,0.0015944303130421855
838,2021,2,PF,0.0009412324370964493
839,2021,2,CN,0.04617251355911741
840,2021,2,CL,0.002201922285281422
841,2021,2,BY,0.002517237813107232
842,2021,2,CU,0.0012983387790225958
843,2021,2,TH,0.0023184296950532583
844,2021,2,UY,0.0014644047008243355
845,2021,2,ME,0.0009639856797189051
846,2021,2,UA,0.011432960219839836
847,2021,2,RU,0.020159971247940448
848,2021,2,SN,0.0009756160954986409
849,2021,2,MK,0.0010140371465143857
850,2021,2,LU,0.0016156750389570958
851,2021,2,PH,0.002351647730275029
852,2021,2,NO,0.0047561995044714325
853,2021,2,IQ,0.0009412324370964493
854,2021,2,BD,0.0013997599341266833
855,2021,2,KH,0.001194846908650675
856,2021,2,ID,0.0026828934783193867
857,2021,2,PK,0.00292147047689836
858,2021,2,PL,0.009270563495367189
859,2021,2,CO,0.0038052255503208104
860,2021,2,CR,0.0017705884533893628
861,2021,2,DK,0.004539459016343269
862,2021,2,HK,0.025951129476191628
863,2021,2,EE,0.0015856585345409159
864,2021,2,CW,0.0009536466268674662
865,2021,2,AF,0.00105392726272061
866,2021,2,PE,0.0017625822887386653
867,2021,2,IS,0.001221214950679365
868,2021,2,LB,0.001089534209425603
869,2021,2,BG,0.0027372207200064016
870,2021,2,BO,0.0011102424091068497
871,2021,2,GH,0.0010755495956642068
872,2021,2,UG,0.0015721241962051327
873,2021,2,MM,0.0011163305798491158
874,2021,2,BH,0.0010153861962411731
875,2021,2,GR,0.0026127793174861016
876,2021,2,IE,0.005194623776618908
877,2021,2,MT,0.001019415187570104
878,2021,2,EC,0.0011830925426925098
879,2021,2,AM,0.0014559010838049835
880,2021,2,LK,0.001261273298707941
881,2021,2,FO,0.0009412324370964493
882,2021,2,KR,0.005296917384361151
883,2021,2,BA,0.0015919358050583846
884,2021,2,QA,0.0010274554938949055
885,2021,2,HU,0.0020864025970879427
886,2021,2,TN,0.0012098915404960419
887,2021,2,BM,0.0009412324370964493
888,2021,2,MO,0.0009924523743283307
889,2021,2,GT,0.0011871606907276554
890,2021,2,NC,0.0009412324370964493
891,2021,2,TT,0.0014810239595026494
892,2021,2,MA,0.0012550205348995777
893,2021,2,ZM,0.0009412324370964493
894,2021,2,KZ,0.0010696699462064228
895,2021,2,JM,0.001174503414363746
896,2021,2,SM,0.0009576596528758076
897,2021,2,SA,0.001216920923811772
898,2021,2,TL,0.0009412324370964493
899,2021,2,HN,0.0010180894446102447
900,2021,2,DO,0.0014972657915970616
901,2021,2,MD,0.0011560332631053744
902,2021,2,PS,0.0011237154773365032
903,2021,2,AD,0.0009604695057407154
904,2021,2,MQ,0.000971165042585518
905,2021,2,ET,0.0010889825595735948
906,2021,2,JE,0.0009557541082217884
907,2021,2,KG,0.0009942959793900889
908,2021,2,UZ,0.0009949359927675224
909,2021,2,CD,0.001055300123358376
910,2021,2,AW,0.0009412324370964493
911,2021,2,BS,0.0010258615015498421
912,2021,2,SD,0.0009412324370964493
913,2021,2,LC,0.0009509427468682478
914,2021,2,,0.0009412324370964493
915,2021,2,IM,0.0009412324370964493
916,2021,2,CV,0.0009412324370964493
917,2021,2,ML,0.0009412324370964493
918,2021,2,TZ,0.001138209465112467
919,2021,2,ZW,0.0009412324370964493
920,2021,2,NI,0.0009503338459173924
921,2021,2,PA,0.0009963323220455952
922,2021,2,LR,0.0009661209660206399
923,2021,2,MC,0.0009412324370964493
924,2021,2,MZ,0.0010586768530725862
925,2021,2,KY,0.0009412324370964493
926,2021,2,KW,0.0010818158622063452
927,2021,2,SR,0.0009412324370964493
928,2021,2,GN,0.0009412324370964493
929,2021,2,AZ,0.0010210968535803186
930,2021,2,DZ,0.0010203572345533702
931,2021,2,GF,0.0009412324370964493
932,2021,2,CM,0.0009948062530933323
933,2021,2,MN,0.0009412324370964493
934,2021,2,OM,0.0009710750807828011
935,2021,2,SY,0.0011046990479706524
936,2021,2,PY,0.0009412324370964493
937,2021,2,RE,0.0010557310856004801
938,2021,2,MV,0.0009412324370964493
939,2021,2,GD,0.0009412324370964493
940,2021,2,SV,0.0010560551972311966
941,2021,2,LA,0.0009412324370964493
942,2021,2,BZ,0.0009412324370964493
943,2021,2,AO,0.0009412324370964493
944,2021,2,TC,0.0009412324370964493
945,2021,2,YE,0.0009412324370964493
946,2021,2,CI,0.0009482454592490627
947,2021,2,ER,0.0010055677973186713
948,2021,2,BJ,0.0009412324370964493
949,2021,2,WS,0.0009412324370964493
950,2021,2,GP,0.0009412324370964493
951,2021,3,NG,0.0034312834122200053
952,2021,3,SG,0.009535761487246707
953,2021,3,EC,0.0012758098359507435
954,2021,3,CO,0.004076929578242452
955,2021,3,CZ,0.005718142182192203
956,2021,3,CA,0.033512995257917046
957,2021,3,NP,0.0016713618683475533
958,2021,3,NO,0.005470438298030192
959,2021,3,TZ,0.001055414369346408
960,2021,3,KE,0.003915869214276839
961,2021,3,MY,0.002073494747450056
962,2021,3,ZA,0.004592537428889258
963,2021,3,RU,0.02089843275996143
964,2021,3,JP,0.013516685884331282
965,2021,3,IN,0.043273435286122285
966,2021,3,MX,0.0051145220922606364
967,2021,3,IL,0.012525921333601866
968,2021,3,TH,0.002407605163022348
969,2021,3,UA,0.010463197926597886
970,2021,3,UY,0.0013561469241765583
971,2021,3,SK,0.0016343817212589025
972,2021,3,IT,0.008311228550142194
973,2021,3,DK,0.003708293440185673
974,2021,3,DE,0.060439721381325445
975,2021,3,GB,0.052835746985943524
976,2021,3,SE,0.006839815834267522
977,2021,3,HK,0.028722192734272553
978,2021,3,VN,0.003525235564556907
979,2021,3,AU,0.01287859671804825
980,2021,3,NZ,0.003966593254188204
981,2021,3,NL,0.018652184790527843
982,2021,3,CH,0.012095060334072594
983,2021,3,PK,0.0034686776190895443
984,2021,3,FR,0.027159980238770805
985,2021,3,BG,0.0021274372126038467
986,2021,3,PL,0.010282793505899468
987,2021,3,TR,0.003975533578714517
988,2021,3,FI,0.004609952957598583
989,2021,3,LB,0.0011297013875741064
990,2021,3,US,0.29696833649921933
991,2021,3,CN,0.05204969673884921
992,2021,3,CM,0.0009752546996808565
993,2021,3,HR,0.0013623746658417918
994,2021,3,AT,0.0041995717516724465
995,2021,3,MZ,0.0010519932446354035
996,2021,3,CY,0.001155734429104334
997,2021,3,PT,0.0028610795336356546
998,2021,3,MK,0.0010212926226575477
999,2021,3,EG,0.0018547996848409577
1000,2021,3,BR,0.00870162526846198
1001,2021,3,GR,0.002537185330813024
1002,2021,3,CL,0.00232633373842267
1003,2021,3,DZ,0.0009579154369831804
1004,2021,3,BD,0.0013208772063495204
1005,2021,3,PH,0.0023680009910243597
1006,2021,3,LU,0.0014141875504914037
1007,2021,3,KR,0.004719754204119728
1008,2021,3,TW,0.004868357751752302
1009,2021,3,GE,0.0011424654903249422
1010,2021,3,RS,0.0025728862995602355
1011,2021,3,DO,0.0013183223551452691
1012,2021,3,BY,0.0026577648389157268
1013,2021,3,IE,0.004221152173152516
1014,2021,3,AE,0.002032446371565738
1015,2021,3,LT,0.0016517765351713207
1016,2021,3,KZ,0.0010383071728614444
1017,2021,3,ET,0.002555601405417499
1018,2021,3,HN,0.0010989069495753107
1019,2021,3,IR,0.0032833188660847854
1020,2021,3,RO,0.0028738011905410986
1021,2021,3,KH,0.0012126980426522787
1022,2021,3,SI,0.001601413343849836
1023,2021,3,ES,0.011068522107702572
1024,2021,3,BE,0.005447070875305555
1025,2021,3,KG,0.0009623298711567377
1026,2021,3,AD,0.0009684328397892067
1027,2021,3,AM,0.00179834120936922
1028,2021,3,UG,0.001822810641943189
1029,2021,3,LV,0.0013675673272626838
1030,2021,3,MU,0.000933899599452552
1031,2021,3,MM,0.001045434697439953
1032,2021,3,AR,0.006515936853598902
1033,2021,3,JO,0.0012354565375422633
1034,2021,3,PE,0.0016136854767931127
1035,2021,3,UZ,0.0009623239613142113
1036,2021,3,BO,0.001306977179507709
1037,2021,3,ER,0.001233238277271737
1038,2021,3,MA,0.0013240670399505897
1039,2021,3,AL,0.00101199547984505
1040,2021,3,IS,0.0010806200611779546
1041,2021,3,ZM,0.000933899599452552
1042,2021,3,IQ,0.001112365811422329
1043,2021,3,RE,0.00101691854762381
1044,2021,3,TN,0.0011390922057078151
1045,2021,3,RW,0.0013114787223585482
1046,2021,3,CD,0.0011142455845599328
1047,2021,3,SN,0.0009455222521965282
1048,2021,3,PR,0.0013201938391799492
1049,2021,3,GH,0.0013458019456066854
1050,2021,3,JE,0.000933899599452552
1051,2021,3,PF,0.0009617928496901969
1052,2021,3,VE,0.0021738239429303662
1053,2021,3,NI,0.000933899599452552
1054,2021,3,HU,0.0020661307456154372
1055,2021,3,EE,0.0016237018923511701
1056,2021,3,LC,0.000933899599452552
1057,2021,3,SV,0.0016897224826938953
1058,2021,3,ML,0.000933899599452552
1059,2021,3,LI,0.000933899599452552
1060,2021,3,LK,0.001345293199899652
1061,2021,3,ID,0.0026433983954265564
1062,2021,3,MD,0.0011806952686631528
1063,2021,3,CR,0.0016532920823879018
1064,2021,3,BH,0.0009452137273558703
1065,2021,3,MT,0.0009508202378195308
1066,2021,3,PY,0.000966219146516587
1067,2021,3,MV,0.000933899599452552
1068,2021,3,CW,0.000996375433212564
1069,2021,3,TT,0.0017596364358765906
1070,2021,3,PS,0.0010169077656413633
1071,2021,3,KW,0.0011783292098111646
1072,2021,3,BA,0.0014705560340916382
1073,2021,3,WS,0.000933899599452552
1074,2021,3,GU,0.000933899599452552
1075,2021,3,PA,0.000933899599452552
1076,2021,3,MC,0.000933899599452552
1077,2021,3,SY,0.001032021263303457
1078,2021,3,SD,0.000933899599452552
1079,2021,3,SA,0.0018878671082571147
1080,2021,3,QA,0.0009831763134041107
1081,2021,3,MO,0.0010007975838093458
1082,2021,3,GP,0.0009524184509905948
1083,2021,3,JM,0.0010566514136711668
1084,2021,3,GT,0.0011550035869455403
1085,2021,3,MQ,0.000933899599452552
1086,2021,3,CU,0.001345032892751058
1087,2021,3,OM,0.0009506878878954806
1088,2021,3,ME,0.000949716440752768
1089,2021,3,BS,0.000996375433212564
1090,2021,3,AG,0.000933899599452552
1091,2021,3,YE,0.001189835353828785
1092,2021,3,MN,0.000933899599452552
1093,2021,3,ZW,0.0009562076440921135
1094,2021,3,BJ,0.000933899599452552
1095,2021,3,TJ,0.0010384147998452461
1096,2021,3,AO,0.000933899599452552
1097,2021,3,CI,0.000933899599452552
1098,2021,3,AZ,0.000933899599452552
1099,2021,3,GF,0.000933899599452552
1100,2021,3,GN,0.0010688359831031642
1101,2021,3,BW,0.0018152687025049282
1102,2021,3,LS,0.000933899599452552
1103,2021,3,KY,0.000933899599452552
1104,2021,3,AF,0.0009393042939919905
1105,2021,3,BM,0.000933899599452552
1106,2021,3,TC,0.000933899599452552
1107,2021,3,GD,0.000933899599452552
1108,2021,3,,0.000933899599452552
1109,2021,3,LA,0.000933899599452552
1110,2021,3,DM,0.000947014627498258
1111,2021,3,IM,0.000933899599452552
1112,2021,3,CV,0.000933899599452552
1113,2021,3,BZ,0.000933899599452552
1114,2021,3,MG,0.000933899599452552
1115,2021,3,VI,0.000933899599452552
1116,2021,4,PH,0.002262000551680847
1117,2021,4,JP,0.011981648440136536
1118,2021,4,TH,0.002448710369081495
1119,2021,4,ID,0.0031224877570374373
1120,2021,4,MK,0.0009593712268246117
1121,2021,4,FR,0.029119108032280606
1122,2021,4,HU,0.002155953748078032
1123,2021,4,BE,0.005920893119866069
1124,2021,4,EC,0.0012969590809349544
1125,2021,4,CH,0.01296747055120081
1126,2021,4,US,0.29228222067709947
1127,2021,4,PR,0.0013043493218551404
1128,2021,4,AT,0.004835276705939511
1129,2021,4,SI,0.0016109283992244042
1130,2021,4,GE,0.0010011359489535561
1131,2021,4,BY,0.002647793086032829
1132,2021,4,PT,0.003432670413480594
1133,2021,4,TW,0.004289466221653973
1134,2021,4,CA,0.0336488070756083
1135,2021,4,DK,0.004114155648499657
1136,2021,4,BR,0.008004230497768237
1137,2021,4,CD,0.0009161168952305675
1138,2021,4,CZ,0.005945711657496183
1139,2021,4,SG,0.0090198347361945
1140,2021,4,GB,0.051351229950850036
1141,2021,4,HR,0.0017441399134110818
1142,2021,4,RU,0.022059227202727495
1143,2021,4,ES,0.012402834647802523
1144,2021,4,IT,0.009108417710695689
1145,2021,4,UY,0.0013714716919200505
1146,2021,4,AR,0.006255993130510073
1147,2021,4,MT,0.0009480486235381377
1148,2021,4,IN,0.042986996509517476
1149,2021,4,PL,0.009035036448470765
1150,2021,4,VE,0.0021053028770799368
1151,2021,4,MX,0.006295876888061971
1152,2021,4,UA,0.011128477985222566
1153,2021,4,FI,0.005086097044487051
1154,2021,4,CN,0.049130152404017344
1155,2021,4,LT,0.0015364471429745517
1156,2021,4,DE,0.06378826540042694
1157,2021,4,UZ,0.0009634743711356809
1158,2021,4,IR,0.0026080372531981956
1159,2021,4,IE,0.003718672104875754
1160,2021,4,BA,0.0013306726742647367
1161,2021,4,AU,0.013230361253527822
1162,2021,4,NL,0.019910086244226542
1163,2021,4,MD,0.0010831947187877097
1164,2021,4,NG,0.003955228123311475
1165,2021,4,ZA,0.003060973059479467
1166,2021,4,CO,0.004737856964627067
1167,2021,4,TR,0.0037326728677924423
1168,2021,4,LK,0.0016820365781457936
1169,2021,4,HK,0.031102429939184682
1170,2021,4,AZ,0.0009328592659063979
1171,2021,4,KZ,0.0010700694794471774
1172,2021,4,CL,0.0019168523519049899
1173,2021,4,LV,0.0013044092815510573
1174,2021,4,EG,0.001828519422327267
1175,2021,4,BD,0.0020445052058768263
1176,2021,4,KE,0.0028168997808439263
1177,2021,4,NZ,0.0033180909848593452
1178,2021,4,ET,0.0012017709668168284
1179,2021,4,IL,0.012167603693680215
1180,2021,4,VN,0.003914388752383944
1181,2021,4,EE,0.0017328340677213328
1182,2021,4,SE,0.007362442554543626
1183,2021,4,NP,0.001575920207077058
1184,2021,4,AM,0.0015698113358228977
1185,2021,4,AE,0.0023445577075688036
1186,2021,4,KR,0.004721540228841664
1187,2021,4,UG,0.0016679496114590101
1188,2021,4,PK,0.0031382530106463307
1189,2021,4,MY,0.002339710153504311
1190,2021,4,ME,0.0009276024527959274
1191,2021,4,RS,0.0021767928446337842
1192,2021,4,RO,0.0034460676114079734
1193,2021,4,KH,0.0010576236385758612
1194,2021,4,BG,0.002563823781999406
1195,2021,4,GR,0.002445130497414073
1196,2021,4,BH,0.0009383082479614249
1197,2021,4,KW,0.001025830200114842
1198,2021,4,TN,0.0011388071505055543
1199,2021,4,NO,0.005914006055941314
1200,2021,4,AO,0.0009266704229212914
1201,2021,4,MA,0.0011437275746355095
1202,2021,4,SV,0.0011024138278959913
1203,2021,4,SA,0.0012880227148854174
1204,2021,4,CY,0.0012330815785416734
1205,2021,4,CR,0.001701982798314244
1206,2021,4,PE,0.0019900072424861937
1207,2021,4,CU,0.0012221179249992365
1208,2021,4,LU,0.001552972800561729
1209,2021,4,MM,0.0010160577687011935
1210,2021,4,MU,0.0009161168952305675
1211,2021,4,GH,0.0010145185681003036
1212,2021,4,OM,0.0009436993675514073
1213,2021,4,AF,0.0009161168952305675
1214,2021,4,AL,0.0009635467301341756
1215,2021,4,ZM,0.0009753726303540109
1216,2021,4,PA,0.0010251567327032593
1217,2021,4,VG,0.0009276263010136875
1218,2021,4,SK,0.0017505767928126148
1219,2021,4,BN,0.0009161168952305675
1220,2021,4,LA,0.0009161168952305675
1221,2021,4,MO,0.0009161168952305675
1222,2021,4,PY,0.0009161168952305675
1223,2021,4,BW,0.0017095709401316822
1224,2021,4,RW,0.0012239991116183924
1225,2021,4,PS,0.0009161168952305675
1226,2021,4,CM,0.0009736789486933746
1227,2021,4,LB,0.0010599310161396548
1228,2021,4,IS,0.0012142460195199499
1229,2021,4,JM,0.001116441516218087
1230,2021,4,DO,0.0013233135943634079
1231,2021,4,BO,0.0013949303728138735
1232,2021,4,RE,0.0009586236518422867
1233,2021,4,TT,0.001746472594050784
1234,2021,4,JO,0.0010383214611321728
1235,2021,4,GN,0.0009161168952305675
1236,2021,4,BZ,0.0009161168952305675
1237,2021,4,GD,0.0009161168952305675
1238,2021,4,LC,0.0009161168952305675
1239,2021,4,HT,0.0009161168952305675
1240,2021,4,JE,0.0009305861817613599
1241,2021,4,SY,0.0010413942976023921
1242,2021,4,CF,0.0009161168952305675
1243,2021,4,AD,0.0009252433619136086
1244,2021,4,MQ,0.0009161168952305675
1245,2021,4,SC,0.0009566342277253225
1246,2021,4,HN,0.0010124584592337154
1247,2021,4,GI,0.0009161168952305675
1248,2021,4,GP,0.0009251215354658379
1249,2021,4,XK,0.0009797774172866356
1250,2021,4,TZ,0.0009747892055799292
1251,2021,4,DZ,0.0009536101531022441
1252,2021,4,KG,0.0009812237222245285
1253,2021,4,BM,0.0009161168952305675
1254,2021,4,QA,0.0009409411203193233
1255,2021,4,TJ,0.0009161168952305675
1256,2021,4,GT,0.0010971556254594883
1257,2021,4,ER,0.0009802704412079756
1258,2021,4,IM,0.0009161168952305675
1259,2021,4,YE,0.0009161168952305675
1260,2021,4,SN,0.0009161168952305675
1261,2021,4,BJ,0.0009161168952305675
1262,2021,4,ZW,0.0009161168952305675
1263,2021,4,MZ,0.0009161168952305675
1264,2021,4,LS,0.0009161168952305675
1265,2021,4,IQ,0.0009296488235837217
1266,2021,4,PF,0.0009161168952305675
1267,2021,4,BB,0.0009161168952305675
1268,2021,4,GY,0.0009161168952305675
1269,2021,4,CV,0.0009161168952305675
1270,2021,4,MC,0.0009161168952305675
1271,2021,4,MG,0.0009161168952305675
1272,2021,4,CW,0.0009161168952305675
1273,2021,4,NI,0.0009224314235301851
1274,2021,4,FO,0.0009161168952305675
1275,2021,4,TG,0.0009269647610828729
1276,2021,4,GF,0.0009161168952305675
1277,2021,4,KY,0.0009161168952305675
1278,2021,4,BS,0.0009161168952305675
1279,2021,4,MV,0.0009161168952305675
1280,2021,4,MN,0.0009161168952305675
1281,2021,4,AI,0.0009161168952305675
1282,2021,4,,0.0009161168952305675
1283,2021,4,ML,0.0009161168952305675
1284,2022,1,HR,0.0019022617283574648
1285,2022,1,JP,0.013490064522243887
1286,2022,1,NL,0.01477297442165564
1287,2022,1,LU,0.0014872077861060639
1288,2022,1,BE,0.0059117520419726755
1289,2022,1,DE,0.06348533886554526
1290,2022,1,AR,0.006228835276974716
1291,2022,1,FR,0.030762321794911316
1292,2022,1,PK,0.0026921164201956956
1293,2022,1,NP,0.0013037195283316276
1294,2022,1,UA,0.010001337947850185
1295,2022,1,AU,0.013224982568050846
1296,2022,1,BG,0.0028038883120021863
1297,2022,1,HK,0.03856100868805834
1298,2022,1,US,0.30147521942261457
1299,2022,1,CN,0.041528406227776225
1300,2022,1,RU,0.021945070139199836
1301,2022,1,NG,0.003250472700175425
1302,2022,1,SE,0.007261638075890534
1303,2022,1,ZA,0.0029318333095105045
1304,2022,1,CA,0.03262581535939314
1305,2022,1,TR,0.003736780931906605
1306,2022,1,BY,0.002926282739035088
1307,2022,1,UY,0.0013020929950613759
1308,2022,1,CL,0.0020087883519423104
1309,2022,1,GB,0.050818563461846045
1310,2022,1,IN,0.047511700845130296
1311,2022,1,CO,0.0036947052737990455
1312,2022,1,KR,0.003900302358370644
1313,2022,1,PL,0.009524997590030428
1314,2022,1,IT,0.007790376394193487
1315,2022,1,AT,0.004753461693012173
1316,2022,1,MX,0.005544142778892524
1317,2022,1,PA,0.0009856706697907063
1318,2022,1,ID,0.002548684886132633
1319,2022,1,IL,0.013048431920213195
1320,2022,1,TN,0.0011155355455395506
1321,2022,1,DK,0.0040389345809660054
1322,2022,1,PT,0.0034856697602543545
1323,2022,1,LT,0.001477524286393559
1324,2022,1,HU,0.0021647871750729033
1325,2022,1,KZ,0.0011241140509654771
1326,2022,1,KG,0.0010511101483917662
1327,2022,1,EC,0.0012637719888853986
1328,2022,1,ES,0.0117431333837862
1329,2022,1,NO,0.006083106666880617
1330,2022,1,TH,0.0019809181522320723
1331,2022,1,MK,0.0009090909090909092
1332,2022,1,BA,0.0012160736756769317
1333,2022,1,RO,0.003196554429106139
1334,2022,1,BR,0.00809097957231417
1335,2022,1,CZ,0.005607585432961774
1336,2022,1,LV,0.0014150812369121586
1337,2022,1,PE,0.0016492650223764464
1338,2022,1,AD,0.0009174854001560945
1339,2022,1,EG,0.001536718220598173
1340,2022,1,SA,0.0013025224287711787
1341,2022,1,JM,0.0012078047009366258
1342,2022,1,MA,0.0011214094432676507
1343,2022,1,NC,0.0009288437463371022
1344,2022,1,IE,0.004004125961213466
1345,2022,1,NZ,0.0034726816363095476
1346,2022,1,MD,0.0014477089978061066
1347,2022,1,RS,0.002420997308085873
1348,2022,1,HN,0.0010382551298119861
1349,2022,1,BD,0.001375473441752787
1350,2022,1,KE,0.002781367425366408
1351,2022,1,PH,0.0023588640566662706
1352,2022,1,UG,0.001395140880238454
1353,2022,1,MY,0.002138938490361725
1354,2022,1,GR,0.0021400729081647897
1355,2022,1,EE,0.0016017677184413039
1356,2022,1,LK,0.0013060759644947593
1357,2022,1,CH,0.013506869739290384
1358,2022,1,TW,0.005267109688283288
1359,2022,1,AL,0.0014648697523721313
1360,2022,1,VN,0.003317003610273882
1361,2022,1,MM,0.0010381080635069317
1362,2022,1,FI,0.004757003542983633
1363,2022,1,RE,0.000942148592057996
1364,2022,1,GH,0.0012420801300853023
1365,2022,1,DO,0.001237204362835973
1366,2022,1,ME,0.0009180394827050721
1367,2022,1,IS,0.0011482490830861645
1368,2022,1,SG,0.009400033429351739
1369,2022,1,BH,0.0009090909090909092
1370,2022,1,IR,0.003251961382713144
1371,2022,1,SV,0.0009733847173432003
1372,2022,1,CR,0.0014821710788947401
1373,2022,1,BS,0.0010909522419806153
1374,2022,1,VE,0.0018116244252322456
1375,2022,1,TZ,0.001681818181818182
1376,2022,1,AE,0.002029879127929596
1377,2022,1,MG,0.0009510852384103425
1378,2022,1,PY,0.0009090909090909092
1379,2022,1,SC,0.0009921790705043879
1380,2022,1,BJ,0.0009090909090909092
1381,2022,1,KW,0.00107033873288244
1382,2022,1,MW,0.0009090909090909092
1383,2022,1,GE,0.001200057764050373
1384,2022,1,MV,0.0009090909090909092
1385,2022,1,KH,0.0009849814714408705
1386,2022,1,UZ,0.0010216656000824231
1387,2022,1,ZW,0.0009090909090909092
1388,2022,1,SI,0.001921901308901808
1389,2022,1,BM,0.0009090909090909092
1390,2022,1,CW,0.0009356685980649627
1391,2022,1,SK,0.001723256423281401
1392,2022,1,JO,0.0009958748503554435
1393,2022,1,CM,0.0010625947198911877
1394,2022,1,CV,0.0009090909090909092
1395,2022,1,AZ,0.0009341721561755519
1396,2022,1,MN,0.0009090909090909092
1397,2022,1,BO,0.0011953246294797134
1398,2022,1,LB,0.0010197672150159761
1399,2022,1,ZM,0.0009313326242557046
1400,2022,1,GT,0.0009781897372051797
1401,2022,1,RW,0.0010410905124535073
1402,2022,1,CD,0.0009665514915648074
1403,2022,1,CF,0.0009090909090909092
1404,2022,1,XK,0.0012063631856280453
1405,2022,1,HT,0.0009090909090909092
1406,2022,1,PS,0.0009882263453430198
1407,2022,1,CY,0.0011366796525629822
1408,2022,1,MT,0.0009373964626553267
1409,2022,1,PR,0.0012159837949205334
1410,2022,1,AM,0.0018989098185042
1411,2022,1,IQ,0.0009349130886105733
1412,2022,1,MU,0.0009881419944432223
1413,2022,1,IM,0.0009090909090909092
1414,2022,1,DZ,0.0009229308481321537
1415,2022,1,AW,0.0009090909090909092
1416,2022,1,SY,0.0010533868790575337
1417,2022,1,VI,0.0009090909090909092
1418,2022,1,CU,0.00139998933213585
1419,2022,1,ET,0.0009500784213490861
1420,2022,1,AF,0.0009090909090909092
1421,2022,1,OM,0.0009338720245308552
1422,2022,1,MO,0.000966017772055655
1423,2022,1,TT,0.001681818181818182
1424,2022,1,,0.0009090909090909092
1425,2022,1,NI,0.000914800867480426
1426,2022,1,QA,0.0009469361139953904
1427,2022,1,PF,0.0009249079822809029
1428,2022,1,SN,0.0009230099334981037
1429,2022,1,LA,0.0009090909090909092
1430,2022,1,GP,0.0009090909090909092
1431,2022,1,MQ,0.0009090909090909092
1432,2022,1,BZ,0.0009090909090909092
1433,2022,1,GD,0.0009090909090909092
1434,2022,1,CI,0.0009090909090909092
1435,2022,1,BB,0.0009090909090909092
1436,2022,1,GF,0.0009090909090909092
1437,2022,1,MZ,0.0009090909090909092
1438,2022,1,YE,0.0009090909090909092
1439,2022,1,TJ,0.0009201748032966657
1440,2022,1,JE,0.0009090909090909092
1441,2022,1,TC,0.0009090909090909092
1442,2022,1,KY,0.0009090909090909092
1443,2022,1,LC,0.0009090909090909092
1444,2022,1,MC,0.0009090909090909092
1445,2022,1,AO,0.0009090909090909092
1446,2022,1,FJ,0.0009090909090909092
1447,2022,1,ML,0.0009090909090909092
1448,2022,1,GN,0.0009090909090909092
1449,2022,2,MX,0.005704438091081694
1450,2022,2,PE,0.0017604746503157005
1451,2022,2,MD,0.0011064058499041529
1452,2022,2,RO,0.0033104451187630744
1453,2022,2,NI,0.0009401495339399615
1454,2022,2,ES,0.011485657201338232
1455,2022,2,PT,0.004621895223505587
1456,2022,2,IT,0.008464561565894166
1457,2022,2,FR,0.027403495373322245
1458,2022,2,CZ,0.005457064660737076
1459,2022,2,RU,0.021788821484348613
1460,2022,2,LT,0.001450702936909617
1461,2022,2,HU,0.001965407478597667
1462,2022,2,DE,0.0593750282975521
1463,2022,2,AU,0.011938420101019961
1464,2022,2,VE,0.0019427146242233205
1465,2022,2,CR,0.0014806897564203115
1466,2022,2,AT,0.004390237454176944
1467,2022,2,IE,0.0031251996941688742
1468,2022,2,ZA,0.0029477752523470813
1469,2022,2,AF,0.0008706833923327235
1470,2022,2,IN,0.04617552406153684
1471,2022,2,CA,0.03607952257802776
1472,2022,2,IS,0.0011747032578839918
1473,2022,2,GB,0.04928809804597407
1474,2022,2,SG,0.010078433562706256
1475,2022,2,GR,0.00189738878083085
1476,2022,2,BG,0.003836207418617198
1477,2022,2,BR,0.007920691969644995
1478,2022,2,UA,0.010028099718788895
1479,2022,2,FI,0.0050742097963836575
1480,2022,2,ME,0.0010371259045431804
1481,2022,2,BE,0.005895957152494726
1482,2022,2,BY,0.0027635220684399968
1483,2022,2,IL,0.013586450713132628
1484,2022,2,AR,0.007023517821843013
1485,2022,2,SI,0.0023707087505066486
1486,2022,2,PK,0.0023479008952572845
1487,2022,2,CH,0.012394947525440634
1488,2022,2,TH,0.0018153299626465639
1489,2022,2,US,0.2959560017846502
1490,2022,2,LK,0.0012302796897068512
1491,2022,2,HK,0.047580365837920184
1492,2022,2,TW,0.005029754991762935
1493,2022,2,JP,0.01256355038426394
1494,2022,2,NL,0.01649185831947038
1495,2022,2,DK,0.003959135110340058
1496,2022,2,SE,0.006005891440589795
1497,2022,2,LU,0.0012938473866917915
1498,2022,2,SV,0.0010890585974436472
1499,2022,2,NO,0.005078854888300602
1500,2022,2,NZ,0.0035354427112672527
1501,2022,2,CO,0.004015480651595984
1502,2022,2,CL,0.0020275697711604934
1503,2022,2,GY,0.0008706833923327235
1504,2022,2,PL,0.008871557359832022
1505,2022,2,TR,0.003935882877638492
1506,2022,2,ID,0.002399964852936933
1507,2022,2,LB,0.0010458606334089234
1508,2022,2,EE,0.001852198391380521
1509,2022,2,HR,0.0017931754173040847
1510,2022,2,EG,0.0016928223840936658
1511,2022,2,MK,0.0010311041538108106
1512,2022,2,CG,0.0008706833923327235
1513,2022,2,TN,0.0012042578574668257
1514,2022,2,KE,0.003090233387806379
1515,2022,2,MY,0.0019398862053471278
1516,2022,2,IQ,0.000977185477890647
1517,2022,2,NP,0.0012043604975656807
1518,2022,2,MQ,0.0008706833923327235
1519,2022,2,AD,0.0008820313018941411
1520,2022,2,BB,0.0008706833923327235
1521,2022,2,SK,0.0018136933441126307
1522,2022,2,BJ,0.0008706833923327235
1523,2022,2,NG,0.004292783787878807
1524,2022,2,KR,0.005187369009075457
1525,2022,2,MO,0.0008947664269162675
1526,2022,2,GH,0.0013092965725671137
1527,2022,2,AE,0.0020423637731617366
1528,2022,2,UY,0.001305828861732543
1529,2022,2,PA,0.0010031563602268243
1530,2022,2,CN,0.037637792946308736
1531,2022,2,PH,0.0027358217024606494
1532,2022,2,RS,0.002550405027180391
1533,2022,2,CM,0.0009787254081540574
1534,2022,2,PS,0.0010147222616287833
1535,2022,2,PF,0.0008790806442194938
1536,2022,2,CY,0.001788913686467776
1537,2022,2,KG,0.0010103042685917474
1538,2022,2,LA,0.0008815715499249813
1539,2022,2,MT,0.0009343982609327294
1540,2022,2,OM,0.0008909393688227968
1541,2022,2,LV,0.001289269953705027
1542,2022,2,GE,0.0015771943118380004
1543,2022,2,UG,0.0014318344047195737
1544,2022,2,BD,0.0013198641804626045
1545,2022,2,GT,0.001082234162029443
1546,2022,2,VN,0.00335533452517453
1547,2022,2,KZ,0.001156154194792514
1548,2022,2,AM,0.0016964300644084986
1549,2022,2,AZ,0.0008763226771414626
1550,2022,2,MA,0.001110410957800526
1551,2022,2,ET,0.0015673100387964306
1552,2022,2,SR,0.0008706833923327235
1553,2022,2,IR,0.0026086667170078805
1554,2022,2,KW,0.0011274240799819478
1555,2022,2,RW,0.0020415145221890176
1556,2022,2,BO,0.0012592329896667616
1557,2022,2,AL,0.0016683597651634737
1558,2022,2,UZ,0.0009752840271480338
1559,2022,2,SO,0.0008706833923327235
1560,2022,2,TZ,0.0010278750397988946
1561,2022,2,CD,0.0008706833923327235
1562,2022,2,JO,0.0010091272685774373
1563,2022,2,ZM,0.0008923151781504545
1564,2022,2,BA,0.0010795317213302424
1565,2022,2,BS,0.0011099232695966164
1566,2022,2,BM,0.0008706833923327235
1567,2022,2,PY,0.0008929116872633862
1568,2022,2,SA,0.0011910774155738752
1569,2022,2,BN,0.0008706833923327235
1570,2022,2,KH,0.0009336935855031372
1571,2022,2,EC,0.0011077103130507223
1572,2022,2,DO,0.0012908060376332496
1573,2022,2,CW,0.0008871514482516619
1574,2022,2,MV,0.0008914388694964818
1575,2022,2,AO,0.0008706833923327235
1576,2022,2,GN,0.0008706833923327235
1577,2022,2,ZW,0.0009663847558237889
1578,2022,2,MU,0.0008706833923327235
1579,2022,2,CU,0.0012869238988706768
1580,2022,2,ML,0.0008706833923327235
1581,2022,2,BH,0.0008991466824396117
1582,2022,2,DZ,0.0009188575864583272
1583,2022,2,SY,0.0010854968036877449
1584,2022,2,CI,0.0008706833923327235
1585,2022,2,MW,0.0008706833923327235
1586,2022,2,PR,0.0010819062411366888
1587,2022,2,MG,0.0008792194417713412
1588,2022,2,HN,0.0009451860106725837
1589,2022,2,GU,0.0008811079744399327
1590,2022,2,LY,0.0008706833923327235
1591,2022,2,HT,0.0008706833923327235
1592,2022,2,BW,0.0008823126268054213
1593,2022,2,QA,0.0008706833923327235
1594,2022,2,SM,0.0008857979747263711
1595,2022,2,GI,0.0008706833923327235
1596,2022,2,MM,0.0009663732192405187
1597,2022,2,RE,0.000902295109817931
1598,2022,2,JE,0.0008706833923327235
1599,2022,2,SN,0.0008706833923327235
1600,2022,2,JM,0.0009923305682162304
1601,2022,2,LC,0.0008706833923327235
1602,2022,2,NC,0.0008752274845470249
1603,2022,2,IM,0.0008834039287068094
1604,2022,2,GG,0.0008706833923327235
1605,2022,2,MZ,0.0008706833923327235
1606,2022,2,KY,0.0009277492276568717
1607,2022,2,GM,0.0008706833923327235
1608,2022,2,BZ,0.0008706833923327235
1609,2022,2,SL,0.0008706833923327235
1610,2022,2,SC,0.0008706833923327235
1611,2022,2,MR,0.0008706833923327235
1612,2022,2,XK,0.0012083880159185151
1613,2022,2,TJ,0.0008706833923327235
1614,2022,2,MN,0.0008706833923327235
1615,2022,2,GF,0.0008706833923327235
1616,2022,2,MC,0.0008706833923327235
1617,2022,2,YE,0.0008706833923327235
1618,2022,2,CV,0.0008706833923327235
1619,2022,2,CF,0.0008706833923327235
1620,2022,2,TM,0.0008706833923327235
1621,2022,2,TT,0.0008706833923327235
1622,2022,2,GL,0.0008706833923327235
1623,2022,3,US,0.2940922394343261
1624,2022,3,PE,0.00235988334387991
1625,2022,3,MA,0.0010588272557153083
1626,2022,3,DE,0.060115480777043324
1627,2022,3,BY,0.0033603090867097753
1628,2022,3,CA,0.03426356681565847
1629,2022,3,NZ,0.0032849580466661346
1630,2022,3,NG,0.0051920438329228
1631,2022,3,PT,0.0044329076080638465
1632,2022,3,EG,0.002337452161901645
1633,2022,3,PS,0.0010197510864833322
1634,2022,3,RU,0.02138078200681906
1635,2022,3,MU,0.0009534455339588211
1636,2022,3,MY,0.0017704948036885823
1637,2022,3,CN,0.034923400458682745
1638,2022,3,DK,0.003324884942070431
1639,2022,3,GR,0.002088303097665481
1640,2022,3,PL,0.01127839210727154
1641,2022,3,SE,0.005487325833688856
1642,2022,3,NL,0.013913495833937901
1643,2022,3,MX,0.005580629953837446
1644,2022,3,VN,0.0029701676302964154
1645,2022,3,TH,0.0018531116853347648
1646,2022,3,PK,0.0030248502696050925
1647,2022,3,UA,0.009798849698715318
1648,2022,3,IT,0.008934062182017642
1649,2022,3,AU,0.011765194014753217
1650,2022,3,NC,0.0009110890082857301
1651,2022,3,RS,0.0025948982840183184
1652,2022,3,BA,0.0010052266372364187
1653,2022,3,CH,0.013339373536762969
1654,2022,3,IE,0.0028415914836347664
1655,2022,3,GE,0.0016886025327561849
1656,2022,3,TR,0.00465726856230246
1657,2022,3,GB,0.04919795090788884
1658,2022,3,EE,0.0018921981677698738
1659,2022,3,AT,0.0043374127368843406
1660,2022,3,IL,0.013672502377600608
1661,2022,3,IN,0.046310908650983244
1662,2022,3,AR,0.008577097205090773
1663,2022,3,HK,0.04473889324239925
1664,2022,3,BD,0.0017640376045322294
1665,2022,3,JP,0.01289142420623205
1666,2022,3,TW,0.005631574000014813
1667,2022,3,FI,0.004340891134818428
1668,2022,3,AE,0.0017184123460629451
1669,2022,3,HU,0.003209630119196856
1670,2022,3,FR,0.02655931088581125
1671,2022,3,AM,0.001806925546797671
1672,2022,3,VE,0.002038019113637145
1673,2022,3,SG,0.011202049897877393
1674,2022,3,EC,0.001325374424594906
1675,2022,3,ES,0.01123762723710271
1676,2022,3,NO,0.0052269083039342785
1677,2022,3,KR,0.005063509208854236
1678,2022,3,HR,0.0017961742350739217
1679,2022,3,CO,0.004614615107905061
1680,2022,3,ZA,0.0037802705220027133
1681,2022,3,MD,0.0011654162823854122
1682,2022,3,BG,0.0036296131919411755
1683,2022,3,KW,0.000976440789444259
1684,2022,3,BR,0.009496545099119973
1685,2022,3,IR,0.0032461478537282886
1686,2022,3,SK,0.0018525831791782737
1687,2022,3,SI,0.0022137234441883535
1688,2022,3,PH,0.002117844077595572
1689,2022,3,CY,0.001780628846062685
1690,2022,3,SY,0.0010505459908785582
1691,2022,3,LU,0.0013315877530007323
1692,2022,3,KZ,0.0013085384617463251
1693,2022,3,BE,0.005766279280676799
1694,2022,3,ID,0.0022068873402931646
1695,2022,3,RO,0.0036829584188198396
1696,2022,3,TZ,0.0010626491725676949
1697,2022,3,SA,0.0012253821364621846
1698,2022,3,UY,0.0014692039243858336
1699,2022,3,KG,0.0009465385257248205
1700,2022,3,LV,0.00130415790692784
1701,2022,3,DZ,0.0009817441947281183
1702,2022,3,KE,0.002805341425981597
1703,2022,3,CR,0.001364236140733915
1704,2022,3,RW,0.0011748240744931643
1705,2022,3,CL,0.001857168289780756
1706,2022,3,NI,0.001027932496344653
1707,2022,3,JO,0.0010798186942699696
1708,2022,3,BO,0.0013001717504788003
1709,2022,3,PA,0.0009298832641432663
1710,2022,3,MZ,0.00093980703940684
1711,2022,3,NP,0.0012603083455568573
1712,2022,3,DO,0.0011811854500312251
1713,2022,3,HT,0.0009600180889865683
1714,2022,3,IS,0.0010783221255873704
1715,2022,3,AL,0.001442153083717597
1716,2022,3,ET,0.0020790106107347146
1717,2022,3,CZ,0.005775285656645863
1718,2022,3,CM,0.001110143515369334
1719,2022,3,UG,0.001115537902842538
1720,2022,3,MT,0.0009355401911049121
1721,2022,3,LK,0.0014266332277608651
1722,2022,3,SN,0.001036722813083004
1723,2022,3,LB,0.001011985894067716
1724,2022,3,LT,0.001537858993539282
1725,2022,3,AZ,0.0010779920740000186
1726,2022,3,BM,0.000900355556374094
1727,2022,3,PF,0.000900355556374094
1728,2022,3,ME,0.0010005832286542813
1729,2022,3,MO,0.0009387678687950862
1730,2022,3,BW,0.0009262466975989915
1731,2022,3,MM,0.0009559376613973946
1732,2022,3,IQ,0.001088699135801125
1733,2022,3,GH,0.0012893470900534913
1734,2022,3,VU,0.0009715980402973052
1735,2022,3,AF,0.000900355556374094
1736,2022,3,ZM,0.0009761521300926642
1737,2022,3,BB,0.000900355556374094
1738,2022,3,PY,0.0009183819771176726
1739,2022,3,CD,0.0009414590227886987
1740,2022,3,KH,0.000900355556374094
1741,2022,3,MK,0.0009165149698178871
1742,2022,3,GT,0.0010077337892420975
1743,2022,3,SC,0.000900355556374094
1744,2022,3,HN,0.0012088386033175997
1745,2022,3,SV,0.0011417271925342285
1746,2022,3,MV,0.0009419430067909143
1747,2022,3,UZ,0.0009735223633158378
1748,2022,3,JM,0.0010997835621986008
1749,2022,3,CU,0.001250645029396529
1750,2022,3,ZW,0.0009136965515545506
1751,2022,3,GP,0.000900355556374094
1752,2022,3,TN,0.0011801494922821566
1753,2022,3,YE,0.000900355556374094
1754,2022,3,CG,0.000900355556374094
1755,2022,3,MG,0.0009131977906575888
1756,2022,3,JE,0.000900355556374094
1757,2022,3,SR,0.000900355556374094
1758,2022,3,LC,0.000900355556374094
1759,2022,3,PR,0.001048585885827227
1760,2022,3,LI,0.000900355556374094
1761,2022,3,CI,0.000900355556374094
1762,2022,3,AD,0.000900355556374094
1763,2022,3,BH,0.0009439877684371318
1764,2022,3,GI,0.000900355556374094
1765,2022,3,IM,0.0009098256956192841
1766,2022,3,MN,0.0009482335697633488
1767,2022,3,TT,0.0016656580056628907
1768,2022,3,QA,0.0009535851784998587
1769,2022,3,SD,0.000941281545333836
1770,2022,3,AO,0.000900355556374094
1771,2022,3,GN,0.000900355556374094
1772,2022,3,XK,0.0010217186397058018
1773,2022,3,TC,0.000900355556374094
1774,2022,3,BQ,0.000900355556374094
1775,2022,3,OM,0.000921524544655245
1776,2022,3,MW,0.0010030060170806564
1777,2022,3,SM,0.000900355556374094
1778,2022,3,ML,0.0009133630266750392
1779,2022,3,CV,0.000900355556374094
1780,2022,3,LA,0.000900355556374094
1781,2022,3,BZ,0.000900355556374094
1782,2022,3,GG,0.000900355556374094
1783,2022,3,RE,0.0009150323955552309
1784,2022,3,BJ,0.000900355556374094
1785,2022,3,BS,0.000900355556374094
1786,2022,3,AW,0.000900355556374094
1787,2022,3,GY,0.000900355556374094
1788,2022,3,LS,0.0016876654148415254
1789,2022,3,MQ,0.000900355556374094
1790,2022,3,KY,0.000900355556374094
1791,2022,3,MC,0.000900355556374094
1792,2022,3,TJ,0.000900355556374094
1793,2022,4,GR,0.002220592828655412
1794,2022,4,CA,0.03304869769111127
1795,2022,4,SK,0.0017562570464934712
1796,2022,4,AT,0.0043377142486780524
1797,2022,4,LT,0.0013462869670965542
1798,2022,4,IT,0.007966617466541929
1799,2022,4,IN,0.05019558802069197
1800,2022,4,ET,0.0023056625877960106
1801,2022,4,GB,0.04930249079309289
1802,2022,4,LI,0.0008911532151804095
1803,2022,4,DE,0.06154042122740024
1804,2022,4,EG,0.0024850113061788562
1805,2022,4,FR,0.027307472298798645
1806,2022,4,RS,0.0023606277576468165
1807,2022,4,TR,0.0064416783833109986
1808,2022,4,IR,0.0021063616346776518
1809,2022,4,CD,0.0008911532151804095
1810,2022,4,BG,0.0032868267886196653
1811,2022,4,VN,0.002946282298659639
1812,2022,4,BR,0.008964665072535481
1813,2022,4,PH,0.0020208725753510784
1814,2022,4,PK,0.00449062655667036
1815,2022,4,EE,0.0016725883645473034
1816,2022,4,PA,0.0009846328001125817
1817,2022,4,VE,0.0020748246644989796
1818,2022,4,AE,0.002868598247604513
1819,2022,4,TZ,0.0009657856810387742
1820,2022,4,SG,0.010479851329292543
1821,2022,4,NZ,0.0030452748107071357
1822,2022,4,CN,0.03274153876320164
1823,2022,4,CH,0.014189296915439045
1824,2022,4,CY,0.0017434173570599217
1825,2022,4,AU,0.011521846932693584
1826,2022,4,MY,0.001437439370835949
1827,2022,4,US,0.2888952972337521
1828,2022,4,RU,0.019422884937264656
1829,2022,4,PT,0.005718516050672675
1830,2022,4,AM,0.0022393493709609857
1831,2022,4,CO,0.004309663932673796
1832,2022,4,PL,0.010513010146048041
1833,2022,4,FJ,0.0008911532151804095
1834,2022,4,MW,0.0008911532151804095
1835,2022,4,KE,0.004093177202095918
1836,2022,4,DO,0.001140111192815237
1837,2022,4,MX,0.0066683005713549055
1838,2022,4,CR,0.0015560295129636442
1839,2022,4,UG,0.0011584407563294957
1840,2022,4,ZA,0.0035053537185199017
1841,2022,4,TH,0.0022363803837165937
1842,2022,4,GE,0.002281404636722378
1843,2022,4,SI,0.002285315657662639
1844,2022,4,AR,0.008305076821215871
1845,2022,4,ZW,0.0008990215946242979
1846,2022,4,,0.0008911532151804095
1847,2022,4,PE,0.0016891145690433968
1848,2022,4,TW,0.005472899360411967
1849,2022,4,GT,0.0011195016232319393
1850,2022,4,SE,0.007458252234901689
1851,2022,4,NP,0.0016557964362896482
1852,2022,4,NO,0.005368677597214456
1853,2022,4,RE,0.0009033211741163
1854,2022,4,IE,0.003133755322976106
1855,2022,4,IQ,0.0013829550902839385
1856,2022,4,PY,0.0008980114648308257
1857,2022,4,MT,0.000930652368246249
1858,2022,4,LU,0.0012051761699254967
1859,2022,4,JP,0.012587691551812642
1860,2022,4,BE,0.005247037742183037
1861,2022,4,IM,0.0008911532151804095
1862,2022,4,SV,0.0016166092875798724
1863,2022,4,RO,0.003585648002567768
1864,2022,4,HU,0.0028620000869890353
1865,2022,4,ES,0.01109111233482062
1866,2022,4,IS,0.00107609029555837
1867,2022,4,HR,0.0017495441550557976
1868,2022,4,MA,0.0011669016935512506
1869,2022,4,LV,0.0013239848425842032
1870,2022,4,UA,0.009298630142870842
1871,2022,4,KZ,0.0015758626958183688
1872,2022,4,AZ,0.0009767183689160298
1873,2022,4,HK,0.040867883581141094
1874,2022,4,LK,0.0014402901951006465
1875,2022,4,UZ,0.0012990949866876402
1876,2022,4,MM,0.0009601155671071911
1877,2022,4,NL,0.013846487606984238
1878,2022,4,TN,0.0013431398207880505
1879,2022,4,FI,0.0051949178171597716
1880,2022,4,MD,0.0010593526083461154
1881,2022,4,ID,0.002415363269382453
1882,2022,4,OM,0.0008911532151804095
1883,2022,4,DK,0.004431519894374151
1884,2022,4,PS,0.0010105724064211
1885,2022,4,SA,0.0018534974298950492
1886,2022,4,CZ,0.005476782795321283
1887,2022,4,NG,0.005772305703914798
1888,2022,4,BO,0.0013041291671810828
1889,2022,4,AF,0.0008911532151804095
1890,2022,4,CL,0.002074514287487059
1891,2022,4,HN,0.0010196087613124501
1892,2022,4,DZ,0.0009656207419639387
1893,2022,4,ME,0.001186523358360882
1894,2022,4,KH,0.0009864599376047804
1895,2022,4,AD,0.0008948382987029345
1896,2022,4,BY,0.003166146171636506
1897,2022,4,BA,0.0010129646827499554
1898,2022,4,BJ,0.0009056542342469539
1899,2022,4,CM,0.0012927500991013446
1900,2022,4,LA,0.0008911532151804095
1901,2022,4,EC,0.0012880409324844244
1902,2022,4,IL,0.011893227148542102
1903,2022,4,BD,0.0021934023819602496
1904,2022,4,KR,0.004652705804694205
1905,2022,4,RW,0.0011374698552313325
1906,2022,4,BS,0.0009377087180469701
1907,2022,4,GH,0.0013822234486754442
1908,2022,4,AL,0.0014206407600903135
1909,2022,4,SC,0.0008911532151804095
1910,2022,4,CI,0.001326876881469222
1911,2022,4,MK,0.0009820840891640824
1912,2022,4,CU,0.0012003649518783344
1913,2022,4,SY,0.0009720751846491579
1914,2022,4,LB,0.0010891960690551136
1915,2022,4,UY,0.0014687210058551945
1916,2022,4,MU,0.0008911532151804095
1917,2022,4,TG,0.0008911532151804095
1918,2022,4,MN,0.0008911532151804095
1919,2022,4,XK,0.0010122218712492882
1920,2022,4,BB,0.0008911532151804095
1921,2022,4,QA,0.0011164479131490733
1922,2022,4,JO,0.001155913570811508
1923,2022,4,GN,0.0008911532151804095
1924,2022,4,KG,0.0011823219621351433
1925,2022,4,CF,0.0008911532151804095
1926,2022,4,MG,0.0008993467766415046
1927,2022,4,TJ,0.0008911532151804095
1928,2022,4,DM,0.0008911532151804095
1929,2022,4,JM,0.0017177153688671368
1930,2022,4,PR,0.001187756822152852
1931,2022,4,SN,0.001575897865596836
1932,2022,4,BH,0.0009233133885100039
1933,2022,4,ZM,0.0008911532151804095
1934,2022,4,MV,0.0009015100733556291
1935,2022,4,AX,0.0008911532151804095
1936,2022,4,FO,0.0008911532151804095
1937,2022,4,PF,0.0008911532151804095
1938,2022,4,MC,0.0008911532151804095
1939,2022,4,MO,0.0008911532151804095
1940,2022,4,KW,0.0009986588911545403
1941,2022,4,TT,0.001648633009774821
1942,2022,4,YE,0.0008911532151804095
1943,2022,4,GM,0.0008911532151804095
1944,2022,4,KY,0.0009060135562617886
1945,2022,4,DJ,0.0008911532151804095
1946,2022,4,GI,0.0008911532151804095
1947,2022,4,LR,0.0009202333214824959
1948,2022,4,SR,0.0008911532151804095
1949,2022,4,VI,0.0008911532151804095
1950,2022,4,NI,0.0009282882989995716
1951,2022,4,BM,0.0008911532151804095
1952,2022,4,GY,0.0009324524515942939
1953,2022,4,NC,0.0008911532151804095
1954,2022,4,HT,0.0009070182750397597
1955,2022,4,MZ,0.0008911532151804095
1956,2022,4,AO,0.0008911532151804095
1957,2022,4,LC,0.0009557302030275741
1958,2022,4,TC,0.0008911532151804095
1959,2022,4,CV,0.0008911532151804095
1960,2022,4,JE,0.0008911532151804095
1961,2022,4,WS,0.0008911532151804095
1962,2022,4,CW,0.0008911532151804095
1963,2022,4,MR,0.0008911532151804095
1964,2023,1,DE,0.06558220241751944
1965,2023,1,UA,0.009569442378544802
1966,2023,1,PA,0.0009605276176110934
1967,2023,1,VE,0.0018321716801916095
1968,2023,1,FR,0.02948140754757192
1969,2023,1,AU,0.011040955358553027
1970,2023,1,NZ,0.002901240536785257
1971,2023,1,US,0.2916152476338633
1972,2023,1,RW,0.0013347133177639826
1973,2023,1,IN,0.046322760142826706
1974,2023,1,DO,0.0010884999498355142
1975,2023,1,ES,0.012776178906401437
1976,2023,1,EC,0.0014547134470822543
1977,2023,1,HK,0.0391302119634847
1978,2023,1,BR,0.00872620758012433
1979,2023,1,IT,0.008914116460040616
1980,2023,1,GR,0.0027718176513277354
1981,2023,1,KE,0.004983158591796301
1982,2023,1,UY,0.001418224665287782
1983,2023,1,BJ,0.0009146454318163369
1984,2023,1,FI,0.005580706556451406
1985,2023,1,GE,0.0021864308768282867
1986,2023,1,GB,0.049707328696313474
1987,2023,1,LV,0.00131334856098549
1988,2023,1,JP,0.013196318739046288
1989,2023,1,DK,0.003739747818607588
1990,2023,1,BA,0.0010775620250625547
1991,2023,1,HR,0.0017021653631642652
1992,2023,1,IL,0.012105550720759998
1993,2023,1,TR,0.004807426825090111
1994,2023,1,ME,0.0011604446453710045
1995,2023,1,CY,0.0020426191302388053
1996,2023,1,BE,0.005418542536177634
1997,2023,1,LT,0.0013854060079653543
1998,2023,1,RS,0.0026943086417343222
1999,2023,1,BG,0.002384884720547508
2000,2023,1,HN,0.0010021615786848911
2001,2023,1,EE,0.0019542192180093698
2002,2023,1,PL,0.011375488611996352
2003,2023,1,CO,0.0031369661880582583
2004,2023,1,PT,0.005148668826839576
2005,2023,1,IE,0.002989781963357549
2006,2023,1,LB,0.001145900520590876
2007,2023,1,MT,0.0010436073607229584
2008,2023,1,AE,0.0027671480274505653
2009,2023,1,JO,0.0013425908263396589
2010,2023,1,PK,0.003118910146722078
2011,2023,1,QA,0.0011311308153549209
2012,2023,1,BY,0.0031693792534717054
2013,2023,1,CH,0.012677948755976337
2014,2023,1,NL,0.014984272214381237
2015,2023,1,SE,0.00577916137778829
2016,2023,1,AM,0.002201912463507945
2017,2023,1,ET,0.0019110711447643033
2018,2023,1,SI,0.0020321984227476965
2019,2023,1,GH,0.0014792239703906758
2020,2023,1,TH,0.002651244327119867
2021,2023,1,EG,0.0021842876176822847
2022,2023,1,LU,0.001343056225719594
2023,2023,1,ID,0.00216170095678246
2024,2023,1,NG,0.004725851708350853
2025,2023,1,AZ,0.0008903311220666808
2026,2023,1,RO,0.003675326204668269
2027,2023,1,AT,0.004651440786723998
2028,2023,1,MU,0.0009225370408767083
2029,2023,1,TZ,0.000930051817988286
2030,2023,1,KZ,0.0016207325179334255
2031,2023,1,RU,0.019056111241233496
2032,2023,1,HU,0.003128628171020889
2033,2023,1,PR,0.0011653732648746519
2034,2023,1,UG,0.0016178854601639554
2035,2023,1,MZ,0.0009501765441558912
2036,2023,1,IS,0.0010941932061803586
2037,2023,1,CN,0.029250436427691037
2038,2023,1,NO,0.00492877473094197
2039,2023,1,BD,0.002251065749771374
2040,2023,1,KR,0.004103039641522131
2041,2023,1,CA,0.03528610148613948
2042,2023,1,PH,0.002374597604884306
2043,2023,1,SV,0.002023818029694057
2044,2023,1,TN,0.0012940250800931095
2045,2023,1,UZ,0.0012880728677333987
2046,2023,1,CD,0.0009480821937191394
2047,2023,1,TW,0.005343424951092785
2048,2023,1,SG,0.01118420730619977
2049,2023,1,MX,0.00508268383643496
2050,2023,1,SA,0.0027737550742864743
2051,2023,1,CZ,0.0057380466097299585
2052,2023,1,XK,0.0010329349103439464
2053,2023,1,VN,0.0032672323857812773
2054,2023,1,LI,0.0008903311220666808
2055,2023,1,AR,0.007373140684506766
2056,2023,1,PS,0.0010420950325823668
2057,2023,1,CL,0.0018920400434032768
2058,2023,1,BH,0.0009546085423999591
2059,2023,1,CI,0.0008903311220666808
2060,2023,1,CR,0.001424497123988359
2061,2023,1,CU,0.001329908231354133
2062,2023,1,TD,0.000910803438047982
2063,2023,1,ZM,0.0009200382278204417
2064,2023,1,SN,0.0008969039861205622
2065,2023,1,IR,0.002257055028506357
2066,2023,1,NP,0.0012659909353237937
2067,2023,1,ZA,0.0038914203182681796
2068,2023,1,DZ,0.0010238994832158595
2069,2023,1,OM,0.0009104232706391518
2070,2023,1,ZW,0.0009004777580824291
2071,2023,1,KH,0.0011722419665969944
2072,2023,1,LK,0.0013485935857327994
2073,2023,1,MY,0.0018567983059681326
2074,2023,1,MA,0.0015940782636609738
2075,2023,1,MN,0.0008903311220666808
2076,2023,1,PY,0.000998218648808177
2077,2023,1,MD,0.001035617667032664
2078,2023,1,IQ,0.0011052746108621701
2079,2023,1,CM,0.0012323861696327944
2080,2023,1,PE,0.0016948822101470924
2081,2023,1,MM,0.001057108790835152
2082,2023,1,SK,0.0016989740823264393
2083,2023,1,CW,0.0009416706669042549
2084,2023,1,BO,0.0014052929314586362
2085,2023,1,MW,0.0009013837077266923
2086,2023,1,NC,0.0008903311220666808
2087,2023,1,AF,0.0009150564669287652
2088,2023,1,,0.0009123388617465795
2089,2023,1,TJ,0.0009122863324887657
2090,2023,1,JM,0.002256714557220512
2091,2023,1,MK,0.0008903311220666808
2092,2023,1,KW,0.0011075553794535104
2093,2023,1,IM,0.0008903311220666808
2094,2023,1,ML,0.0008903311220666808
2095,2023,1,AD,0.0008903311220666808
2096,2023,1,GT,0.0014582993474821769
2097,2023,1,SD,0.0009384066578844379
2098,2023,1,KG,0.0010609199325942232
2099,2023,1,FO,0.0008903311220666808
2100,2023,1,MC,0.0009591286865363297
2101,2023,1,MO,0.0008903311220666808
2102,2023,1,BS,0.0008903311220666808
2103,2023,1,SY,0.001080290974446253
2104,2023,1,LC,0.0008903311220666808
2105,2023,1,LA,0.0008997690309063195
2106,2023,1,HT,0.0009015648976555449
2107,2023,1,MG,0.0009333925192727451
2108,2023,1,BB,0.0008903311220666808
2109,2023,1,AG,0.0008903311220666808
2110,2023,1,RE,0.0009103719134466524
2111,2023,1,BF,0.0008903311220666808
2112,2023,1,AL,0.0011081105395565078
2113,2023,1,BZ,0.0008903311220666808
2114,2023,1,VI,0.0008903311220666808
2115,2023,1,AO,0.0008903311220666808
2116,2023,1,SC,0.0009067501033261061
2117,2023,1,GU,0.0009272969776026116
2118,2023,1,SR,0.0008903311220666808
2119,2023,1,YE,0.0008903311220666808
2120,2023,1,BM,0.0008903311220666808
2121,2023,1,JE,0.0008903311220666808
2122,2023,1,PF,0.0008903311220666808
2123,2023,1,SO,0.0009155803117769522
2124,2023,1,MV,0.0008903311220666808
2125,2023,1,NI,0.0008903311220666808
2126,2023,1,AW,0.0009368807179267418
2127,2023,1,KY,0.0008903311220666808
2128,2023,1,DM,0.0008903311220666808
2129,2023,1,LR,0.0008903311220666808
2130,2023,1,GY,0.0008903311220666808
2131,2023,1,CV,0.0008903311220666808
2132,2023,1,GP,0.0008903311220666808
2133,2023,1,GI,0.0008903311220666808
2134,2023,1,TT,0.0008903311220666808
2135,2023,1,AX,0.0008903311220666808
