iso2_code;language;entry01;consider00;pci;ubiquity;rca01;density
AM;Makefile;1;0;1.099888758800505;46.0;1.0;0.1539906539957715
AR;Batchfile;0;1;0.7607178814684841;58.0;0.0;0.415614045008329
AR;C++;0;1;0.6067486439390477;64.0;0.0;0.4308880933928135
AR;CMake;0;1;1.615373748737018;41.0;0.0;0.3654521332091039
AR;Dart;0;1;-0.2731426361832896;46.0;0.0;0.5177284388933248
AR;Go;0;1;1.0106528223522817;48.0;0.0;0.3842124143002925
AR;Groovy;0;1;1.9476213896937435;34.0;0.0;0.3448919520663808
AR;HCL;0;1;2.075469430889188;29.0;0.0;0.3264981077797849
AR;Jupyter Notebook;0;1;0.4303108890840478;48.0;0.0;0.4101929133753181
AR;Lua;0;1;1.784842630294794;36.0;0.0;0.3474202748324938
AR;M4;0;1;2.1789177990423836;31.0;0.0;0.3210883767335529
AR;MATLAB;0;1;1.607304664210452;38.0;0.0;0.3706630418472786
AR;Makefile;0;1;1.099888758800505;46.0;0.0;0.3777022186924261
AR;Perl;0;1;1.64924002475752;38.0;0.0;0.3534508071825317
AR;PowerShell;0;1;0.759189602096217;58.0;0.0;0.4210315599502661
AR;Python;0;1;-0.5731609756980096;95.0;0.0;0.4749702652188582
AR;R;0;1;0.9837305570009688;40.0;0.0;0.3880780384921979
AR;Roff;0;1;1.8720201810720312;35.0;0.0;0.3410807041230362
AR;Ruby;0;1;-0.5770155083209011;105.0;0.0;0.514558682891955
AR;Rust;0;1;1.7718722989843865;34.0;0.0;0.3448963882131958
AR;Scala;0;1;2.149544529046932;32.0;0.0;0.3256602758480067
AR;Swift;0;1;0.0438564094566854;69.0;0.0;0.4866594372797037
AR;Vim Script;0;1;1.900649886448476;33.0;0.0;0.3383095160616302
AR;XSLT;0;1;1.6824452631964322;40.0;0.0;0.3635671471804488
AT;Blade;0;1;-0.4652508894488165;60.0;0.0;0.730245396560514
AT;Dart;0;1;-0.2731426361832896;46.0;0.0;0.6944694595562146
AT;Jupyter Notebook;1;0;0.4303108890840478;48.0;1.0;0.6282964153563368
AU;Blade;0;1;-0.4652508894488165;60.0;0.0;0.8009006801954177
AU;Dart;0;1;-0.2731426361832896;46.0;0.0;0.7991373195470236
AU;Hack;0;1;-0.3569854687960176;62.0;0.0;0.7968610531482699
AU;Java;0;1;-0.7652183747771489;102.0;0.0;0.827866162748814
AU;Kotlin;0;1;-0.161119360854662;76.0;0.0;0.8161494419797544
AU;Less;1;0;0.0287144858230048;58.0;1.0;0.8134425518381321
BA;C;1;0;0.8431704579094816;57.0;1.0;0.1364992931008882
BA;Makefile;0;1;1.099888758800505;46.0;0.0;0.1066125983550465
BA;Python;0;1;-0.5731609756980096;95.0;0.0;0.2387880753915868
BD;Assembly;0;1;1.6140402136707923;42.0;0.0;0.1882322191327104
BD;Batchfile;0;1;0.7607178814684841;58.0;0.0;0.2613824066249481
BD;C;1;0;0.8431704579094816;57.0;1.0;0.24794029318511
BD;Dockerfile;0;1;0.1974236737775398;73.0;0.0;0.2962412366308908
BD;Go;0;1;1.0106528223522817;48.0;0.0;0.2216221968644131
BD;MATLAB;0;1;1.607304664210452;38.0;0.0;0.1878473722147036
BD;Makefile;0;1;1.099888758800505;46.0;0.0;0.1981125057741464
BD;Perl;0;1;1.64924002475752;38.0;0.0;0.1677422777753055
BD;R;0;1;0.9837305570009688;40.0;0.0;0.2131201895314559
BD;Roff;0;1;1.8720201810720312;35.0;0.0;0.1532008262541306
BD;Ruby;0;1;-0.5770155083209011;105.0;0.0;0.3898811295552833
BD;TeX;0;1;1.3871652188469246;40.0;0.0;0.1920973559075496
BD;Vim Script;0;1;1.900649886448476;33.0;0.0;0.1471167639505491
BE;Dart;0;1;-0.2731426361832896;46.0;0.0;0.7040479686460204
BE;Swift;0;1;0.0438564094566854;69.0;0.0;0.7006428273468254
BG;Jupyter Notebook;0;1;0.4303108890840478;48.0;0.0;0.3594866335284388
BG;Kotlin;0;1;-0.161119360854662;76.0;0.0;0.4955051817564089
BG;Python;1;0;-0.5731609756980096;95.0;1.0;0.474267037607311
BO;C++;1;0;0.6067486439390477;64.0;1.0;0.190656788529782
BO;Jupyter Notebook;0;1;0.4303108890840478;48.0;0.0;0.179462335869141
BO;Makefile;0;1;1.099888758800505;46.0;0.0;0.1230921922080386
BO;Python;0;1;-0.5731609756980096;95.0;0.0;0.2745342745043996
BR;AppleScript;0;1;3.2285914766550508;11.0;0.0;0.3191430002280578
BR;Assembly;0;1;1.6140402136707923;42.0;0.0;0.3544217889384276
BR;Awk;0;1;2.2969540673791213;29.0;0.0;0.3248667894680211
BR;Batchfile;0;1;0.7607178814684841;58.0;0.0;0.396566459508007
BR;C++;0;1;0.6067486439390477;64.0;0.0;0.4115673253332329
BR;CMake;0;1;1.615373748737018;41.0;0.0;0.3458836536048254
BR;CoffeeScript;0;1;1.173522671727503;40.0;0.0;0.4070645431007914
BR;Common Lisp;0;1;2.93270503247345;17.0;0.0;0.3509649880145533
BR;Cuda;0;1;2.742918570023478;21.0;0.0;0.3263479193006389
BR;DIGITAL Command Language;0;1;2.9776521408283556;15.0;0.0;0.3295002356489767
BR;Emacs Lisp;0;1;2.284861684414576;29.0;0.0;0.3243307318602343
BR;F#;0;1;2.9798950501522863;14.0;0.0;0.346527735631053
BR;Fortran;0;1;2.575123543477829;23.0;0.0;0.3358316870356855
BR;FreeMarker;0;1;2.6096665413170133;18.0;0.0;0.3324323297175058
BR;GDB;0;1;2.8372748269469548;20.0;0.0;0.333503955588196
BR;GLSL;0;1;1.862587317764688;36.0;0.0;0.3446130399519805
BR;Gnuplot;0;1;3.101021239015724;14.0;0.0;0.3283389023317272
BR;Go;0;1;1.0106528223522817;48.0;0.0;0.3751270313573082
BR;Groovy;0;1;1.9476213896937435;34.0;0.0;0.3499359103307733
BR;HCL;0;1;2.075469430889188;29.0;0.0;0.3453682671773483
BR;Inno Setup;0;1;3.1166840094427037;13.0;0.0;0.3315358604560945
BR;Julia;0;1;2.718931209114361;18.0;0.0;0.3551981406774518
BR;Less;0;1;0.0287144858230048;58.0;0.0;0.4808066068424929
BR;Lex;0;1;2.1086389957590543;32.0;0.0;0.3462141871944578
BR;Lua;0;1;1.784842630294794;36.0;0.0;0.3362318533604059
BR;M;0;1;2.8386404669981036;17.0;0.0;0.3489298158318353
BR;M4;0;1;2.1789177990423836;31.0;0.0;0.3247183882993592
BR;MATLAB;0;1;1.607304664210452;38.0;0.0;0.3597463735859709
BR;Makefile;0;1;1.099888758800505;46.0;0.0;0.3575635016553689
BR;Mathematica;0;1;2.9532361998983783;16.0;0.0;0.3281627392968715
BR;Meson;0;1;2.991561278181072;16.0;0.0;0.3269291189069867
BR;NASL;0;1;3.0749879684708037;16.0;0.0;0.3242572753650016
BR;NSIS;0;1;2.8340100256997274;20.0;0.0;0.3241618828307291
BR;Objective-C++;1;0;2.2966159739590664;30.0;1.0;0.3316800530993829
BR;Perl;0;1;1.64924002475752;38.0;0.0;0.3388002600681287
BR;PostScript;0;1;3.0749879684708037;16.0;0.0;0.3242572753650016
BR;PowerShell;0;1;0.759189602096217;58.0;0.0;0.4077557775341486
BR;Pug;0;1;1.3257681306809193;41.0;0.0;0.4008700579791808
BR;QMake;0;1;1.939245321600863;31.0;0.0;0.3449724270866636
BR;R;0;1;0.9837305570009688;40.0;0.0;0.3786750970092696
BR;Raku;0;1;2.765356814824582;23.0;0.0;0.3376696248570932
BR;Roff;0;1;1.8720201810720312;35.0;0.0;0.3320584241577482
BR;Rust;0;1;1.7718722989843865;34.0;0.0;0.3415409057859715
BR;SWIG;0;1;3.0749879684708037;16.0;0.0;0.3242572753650016
BR;Scala;0;1;2.149544529046932;32.0;0.0;0.3354407606779934
BR;Scheme;0;1;2.878091963613647;17.0;0.0;0.3352174596689913
BR;SmPL;0;1;2.968782541316773;15.0;0.0;0.3397184868122282
BR;Smalltalk;0;1;2.184249923947141;31.0;0.0;0.3534607070490893
BR;Smarty;0;1;1.6867077877377117;41.0;0.0;0.3584294914215066
BR;Stylus;0;1;2.383145221461129;21.0;0.0;0.3559647433501586
BR;Tcl;0;1;2.3428831978834004;30.0;0.0;0.334994388601269
BR;TeX;0;1;1.3871652188469246;40.0;0.0;0.3603527340582073
BR;Twig;0;1;1.6564652442060968;22.0;0.0;0.3572711572125929
BR;Verilog;0;1;2.733504415880784;17.0;0.0;0.3377751524947886
BR;Vim Script;0;1;1.900649886448476;33.0;0.0;0.3291458109760755
BR;XS;0;1;3.0511179155811723;14.0;0.0;0.3434144485135074
BR;XSLT;0;1;1.6824452631964322;40.0;0.0;0.3464398339624434
BR;Yacc;0;1;2.0789420867424653;32.0;0.0;0.3352478716762338
BR;sed;0;1;2.6844992911837227;23.0;0.0;0.3290607572761857
BY;Dart;0;1;-0.2731426361832896;46.0;0.0;0.5292835584089062
BY;Go;0;1;1.0106528223522817;48.0;0.0;0.4127970662038925
BY;Hack;0;1;-0.3569854687960176;62.0;0.0;0.5410182688055688
BY;Jupyter Notebook;0;1;0.4303108890840478;48.0;0.0;0.4224647363632224
BY;Lua;0;1;1.784842630294794;36.0;0.0;0.3679511123234339
BY;Makefile;0;1;1.099888758800505;46.0;0.0;0.4109574937362853
BY;Perl;0;1;1.64924002475752;38.0;0.0;0.3787404075383645
BY;Python;1;0;-0.5731609756980096;95.0;1.0;0.503837619695082
BY;Roff;0;1;1.8720201810720312;35.0;0.0;0.362126132686585
BY;Rust;0;1;1.7718722989843865;34.0;0.0;0.3660653863277898
CA;Blade;0;1;-0.4652508894488165;60.0;0.0;0.828358637659873
CA;Dart;0;1;-0.2731426361832896;46.0;0.0;0.8435883802059231
CA;Hack;0;1;-0.3569854687960176;62.0;0.0;0.8359503505888539
CA;Kotlin;0;1;-0.161119360854662;76.0;0.0;0.8595962508683177
CA;Less;0;1;0.0287144858230048;58.0;0.0;0.8562497103024691
CA;PHP;0;1;-0.8800035812127267;107.0;0.0;0.8635914257984126
CA;Twig;0;1;1.6564652442060968;22.0;0.0;0.9416694122953266
CA;Vue;0;1;-0.3946880570499113;65.0;0.0;0.8401539876936311
CH;Blade;0;1;-0.4652508894488165;60.0;0.0;0.6654568629093113
CH;CSS;0;1;-1.1235791698152833;137.0;0.0;0.6697490748122481
CH;Dart;0;1;-0.2731426361832896;46.0;0.0;0.6623869902014994
CH;HLSL;0;1;1.411478442422064;44.0;0.0;0.7357478451564605
CH;HTML;0;1;-1.2905081989991216;145.0;0.0;0.6672641720815595
CH;Hack;0;1;-0.3569854687960176;62.0;0.0;0.6621831123584692
CH;Java;0;1;-0.7652183747771489;102.0;0.0;0.6843681919613511
CH;JavaScript;0;1;-1.0676450719083308;137.0;0.0;0.6696599822998692
CH;Kotlin;0;1;-0.161119360854662;76.0;0.0;0.6824850535087907
CH;ShaderLab;0;1;1.442966450727443;41.0;0.0;0.7297196943954767
CH;Swift;0;1;0.0438564094566854;69.0;0.0;0.6798696323626368
CL;Assembly;0;1;1.6140402136707923;42.0;0.0;0.2316481324829902
CL;C;0;1;0.8431704579094816;57.0;0.0;0.2897666891111432
CL;C++;0;1;0.6067486439390477;64.0;0.0;0.3174895041281542
CL;CMake;0;1;1.615373748737018;41.0;0.0;0.2193899771321617
CL;Go;0;1;1.0106528223522817;48.0;0.0;0.2638130961481088
CL;Makefile;0;1;1.099888758800505;46.0;0.0;0.2425965813215796
CL;Objective-C;0;1;0.2858814656882291;82.0;0.0;0.3922575505688987
CL;Perl;0;1;1.64924002475752;38.0;0.0;0.2088319701911674
CL;PowerShell;1;0;0.759189602096217;58.0;1.0;0.3119801413123344
CL;Roff;0;1;1.8720201810720312;35.0;0.0;0.1901121233505957
CN;ASP.NET;1;0;0.6999645931255207;45.0;1.0;0.5422097532386561
CN;Blade;0;1;-0.4652508894488165;60.0;0.0;0.5466681554630174
CN;C#;0;1;-0.1043281087103906;86.0;0.0;0.5841680748953094
CN;Common Lisp;1;0;2.93270503247345;17.0;1.0;0.570913220943187
CN;Dart;0;1;-0.2731426361832896;46.0;0.0;0.5273035585538062
CN;Elixir;0;1;2.697399134333642;20.0;0.0;0.5649884330033303
CN;F#;1;0;2.9798950501522863;14.0;1.0;0.5620364306915656
CN;Gherkin;0;1;1.884085487951083;34.0;0.0;0.5737055464023959
CN;HCL;0;1;2.075469430889188;29.0;0.0;0.5819412258452558
CN;HLSL;0;1;1.411478442422064;44.0;0.0;0.5689179196702417
CN;Hack;0;1;-0.3569854687960176;62.0;0.0;0.5510049496179159
CN;Handlebars;0;1;1.0993431411644778;50.0;0.0;0.5546565048814072
CN;Haskell;0;1;2.1075737141102437;32.0;0.0;0.5768798271146056
CN;Julia;0;1;2.718931209114361;18.0;0.0;0.5646988815256992
CN;Jupyter Notebook;0;1;0.4303108890840478;48.0;0.0;0.5583816113938974
CN;Mathematica;1;0;2.9532361998983783;16.0;1.0;0.5816523009441515
CN;Nix;0;1;2.9275407675385243;16.0;0.0;0.5808691138391393
CN;PHP;0;1;-0.8800035812127267;107.0;0.0;0.5829770658591787
CN;PowerShell;1;0;0.759189602096217;58.0;1.0;0.5885442390752297
CN;Prolog;0;1;2.6465780153602583;20.0;0.0;0.5627394213573207
CN;R;0;1;0.9837305570009688;40.0;0.0;0.5717119695596946
CN;SCSS;1;0;-0.5056458545683647;112.0;1.0;0.5918537287906607
CN;Sass;0;1;1.7682888930890548;35.0;0.0;0.5690750286049053
CN;Scheme;0;1;2.878091963613647;17.0;0.0;0.5864303990202551
CN;ShaderLab;0;1;1.442966450727443;41.0;0.0;0.5644345334533657
CN;Solidity;0;1;2.2643193050766905;25.0;0.0;0.582280305491633
CN;Svelte;0;1;2.8839911518968795;18.0;0.0;0.5739073121442807
CN;Swift;0;1;0.0438564094566854;69.0;0.0;0.569042946913219
CO;Assembly;0;1;1.6140402136707923;42.0;0.0;0.3123368883234462
CO;Batchfile;0;1;0.7607178814684841;58.0;0.0;0.3676043119721252
CO;C;0;1;0.8431704579094816;57.0;0.0;0.3566206044506462
CO;C++;0;1;0.6067486439390477;64.0;0.0;0.3818575907464222
CO;CMake;0;1;1.615373748737018;41.0;0.0;0.3007217423574991
CO;Dockerfile;0;1;0.1974236737775398;73.0;0.0;0.4050469117861396
CO;GLSL;0;1;1.862587317764688;36.0;0.0;0.2914012055431451
CO;Go;0;1;1.0106528223522817;48.0;0.0;0.3320375229206748
CO;HCL;0;1;2.075469430889188;29.0;0.0;0.263401446707341
CO;Makefile;0;1;1.099888758800505;46.0;0.0;0.3148895104963252
CO;Perl;0;1;1.64924002475752;38.0;0.0;0.2890182003189843
CO;PowerShell;0;1;0.759189602096217;58.0;0.0;0.3798274751683586
CO;Roff;0;1;1.8720201810720312;35.0;0.0;0.2741848332368632
CO;Rust;0;1;1.7718722989843865;34.0;0.0;0.2838049475188416
CO;Smarty;0;1;1.6867077877377117;41.0;0.0;0.3096408131574552
CO;Starlark;0;1;1.2708183052241644;37.0;0.0;0.3518495193445128
CO;Vim Script;0;1;1.900649886448476;33.0;0.0;0.2682709953131031
CO;XSLT;0;1;1.6824452631964322;40.0;0.0;0.3023292662290524
CR;Batchfile;0;1;0.7607178814684841;58.0;0.0;0.3013867801338511
CR;Jupyter Notebook;0;1;0.4303108890840478;48.0;0.0;0.2718385026287425
CZ;Blade;0;1;-0.4652508894488165;60.0;0.0;0.6852714175481337
CZ;Dart;0;1;-0.2731426361832896;46.0;0.0;0.6532191025952288
CZ;Hack;0;1;-0.3569854687960176;62.0;0.0;0.6718296644541029
CZ;Jupyter Notebook;0;1;0.4303108890840478;48.0;0.0;0.6231603166668511
CZ;Swift;1;0;0.0438564094566854;69.0;1.0;0.6644118378091811
CZ;Vue;1;0;-0.3946880570499113;65.0;1.0;0.6575544973840439
DE;ASP.NET;0;1;0.6999645931255207;45.0;0.0;0.8768622121413004
DE;Blade;0;1;-0.4652508894488165;60.0;0.0;0.8026442004340555
DE;CSS;0;1;-1.1235791698152833;137.0;0.0;0.8346000055836982
DE;Dart;0;1;-0.2731426361832896;46.0;0.0;0.8132773842823926
DE;HTML;0;1;-1.2905081989991216;145.0;0.0;0.8317275375308091
DE;Hack;0;1;-0.3569854687960176;62.0;0.0;0.8116453710725327
DE;Less;1;0;0.0287144858230048;58.0;1.0;0.8306852222713964
DK;Blade;0;1;-0.4652508894488165;60.0;0.0;0.6437964074057545
DK;Hack;0;1;-0.3569854687960176;62.0;0.0;0.6237194768955854
DK;Kotlin;0;1;-0.161119360854662;76.0;0.0;0.639741776640691
DK;Less;0;1;0.0287144858230048;58.0;0.0;0.6302447529335335
DO;C++;0;1;0.6067486439390477;64.0;0.0;0.2093526070252654
DO;Makefile;0;1;1.099888758800505;46.0;0.0;0.143302689359208
DO;Python;0;1;-0.5731609756980096;95.0;0.0;0.2914500950512533
DZ;C#;0;1;-0.1043281087103906;86.0;0.0;0.3031668635351138
DZ;C++;1;0;0.6067486439390477;64.0;1.0;0.2177678091436771
DZ;Dockerfile;0;1;0.1974236737775398;73.0;0.0;0.2511187259883353
DZ;Makefile;0;1;1.099888758800505;46.0;0.0;0.151331570004069
EC;C++;1;0;0.6067486439390477;64.0;1.0;0.2359166931296628
EC;Dockerfile;0;1;0.1974236737775398;73.0;0.0;0.2687329372003234
EC;Makefile;0;1;1.099888758800505;46.0;0.0;0.1623775302848293
EG;Batchfile;0;1;0.7607178814684841;58.0;0.0;0.3786971495266599
EG;CMake;1;0;1.615373748737018;41.0;1.0;0.295917782153258
EG;Dockerfile;0;1;0.1974236737775398;73.0;0.0;0.4202975897203626
EG;Go;0;1;1.0106528223522817;48.0;0.0;0.3357309928950637
EG;Lua;0;1;1.784842630294794;36.0;0.0;0.2715408515048819
EG;Makefile;0;1;1.099888758800505;46.0;0.0;0.3169858970747283
EG;Perl;0;1;1.64924002475752;38.0;0.0;0.2822934725440328
EG;PowerShell;0;1;0.759189602096217;58.0;0.0;0.386335794543218
EG;R;0;1;0.9837305570009688;40.0;0.0;0.3238340426643252
EG;Roff;0;1;1.8720201810720312;35.0;0.0;0.2635446007391422
EG;TeX;0;1;1.3871652188469246;40.0;0.0;0.3050619705116639
ES;Dart;0;1;-0.2731426361832896;46.0;0.0;0.8920854707233519
FI;Dart;0;1;-0.2731426361832896;46.0;0.0;0.6068709454653072
FI;Hack;0;1;-0.3569854687960176;62.0;0.0;0.6181135064796828
FI;Jupyter Notebook;0;1;0.4303108890840478;48.0;0.0;0.561553644955447
FI;Swift;0;1;0.0438564094566854;69.0;0.0;0.6103199291110959
FI;Vue;0;1;-0.3946880570499113;65.0;0.0;0.601720412935616
FR;ASP.NET;0;1;0.6999645931255207;45.0;0.0;0.9047005890837924
FR;Blade;0;1;-0.4652508894488165;60.0;0.0;0.879478676734456
FR;Dart;0;1;-0.2731426361832896;46.0;0.0;0.8628890460731911
FR;Kotlin;0;1;-0.161119360854662;76.0;0.0;0.8930223037018148
FR;Swift;0;1;0.0438564094566854;69.0;0.0;0.8911730164554015
GB;Blade;0;1;-0.4652508894488165;60.0;0.0;0.8131562630580813
GB;Dart;0;1;-0.2731426361832896;46.0;0.0;0.8252984175534839
GB;Hack;0;1;-0.3569854687960176;62.0;0.0;0.8237949512957645
GB;Java;0;1;-0.7652183747771489;102.0;0.0;0.8565551356240115
GB;Kotlin;0;1;-0.161119360854662;76.0;0.0;0.8438103416456404
GB;Less;0;1;0.0287144858230048;58.0;0.0;0.8435603822401999
GB;Swift;0;1;0.0438564094566854;69.0;0.0;0.8538208390051987
GB;Vue;0;1;-0.3946880570499113;65.0;0.0;0.8246056963829469
GE;C;0;1;0.8431704579094816;57.0;0.0;0.1255108039193053
GE;C++;0;1;0.6067486439390477;64.0;0.0;0.1463289070096988
GE;Dockerfile;1;0;0.1974236737775398;73.0;1.0;0.1748920922566706
GE;Makefile;1;0;1.099888758800505;46.0;1.0;0.0941427398114263
GE;Python;1;0;-0.5731609756980096;95.0;1.0;0.2280478718697749
GH;Batchfile;0;1;0.7607178814684841;58.0;0.0;0.2031901864803255
GH;C;1;0;0.8431704579094816;57.0;1.0;0.1887985439609635
GH;C#;0;1;-0.1043281087103906;86.0;0.0;0.2980199478664481
GH;Dockerfile;0;1;0.1974236737775398;73.0;0.0;0.2426384300214288
GH;Java;0;1;-0.7652183747771489;102.0;0.0;0.3753757291825782
GR;Swift;0;1;0.0438564094566854;69.0;0.0;0.4930705819673566
GT;Dockerfile;0;1;0.1974236737775398;73.0;0.0;0.2788843947428338
GT;Makefile;0;1;1.099888758800505;46.0;0.0;0.1884628469521395
GT;Objective-C;1;0;0.2858814656882291;82.0;1.0;0.302659144746683
GT;Ruby;0;1;-0.5770155083209011;105.0;0.0;0.3578354933562994
HK;ASP.NET;0;1;0.6999645931255207;45.0;0.0;0.6777817133556296
HK;Blade;0;1;-0.4652508894488165;60.0;0.0;0.7089675025534945
HK;C#;0;1;-0.1043281087103906;86.0;0.0;0.7194095725681552
HK;Gherkin;0;1;1.884085487951083;34.0;0.0;0.6710510339574888
HK;HCL;0;1;2.075469430889188;29.0;0.0;0.6665423717080001
HK;HLSL;0;1;1.411478442422064;44.0;0.0;0.6856343680546644
HK;Hack;0;1;-0.3569854687960176;62.0;0.0;0.7007378201860877
HK;Handlebars;1;0;1.0993431411644778;50.0;1.0;0.6840650483535898
HK;Haskell;0;1;2.1075737141102437;32.0;0.0;0.6600163558427682
HK;Jupyter Notebook;0;1;0.4303108890840478;48.0;0.0;0.6725096210105972
HK;PHP;0;1;-0.8800035812127267;107.0;0.0;0.727455668745228
HK;R;0;1;0.9837305570009688;40.0;0.0;0.6847176770824537
HK;ShaderLab;0;1;1.442966450727443;41.0;0.0;0.6778765706461547
HN;Python;0;1;-0.5731609756980096;95.0;0.0;0.1923717175625391
HR;Jupyter Notebook;0;1;0.4303108890840478;48.0;0.0;0.3086104580291607
HU;Jupyter Notebook;0;1;0.4303108890840478;48.0;0.0;0.5048072666458975
HU;Ruby;1;0;-0.5770155083209011;105.0;1.0;0.6239644877275483
ID;Assembly;0;1;1.6140402136707923;42.0;0.0;0.3756205905465047
ID;Awk;0;1;2.2969540673791213;29.0;0.0;0.3573434329591008
ID;Batchfile;0;1;0.7607178814684841;58.0;0.0;0.4087017000625856
ID;C;0;1;0.8431704579094816;57.0;0.0;0.4045625446836869
ID;C#;0;1;-0.1043281087103906;86.0;0.0;0.4736716321656285
ID;C++;1;0;0.6067486439390477;64.0;1.0;0.4219468583530806
ID;CMake;1;0;1.615373748737018;41.0;1.0;0.3700408273157817
ID;Dockerfile;0;1;0.1974236737775398;73.0;0.0;0.4378407028952392
ID;Emacs Lisp;0;1;2.284861684414576;29.0;0.0;0.3578224629650909
ID;Fortran;0;1;2.575123543477829;23.0;0.0;0.3799186015049211
ID;GLSL;0;1;1.862587317764688;36.0;0.0;0.3692372159591073
ID;Groovy;0;1;1.9476213896937435;34.0;0.0;0.3711138129403507
ID;HCL;0;1;2.075469430889188;29.0;0.0;0.3736922722857193
ID;HLSL;0;1;1.411478442422064;44.0;0.0;0.4031491922147021
ID;Lex;0;1;2.1086389957590543;32.0;0.0;0.3775480325414874
ID;Lua;0;1;1.784842630294794;36.0;0.0;0.361937632352447
ID;M4;0;1;2.1789177990423836;31.0;0.0;0.3549191848733006
ID;MATLAB;0;1;1.607304664210452;38.0;0.0;0.3796184281362389
ID;Makefile;0;1;1.099888758800505;46.0;0.0;0.3775125565260052
ID;Objective-C++;1;0;2.2966159739590664;30.0;1.0;0.3657835556691953
ID;Perl;0;1;1.64924002475752;38.0;0.0;0.3627190050620091
ID;PowerShell;0;1;0.759189602096217;58.0;0.0;0.4214374744376655
ID;Python;0;1;-0.5731609756980096;95.0;0.0;0.4698325515140268
ID;R;0;1;0.9837305570009688;40.0;0.0;0.3933413783589108
ID;Roff;0;1;1.8720201810720312;35.0;0.0;0.3583297263594359
ID;Rust;0;1;1.7718722989843865;34.0;0.0;0.3637296809582347
ID;Scala;0;1;2.149544529046932;32.0;0.0;0.3626052854166078
ID;ShaderLab;0;1;1.442966450727443;41.0;0.0;0.4055854517860977
ID;Tcl;0;1;2.3428831978834004;30.0;0.0;0.3699693865616416
ID;TeX;0;1;1.3871652188469246;40.0;0.0;0.3832176342523943
ID;Twig;0;1;1.6564652442060968;22.0;0.0;0.3929199305432483
ID;TypeScript;0;1;-0.3351298897756309;97.0;0.0;0.4928116085857423
ID;Vim Script;0;1;1.900649886448476;33.0;0.0;0.3573825241557072
ID;XSLT;0;1;1.6824452631964322;40.0;0.0;0.371021767545778
ID;Yacc;0;1;2.0789420867424653;32.0;0.0;0.3633775830856156
ID;sed;0;1;2.6844992911837227;23.0;0.0;0.3777808694866028
IE;Dart;0;1;-0.2731426361832896;46.0;0.0;0.6001721487548364
IE;Hack;0;1;-0.3569854687960176;62.0;0.0;0.5978231582553803
IE;Less;0;1;0.0287144858230048;58.0;0.0;0.6089664712118075
IE;Vue;0;1;-0.3946880570499113;65.0;0.0;0.5880983753024995
IL;Hack;0;1;-0.3569854687960176;62.0;0.0;0.5979104550187966
IL;Less;0;1;0.0287144858230048;58.0;0.0;0.6137589124002554
IL;PHP;0;1;-0.8800035812127267;107.0;0.0;0.6404269984046153
IL;R;0;1;0.9837305570009688;40.0;0.0;0.5605276066683891
IL;TeX;0;1;1.3871652188469246;40.0;0.0;0.5466787938400852
IL;Vue;0;1;-0.3946880570499113;65.0;0.0;0.592292260204767
IN;ANTLR;0;1;2.6532129918936445;18.0;0.0;0.5026163688628617
IN;AppleScript;0;1;3.2285914766550508;11.0;0.0;0.5039046188531646
IN;Assembly;0;1;1.6140402136707923;42.0;0.0;0.5113404844022673
IN;AutoHotkey;0;1;3.2331170355394137;11.0;0.0;0.5054993871285794
IN;Awk;0;1;2.2969540673791213;29.0;0.0;0.5058597769259887
IN;Batchfile;0;1;0.7607178814684841;58.0;0.0;0.5370535250789021
IN;Blade;0;1;-0.4652508894488165;60.0;0.0;0.61076772892092
IN;C#;0;1;-0.1043281087103906;86.0;0.0;0.585665262069043
IN;CMake;0;1;1.615373748737018;41.0;0.0;0.5066012408524634
IN;Cuda;0;1;2.742918570023478;21.0;0.0;0.5047804938870637
IN;DIGITAL Command Language;0;1;2.9776521408283556;15.0;0.0;0.5033072053943481
IN;Emacs Lisp;0;1;2.284861684414576;29.0;0.0;0.5044654357774784
IN;FreeMarker;1;0;2.6096665413170133;18.0;1.0;0.5034646240633794
IN;GAP;0;1;3.0242909451172597;15.0;0.0;0.5047043757313929
IN;GDB;0;1;2.8372748269469548;20.0;0.0;0.5121468851899222
IN;GLSL;0;1;1.862587317764688;36.0;0.0;0.5107771785671138
IN;Gnuplot;0;1;3.101021239015724;14.0;0.0;0.4979794477439193
IN;Go;0;1;1.0106528223522817;48.0;0.0;0.52581149198146
IN;HLSL;0;1;1.411478442422064;44.0;0.0;0.5369594694835829
IN;Haml;0;1;3.391862094378609;7.0;0.0;0.5240412335703708
IN;Inno Setup;0;1;3.1166840094427037;13.0;0.0;0.4999399214215579
IN;Lua;0;1;1.784842630294794;36.0;0.0;0.5047713495995285
IN;M4;0;1;2.1789177990423836;31.0;0.0;0.5034414101316333
IN;Makefile;0;1;1.099888758800505;46.0;0.0;0.5129783685092787
IN;Mathematica;0;1;2.9532361998983783;16.0;0.0;0.4997081557362025
IN;Meson;0;1;2.991561278181072;16.0;0.0;0.4974816452274513
IN;NASL;0;1;3.0749879684708037;16.0;0.0;0.4969192016502557
IN;NSIS;0;1;2.8340100256997274;20.0;0.0;0.502973654665795
IN;Nix;0;1;2.9275407675385243;16.0;0.0;0.4970468435900386
IN;PLpgSQL;0;1;1.7579118225328378;39.0;0.0;0.5295146753240167
IN;Pawn;0;1;3.1707735891381947;12.0;0.0;0.5044541440625302
IN;Perl;0;1;1.64924002475752;38.0;0.0;0.5022010821943922
IN;QML;0;1;2.9344720062942544;16.0;0.0;0.5118130169796535
IN;QMake;0;1;1.939245321600863;31.0;0.0;0.515854298623301
IN;Roff;0;1;1.8720201810720312;35.0;0.0;0.5013545948596079
IN;Rust;0;1;1.7718722989843865;34.0;0.0;0.5108311076578063
IN;SWIG;0;1;3.0749879684708037;16.0;0.0;0.4969192016502557
IN;Scheme;0;1;2.878091963613647;17.0;0.0;0.5091126651106259
IN;ShaderLab;0;1;1.442966450727443;41.0;0.0;0.5391116834540802
IN;Shell;0;1;-0.9410493095376736;115.0;0.0;0.6037201551793336
IN;Stylus;0;1;2.383145221461129;21.0;0.0;0.5274142216134473
IN;TeX;0;1;1.3871652188469246;40.0;0.0;0.5160508000641056
IN;Twig;0;1;1.6564652442060968;22.0;0.0;0.5136233891618437
IN;VHDL;0;1;2.7399782747649715;13.0;0.0;0.5187542121834146
IN;Vim Script;0;1;1.900649886448476;33.0;0.0;0.5022357048644989
IN;Vim Snippet;0;1;3.0300002859155377;16.0;0.0;0.506684992598654
IN;Vue;0;1;-0.3946880570499113;65.0;0.0;0.6042815827426936
IN;XSLT;0;1;1.6824452631964322;40.0;0.0;0.5099358029965049
IN;Yacc;0;1;2.0789420867424653;32.0;0.0;0.5101443890027543
IR;Makefile;0;1;1.099888758800505;46.0;0.0;0.2938498188086013
IR;Roff;0;1;1.8720201810720312;35.0;0.0;0.2235702706396274
IT;Starlark;1;0;1.2708183052241644;37.0;1.0;0.8538919390799722
JP;ASP.NET;0;1;0.6999645931255207;45.0;0.0;0.759929121847788
JP;Gherkin;0;1;1.884085487951083;34.0;0.0;0.7690233876128312
JP;Groovy;1;0;1.9476213896937435;34.0;1.0;0.7743913720077154
JP;Handlebars;0;1;1.0993431411644778;50.0;0.0;0.7638777584735132
JP;Java;0;1;-0.7652183747771489;102.0;0.0;0.7966207467461235
JP;Jupyter Notebook;0;1;0.4303108890840478;48.0;0.0;0.7668272046822447
JP;Less;1;0;0.0287144858230048;58.0;1.0;0.7755847010231485
JP;MATLAB;1;0;1.607304664210452;38.0;1.0;0.7740112141894081
JP;PLpgSQL;1;0;1.7579118225328378;39.0;1.0;0.772436248566745
JP;QMake;1;0;1.939245321600863;31.0;1.0;0.7789083971161059
JP;R;0;1;0.9837305570009688;40.0;0.0;0.7716411529290998
JP;TSQL;0;1;-0.1446213140601409;84.0;0.0;0.7857856881693295
JP;Twig;0;1;1.6564652442060968;22.0;0.0;0.7724638736973978
KE;Batchfile;0;1;0.7607178814684841;58.0;0.0;0.2625656092498449
KE;C#;0;1;-0.1043281087103906;86.0;0.0;0.3695319241508172
KE;C++;0;1;0.6067486439390477;64.0;0.0;0.2751132297622429
KE;Go;0;1;1.0106528223522817;48.0;0.0;0.221611657011675
KE;Makefile;0;1;1.099888758800505;46.0;0.0;0.1987256923917787
KH;Python;0;1;-0.5731609756980096;95.0;0.0;0.2820173945668793
KR;Awk;0;1;2.2969540673791213;29.0;0.0;0.4469974719783398
KR;Blade;0;1;-0.4652508894488165;60.0;0.0;0.5368759390242518
KR;Clojure;0;1;2.53733788222658;27.0;0.0;0.4482173214830595
KR;CoffeeScript;0;1;1.173522671727503;40.0;0.0;0.4688303755194939
KR;Common Lisp;0;1;2.93270503247345;17.0;0.0;0.4406956415248083
KR;Dockerfile;1;0;0.1974236737775398;73.0;1.0;0.5016805370127673
KR;Emacs Lisp;0;1;2.284861684414576;29.0;0.0;0.4464816426027856
KR;FreeMarker;0;1;2.6096665413170133;18.0;0.0;0.4476780588283833
KR;GDB;0;1;2.8372748269469548;20.0;0.0;0.4518265841245914
KR;Gherkin;0;1;1.884085487951083;34.0;0.0;0.4417952425240052
KR;Go;0;1;1.0106528223522817;48.0;0.0;0.4772635156419391
KR;Groovy;0;1;1.9476213896937435;34.0;0.0;0.4462722360357694
KR;HCL;0;1;2.075469430889188;29.0;0.0;0.440571847503601
KR;Hack;0;1;-0.3569854687960176;62.0;0.0;0.5266218483846603
KR;Handlebars;0;1;1.0993431411644778;50.0;0.0;0.4752630527924708
KR;Haskell;0;1;2.1075737141102437;32.0;0.0;0.44143281434146
KR;Lex;0;1;2.1086389957590543;32.0;0.0;0.4476040690771047
KR;Lua;0;1;1.784842630294794;36.0;0.0;0.4536748418976464
KR;M4;0;1;2.1789177990423836;31.0;0.0;0.4458556086235914
KR;Makefile;0;1;1.099888758800505;46.0;0.0;0.4687095787316623
KR;PHP;0;1;-0.8800035812127267;107.0;0.0;0.5415035003936239
KR;PLpgSQL;0;1;1.7579118225328378;39.0;0.0;0.4523560620614447
KR;Pascal;0;1;2.301497990872448;30.0;0.0;0.4497254472746295
KR;Perl;0;1;1.64924002475752;38.0;0.0;0.457222674205318
KR;R;0;1;0.9837305570009688;40.0;0.0;0.4560827191413715
KR;Rust;0;1;1.7718722989843865;34.0;0.0;0.4462553645669777
KR;Sass;0;1;1.7682888930890548;35.0;0.0;0.4573165212461119
KR;Scala;0;1;2.149544529046932;32.0;0.0;0.4442190633442727
KR;Smarty;0;1;1.6867077877377117;41.0;0.0;0.4621066538416277
KR;TSQL;0;1;-0.1446213140601409;84.0;0.0;0.5243340249410346
KR;TeX;0;1;1.3871652188469246;40.0;0.0;0.4592420021746564
KR;Vim Script;0;1;1.900649886448476;33.0;0.0;0.4457211786331176
KR;Yacc;0;1;2.0789420867424653;32.0;0.0;0.45017380749546
KR;sed;0;1;2.6844992911837227;23.0;0.0;0.4487691749375092
KZ;C;0;1;0.8431704579094816;57.0;0.0;0.2341851275167609
KZ;C++;0;1;0.6067486439390477;64.0;0.0;0.2601440835095883
LK;Assembly;0;1;1.6140402136707923;42.0;0.0;0.2838352469344141
LK;C;1;0;0.8431704579094816;57.0;1.0;0.3341811504027848
LK;C++;1;0;0.6067486439390477;64.0;1.0;0.3554586919826056
LK;Go;0;1;1.0106528223522817;48.0;0.0;0.3110076755804767
LK;Makefile;0;1;1.099888758800505;46.0;0.0;0.2947566231370946
LK;Perl;0;1;1.64924002475752;38.0;0.0;0.2704697639592414
LK;Python;1;0;-0.5731609756980096;95.0;1.0;0.4187215067847233
LT;Jupyter Notebook;0;1;0.4303108890840478;48.0;0.0;0.2996326055511061
LT;Python;1;0;-0.5731609756980096;95.0;1.0;0.421640040350433
MA;C++;0;1;0.6067486439390477;64.0;0.0;0.2409698323231205
MK;Python;0;1;-0.5731609756980096;95.0;0.0;0.2060304546500607
MX;Assembly;0;1;1.6140402136707923;42.0;0.0;0.3438909078268009
MX;Batchfile;0;1;0.7607178814684841;58.0;0.0;0.4031043139796312
MX;C;0;1;0.8431704579094816;57.0;0.0;0.3936672259431578
MX;Dockerfile;0;1;0.1974236737775398;73.0;0.0;0.447383735858365
MX;Emacs Lisp;0;1;2.284861684414576;29.0;0.0;0.2765769123706814
MX;Gherkin;0;1;1.884085487951083;34.0;0.0;0.3326311361115421
MX;Go;0;1;1.0106528223522817;48.0;0.0;0.36808380216459
MX;Groovy;0;1;1.9476213896937435;34.0;0.0;0.3132784886981503
MX;HCL;0;1;2.075469430889188;29.0;0.0;0.2976619330034893
MX;Lua;0;1;1.784842630294794;36.0;0.0;0.3132438686973168
MX;M4;0;1;2.1789177990423836;31.0;0.0;0.2864035169574011
MX;Makefile;0;1;1.099888758800505;46.0;0.0;0.3494414113853595
MX;Perl;0;1;1.64924002475752;38.0;0.0;0.3206205067351104
MX;PowerShell;0;1;0.759189602096217;58.0;0.0;0.4163730877109818
MX;Roff;0;1;1.8720201810720312;35.0;0.0;0.3060671907366208
MX;Rust;0;1;1.7718722989843865;34.0;0.0;0.3165691744672005
MX;Scala;0;1;2.149544529046932;32.0;0.0;0.2930962439954611
MX;Smarty;0;1;1.6867077877377117;41.0;0.0;0.3435997172570274
MX;XSLT;0;1;1.6824452631964322;40.0;0.0;0.3332417009826445
MX;Yacc;0;1;2.0789420867424653;32.0;0.0;0.2998568239909958
MY;C;1;0;0.8431704579094816;57.0;1.0;0.3997217068176175
MY;CMake;1;0;1.615373748737018;41.0;1.0;0.3242886124961427
MY;Makefile;1;0;1.099888758800505;46.0;1.0;0.3515524591082434
MY;Vim Script;0;1;1.900649886448476;33.0;0.0;0.2798072776717248
NG;Batchfile;0;1;0.7607178814684841;58.0;0.0;0.2305657898532527
NG;C;1;0;0.8431704579094816;57.0;1.0;0.2186052371311712
NG;C#;0;1;-0.1043281087103906;86.0;0.0;0.3293140414901131
NG;C++;0;1;0.6067486439390477;64.0;0.0;0.2445103024715071
NG;Dockerfile;0;1;0.1974236737775398;73.0;0.0;0.2711966493191052
NG;Go;0;1;1.0106528223522817;48.0;0.0;0.1949828641034444
NG;Java;0;1;-0.7652183747771489;102.0;0.0;0.4037806528213877
NG;Makefile;0;1;1.099888758800505;46.0;0.0;0.1736785545266638
NG;Perl;0;1;1.64924002475752;38.0;0.0;0.1462926332142083
NG;PowerShell;0;1;0.759189602096217;58.0;0.0;0.2427156357507466
NG;R;0;1;0.9837305570009688;40.0;0.0;0.1868134760632953
NG;Smarty;0;1;1.6867077877377117;41.0;0.0;0.1635595810197971
NI;Python;0;1;-0.5731609756980096;95.0;0.0;0.1429595717103134
NL;ASP.NET;1;0;0.6999645931255207;45.0;1.0;0.8339426833830352
NL;Dart;0;1;-0.2731426361832896;46.0;0.0;0.8018937397665682
NL;Java;0;1;-0.7652183747771489;102.0;0.0;0.8528624955509665
NL;Starlark;1;0;1.2708183052241644;37.0;1.0;0.8368158916168251
NO;Dart;0;1;-0.2731426361832896;46.0;0.0;0.6028945782887599
NO;Hack;0;1;-0.3569854687960176;62.0;0.0;0.6146742802283011
NO;PHP;0;1;-0.8800035812127267;107.0;0.0;0.6606154673864503
NO;Swift;0;1;0.0438564094566854;69.0;0.0;0.6095011894967437
NO;Vue;1;0;-0.3946880570499113;65.0;1.0;0.6020244681285234
NP;C#;0;1;-0.1043281087103906;86.0;0.0;0.2905184611864815
NP;C++;1;0;0.6067486439390477;64.0;1.0;0.2103502454138701
NP;CMake;1;0;1.615373748737018;41.0;1.0;0.1233841473829003
NP;Dockerfile;0;1;0.1974236737775398;73.0;0.0;0.2356677246963009
NP;Go;0;1;1.0106528223522817;48.0;0.0;0.1640576219402194
NP;Makefile;0;1;1.099888758800505;46.0;0.0;0.1418363336852653
NZ;Java;0;1;-0.7652183747771489;102.0;0.0;0.6438022575693283
NZ;Jupyter Notebook;0;1;0.4303108890840478;48.0;0.0;0.504164876138441
NZ;Kotlin;0;1;-0.161119360854662;76.0;0.0;0.6065264794515348
PE;Assembly;0;1;1.6140402136707923;42.0;0.0;0.2187505386542445
PE;Batchfile;0;1;0.7607178814684841;58.0;0.0;0.279568398880519
PE;C;0;1;0.8431704579094816;57.0;0.0;0.2673092875999489
PE;C++;1;0;0.6067486439390477;64.0;1.0;0.2926917381347197
PE;Dockerfile;0;1;0.1974236737775398;73.0;0.0;0.3187524336153529
PE;Go;0;1;1.0106528223522817;48.0;0.0;0.2429009979425778
PE;Makefile;0;1;1.099888758800505;46.0;0.0;0.2254152768289246
PE;PowerShell;0;1;0.759189602096217;58.0;0.0;0.2905321097072214
PE;Python;0;1;-0.5731609756980096;95.0;0.0;0.3655574993517547
PH;Assembly;0;1;1.6140402136707923;42.0;0.0;0.2195423623961281
PH;C;0;1;0.8431704579094816;57.0;0.0;0.2644692660144723
PH;C++;0;1;0.6067486439390477;64.0;0.0;0.2918296773757541
PH;CMake;0;1;1.615373748737018;41.0;0.0;0.2078280009908386
PH;Dockerfile;0;1;0.1974236737775398;73.0;0.0;0.3163959619926904
PH;Go;0;1;1.0106528223522817;48.0;0.0;0.2410873166377908
PH;Java;1;0;-0.7652183747771489;102.0;1.0;0.4418432504973925
PH;Jupyter Notebook;0;1;0.4303108890840478;48.0;0.0;0.2927579596631868
PH;Makefile;0;1;1.099888758800505;46.0;0.0;0.223732812392163
PH;Perl;0;1;1.64924002475752;38.0;0.0;0.1976406722322148
PH;PowerShell;0;1;0.759189602096217;58.0;0.0;0.2886686905101131
PH;Python;0;1;-0.5731609756980096;95.0;0.0;0.3636824273750088
PH;Roff;0;1;1.8720201810720312;35.0;0.0;0.1837735481404676
PH;Smarty;0;1;1.6867077877377117;41.0;0.0;0.2180897908655974
PH;Vim Script;0;1;1.900649886448476;33.0;0.0;0.1771113388452102
PK;Assembly;0;1;1.6140402136707923;42.0;0.0;0.2390510952407799
PK;Batchfile;0;1;0.7607178814684841;58.0;0.0;0.3029583088264176
PK;C++;1;0;0.6067486439390477;64.0;1.0;0.3178538496305977
PK;CMake;1;0;1.615373748737018;41.0;1.0;0.2242707299717274
PK;Dockerfile;0;1;0.1974236737775398;73.0;0.0;0.3435142537117647
PK;Go;0;1;1.0106528223522817;48.0;0.0;0.2650137903218117
PK;Makefile;0;1;1.099888758800505;46.0;0.0;0.2422726213799223
PK;Perl;0;1;1.64924002475752;38.0;0.0;0.215367931700672
PK;PowerShell;0;1;0.759189602096217;58.0;0.0;0.3161220072411231
PK;R;0;1;0.9837305570009688;40.0;0.0;0.2668846368854438
PK;Roff;0;1;1.8720201810720312;35.0;0.0;0.200085581481211
PK;Smarty;0;1;1.6867077877377117;41.0;0.0;0.2342688085660073
PK;TeX;0;1;1.3871652188469246;40.0;0.0;0.241929240726224
PL;Blade;0;1;-0.4652508894488165;60.0;0.0;0.7797485951153791
PL;CoffeeScript;0;1;1.173522671727503;40.0;0.0;0.7841050328540948
PL;Dart;0;1;-0.2731426361832896;46.0;0.0;0.7549819822259654
PL;Hack;0;1;-0.3569854687960176;62.0;0.0;0.7759397621777522
PL;Jupyter Notebook;0;1;0.4303108890840478;48.0;0.0;0.7747941342305201
PL;Less;0;1;0.0287144858230048;58.0;0.0;0.7817401355232587
PL;MATLAB;0;1;1.607304664210452;38.0;0.0;0.8041778613073398
PL;Ruby;1;0;-0.5770155083209011;105.0;1.0;0.8077261828060966
PS;Python;0;1;-0.5731609756980096;95.0;0.0;0.2664440994602522
PT;Hack;0;1;-0.3569854687960176;62.0;0.0;0.6933919426913717
RO;Jupyter Notebook;0;1;0.4303108890840478;48.0;0.0;0.5606462857543895
RO;R;0;1;0.9837305570009688;40.0;0.0;0.5661686332709076
RO;TeX;0;1;1.3871652188469246;40.0;0.0;0.5508830221372754
RS;Go;1;0;1.0106528223522817;48.0;1.0;0.2484220565633262
RS;Jupyter Notebook;0;1;0.4303108890840478;48.0;0.0;0.2513118319664487
RU;CoffeeScript;0;1;1.173522671727503;40.0;0.0;0.8422747807587192
RU;Dart;0;1;-0.2731426361832896;46.0;0.0;0.8289931777811392
RU;HCL;0;1;2.075469430889188;29.0;0.0;0.8632508111524784
RU;Handlebars;0;1;1.0993431411644778;50.0;0.0;0.8499871645834067
RU;Julia;0;1;2.718931209114361;18.0;0.0;0.848077440560698
RU;M;0;1;2.8386404669981036;17.0;0.0;0.8431214988786521
RU;MATLAB;0;1;1.607304664210452;38.0;0.0;0.8565779277403422
RU;Processing;0;1;2.4533682166998236;20.0;0.0;0.8392073532051068
RU;R;0;1;0.9837305570009688;40.0;0.0;0.853074597774585
RU;Ruby;0;1;-0.5770155083209011;105.0;0.0;0.870816029072846
RU;Starlark;0;1;1.2708183052241644;37.0;0.0;0.8419112284625805
SA;C;1;0;0.8431704579094816;57.0;1.0;0.2576998548127201
SA;C++;1;0;0.6067486439390477;64.0;1.0;0.2839001718635279
SA;Makefile;0;1;1.099888758800505;46.0;0.0;0.2086450607108304
SE;Blade;0;1;-0.4652508894488165;60.0;0.0;0.724071907539094
SE;Dart;0;1;-0.2731426361832896;46.0;0.0;0.709730088843753
SE;Hack;0;1;-0.3569854687960176;62.0;0.0;0.7170705370819407
SE;Jupyter Notebook;0;1;0.4303108890840478;48.0;0.0;0.7192148149268148
SE;Less;0;1;0.0287144858230048;58.0;0.0;0.7331865468163756
SE;PHP;0;1;-0.8800035812127267;107.0;0.0;0.7558286521791584
SG;Blade;0;1;-0.4652508894488165;60.0;0.0;0.783319775228719
SG;Hack;0;1;-0.3569854687960176;62.0;0.0;0.7603391778691914
SG;PHP;0;1;-0.8800035812127267;107.0;0.0;0.7779268411998155
SK;Jupyter Notebook;0;1;0.4303108890840478;48.0;0.0;0.3314088028164488
SV;Dockerfile;0;1;0.1974236737775398;73.0;0.0;0.2028944286897654
SV;Python;0;1;-0.5731609756980096;95.0;0.0;0.2435539017266019
SV;Ruby;0;1;-0.5770155083209011;105.0;0.0;0.2824781769821263
TH;Assembly;0;1;1.6140402136707923;42.0;0.0;0.3270377060314131
TH;C;1;0;0.8431704579094816;57.0;1.0;0.3944095095328176
TH;CMake;1;0;1.615373748737018;41.0;1.0;0.3148975923982695
TH;Perl;0;1;1.64924002475752;38.0;0.0;0.3007143037913576
TH;Roff;0;1;1.8720201810720312;35.0;0.0;0.2794752874751102
TH;TeX;0;1;1.3871652188469246;40.0;0.0;0.3222921268478205
TH;Vim Script;0;1;1.900649886448476;33.0;0.0;0.2707418934321
TH;XSLT;0;1;1.6824452631964322;40.0;0.0;0.3120043652627214
TN;Batchfile;0;1;0.7607178814684841;58.0;0.0;0.2624879130422933
TN;C#;0;1;-0.1043281087103906;86.0;0.0;0.3592974492488491
TN;Dockerfile;1;0;0.1974236737775398;73.0;1.0;0.3029047101949737
TN;Makefile;0;1;1.099888758800505;46.0;0.0;0.2038267362013382
TN;Python;0;1;-0.5731609756980096;95.0;0.0;0.3569303141315168
TR;CMake;1;0;1.615373748737018;41.0;1.0;0.4178614044295777
TR;Groovy;0;1;1.9476213896937435;34.0;0.0;0.3842133328551966
TR;HCL;0;1;2.075469430889188;29.0;0.0;0.3591062994868477
TR;M4;0;1;2.1789177990423836;31.0;0.0;0.3601469810011464
TR;Makefile;0;1;1.099888758800505;46.0;0.0;0.4410462156661746
TR;Perl;0;1;1.64924002475752;38.0;0.0;0.4059807349688018
TR;R;0;1;0.9837305570009688;40.0;0.0;0.4447924405050258
TR;Roff;0;1;1.8720201810720312;35.0;0.0;0.3872033813888714
TR;Rust;0;1;1.7718722989843865;34.0;0.0;0.390621573457219
TR;Scala;0;1;2.149544529046932;32.0;0.0;0.3622003938811926
TR;Smarty;0;1;1.6867077877377117;41.0;0.0;0.4231713222983106
TR;TeX;0;1;1.3871652188469246;40.0;0.0;0.4258279808845834
TR;Vim Script;0;1;1.900649886448476;33.0;0.0;0.3803794261146072
TR;XSLT;0;1;1.6824452631964322;40.0;0.0;0.4138449140258198
TW;Dart;0;1;-0.2731426361832896;46.0;0.0;0.6884697254227314
TW;Gherkin;0;1;1.884085487951083;34.0;0.0;0.5810216699130966
TW;Groovy;0;1;1.9476213896937435;34.0;0.0;0.5757816079468873
TW;HCL;0;1;2.075469430889188;29.0;0.0;0.5578443976635282
TW;Java;0;1;-0.7652183747771489;102.0;0.0;0.7031685479744401
TW;Rust;1;0;1.7718722989843865;34.0;1.0;0.5888264158839446
TW;TypeScript;1;0;-0.3351298897756309;97.0;1.0;0.680493331027035
UA;Assembly;0;1;1.6140402136707923;42.0;0.0;0.472690876887014
UA;C;0;1;0.8431704579094816;57.0;0.0;0.517586084074114
UA;Emacs Lisp;0;1;2.284861684414576;29.0;0.0;0.4067585638519238
UA;GDB;0;1;2.8372748269469548;20.0;0.0;0.3428025499567932
UA;Haskell;0;1;2.1075737141102437;32.0;0.0;0.4302350126726443
UA;Jupyter Notebook;0;1;0.4303108890840478;48.0;0.0;0.5126884244950316
UA;Lex;0;1;2.1086389957590543;32.0;0.0;0.4236758143017106
UA;Lua;0;1;1.784842630294794;36.0;0.0;0.4411611526618961
UA;M4;0;1;2.1789177990423836;31.0;0.0;0.4164669559348969
UA;MATLAB;0;1;1.607304664210452;38.0;0.0;0.4647244759935095
UA;Perl;0;1;1.64924002475752;38.0;0.0;0.4488894369802887
UA;R;0;1;0.9837305570009688;40.0;0.0;0.4797313977962338
UA;Roff;0;1;1.8720201810720312;35.0;0.0;0.4353643776809165
UA;Rust;0;1;1.7718722989843865;34.0;0.0;0.4409906460617379
UA;TeX;0;1;1.3871652188469246;40.0;0.0;0.4677110369677315
UA;Vim Script;0;1;1.900649886448476;33.0;0.0;0.431054986787678
UA;XSLT;0;1;1.6824452631964322;40.0;0.0;0.4620876674817652
UA;Yacc;0;1;2.0789420867424653;32.0;0.0;0.4261404606319914
UA;sed;0;1;2.6844992911837227;23.0;0.0;0.365280804499438
US;Blade;0;1;-0.4652508894488165;60.0;0.0;0.8167399936915057
US;Dart;0;1;-0.2731426361832896;46.0;0.0;0.8383396725176522
US;Hack;0;1;-0.3569854687960176;62.0;0.0;0.8262270316754059
US;Java;1;0;-0.7652183747771489;102.0;1.0;0.8500405858474098
US;Kotlin;0;1;-0.161119360854662;76.0;0.0;0.8490428955741043
US;LOLCODE;0;1;2.454696053851576;3.0;0.0;0.7781392892884051
US;Less;1;0;0.0287144858230048;58.0;1.0;0.8489000475543815
US;PHP;0;1;-0.8800035812127267;107.0;0.0;0.8453126768553999
US;Twig;0;1;1.6564652442060968;22.0;0.0;0.948491599324378
US;Vue;0;1;-0.3946880570499113;65.0;0.0;0.8299343849313453
UY;C++;0;1;0.6067486439390477;64.0;0.0;0.2315079604440042
UY;Jupyter Notebook;0;1;0.4303108890840478;48.0;0.0;0.1945466980020444
UZ;C++;0;1;0.6067486439390477;64.0;0.0;0.1735041845645635
UZ;Dockerfile;0;1;0.1974236737775398;73.0;0.0;0.1973616769637039
UZ;Java;0;1;-0.7652183747771489;102.0;0.0;0.3069198632130472
VE;Batchfile;0;1;0.7607178814684841;58.0;0.0;0.1241118429058958
VE;C;0;1;0.8431704579094816;57.0;0.0;0.1164229852267154
VE;C#;0;1;-0.1043281087103906;86.0;0.0;0.1979498421310277
VE;C++;0;1;0.6067486439390477;64.0;0.0;0.1342071247584855
VE;Dockerfile;0;1;0.1974236737775398;73.0;0.0;0.1561378805052474
VE;Java;0;1;-0.7652183747771489;102.0;0.0;0.2611879361545638
VE;Makefile;0;1;1.099888758800505;46.0;0.0;0.0864269994687525
VN;Assembly;0;1;1.6140402136707923;42.0;0.0;0.257009287437747
VN;Awk;0;1;2.2969540673791213;29.0;0.0;0.1924553924303488
VN;Batchfile;0;1;0.7607178814684841;58.0;0.0;0.3272719831145105
VN;C;0;1;0.8431704579094816;57.0;0.0;0.3143906955582515
VN;Cuda;0;1;2.742918570023478;21.0;0.0;0.1578409377742806
VN;Emacs Lisp;0;1;2.284861684414576;29.0;0.0;0.1920926402350905
VN;GLSL;0;1;1.862587317764688;36.0;0.0;0.2357613805487184
VN;Gherkin;0;1;1.884085487951083;34.0;0.0;0.2356058057456388
VN;Go;0;1;1.0106528223522817;48.0;0.0;0.284150696032592
VN;Groovy;0;1;1.9476213896937435;34.0;0.0;0.2265713684425795
VN;HCL;0;1;2.075469430889188;29.0;0.0;0.2086895464108431
VN;HLSL;1;0;1.411478442422064;44.0;1.0;0.289514602934252
VN;Jupyter Notebook;0;1;0.4303108890840478;48.0;0.0;0.3301516605729923
VN;Lua;0;1;1.784842630294794;36.0;0.0;0.2260177398723305
VN;M4;0;1;2.1789177990423836;31.0;0.0;0.2000313941296002
VN;MATLAB;0;1;1.607304664210452;38.0;0.0;0.2532328039642255
VN;Makefile;0;1;1.099888758800505;46.0;0.0;0.2655166510707503
VN;Objective-C++;1;0;2.2966159739590664;30.0;1.0;0.2005798473339226
VN;PLpgSQL;0;1;1.7579118225328378;39.0;0.0;0.2572971582671275
VN;Pascal;0;1;2.301497990872448;30.0;0.0;0.2121332832287372
VN;Perl;0;1;1.64924002475752;38.0;0.0;0.2348372993581983
VN;Python;0;1;-0.5731609756980096;95.0;0.0;0.4162699385895271
VN;QMake;0;1;1.939245321600863;31.0;0.0;0.2187537090504263
VN;R;0;1;0.9837305570009688;40.0;0.0;0.275298177576205
VN;Roff;0;1;1.8720201810720312;35.0;0.0;0.2205769827127448
VN;Rust;0;1;1.7718722989843865;34.0;0.0;0.2263327110793361
VN;Scala;0;1;2.149544529046932;32.0;0.0;0.2061151876112005
VN;ShaderLab;1;0;1.442966450727443;41.0;1.0;0.2819930808245987
VN;Smarty;0;1;1.6867077877377117;41.0;0.0;0.2553413215390929
VN;TeX;0;1;1.3871652188469246;40.0;0.0;0.2589435460676209
VN;Vim Script;0;1;1.900649886448476;33.0;0.0;0.2147038623833808
ZA;Assembly;1;0;1.6140402136707923;42.0;1.0;0.2917083523583309
ZA;C++;0;1;0.6067486439390477;64.0;0.0;0.3936650418930821
ZA;CMake;0;1;1.615373748737018;41.0;0.0;0.2861073452660416
ZA;Perl;0;1;1.64924002475752;38.0;0.0;0.2731941623813192
ZA;Roff;0;1;1.8720201810720312;35.0;0.0;0.2492644952455937
ZA;Vim Script;0;1;1.900649886448476;33.0;0.0;0.239498410402254
