iso2_code;cluster_id;exit01;consider00;pci;ubiquity;rca01;density
AE;5.0;0;1;-0.4200124488780521;50.0;1.0;0.3887698365026414
AE;18.0;0;1;-0.0693373471202559;78.0;1.0;0.3345995717014661
AE;21.0;0;1;-0.6022948079582562;79.0;1.0;0.4213699449204244
AE;25.0;0;1;-0.6963174199001649;88.0;1.0;0.4943537973940604
AF;1.0;0;1;-1.5310079173161562;85.0;1.0;0.1362368489447435
AL;1.0;0;1;-1.5310079173161562;85.0;1.0;0.5944950260821161
AL;8.0;0;1;-0.6974731199781783;89.0;1.0;0.4863813229571984
AL;18.0;0;1;-0.0693373471202559;78.0;1.0;0.35343914829285
AL;19.0;0;1;-0.609234573418944;79.0;1.0;0.4706719424181674
AL;25.0;0;1;-0.6963174199001649;88.0;1.0;0.5246507806080526
AM;1.0;0;1;-1.5310079173161562;85.0;1.0;0.5944950260821161
AM;2.0;1;0;1.0484893605030807;36.0;0.0;0.1165617852559985
AM;5.0;0;1;-0.4200124488780521;50.0;1.0;0.4293756099211658
AM;8.0;0;1;-0.6974731199781783;89.0;1.0;0.5058365758754864
AM;18.0;0;1;-0.0693373471202559;78.0;1.0;0.3852372229669721
AM;19.0;0;1;-0.609234573418944;79.0;1.0;0.4941976338662488
AM;21.0;0;1;-0.6022948079582562;79.0;1.0;0.471087701024154
AM;25.0;0;1;-0.6963174199001649;88.0;1.0;0.5549477638220449
AO;1.0;0;1;-1.5310079173161562;85.0;1.0;0.2686558245284447
AO;8.0;0;1;-0.6974731199781783;89.0;1.0;0.1760700389105058
AO;11.0;0;1;-0.4593823573642202;70.0;1.0;0.1237834838110255
AR;1.0;0;1;-1.5310079173161562;85.0;1.0;0.5972270484540027
AR;8.0;1;0;-0.6974731199781783;89.0;0.0;0.522373540856031
AR;15.0;0;1;-0.2855043385199975;64.0;1.0;0.5459278973340307
AR;17.0;0;1;0.620670340877194;35.0;1.0;0.5303680185610038
AR;19.0;0;1;-0.609234573418944;79.0;1.0;0.5068718570999001
AR;28.0;1;0;1.9259977411386708;28.0;0.0;0.3267564178080365
AR;38.0;0;1;1.0508612525067018;33.0;1.0;0.4669128668944798
AR;41.0;1;0;1.7318867513913807;36.0;0.0;0.3523862861388595
AR;44.0;0;1;1.9913303742576696;20.0;1.0;0.2763110249352377
AR;50.0;0;1;1.3862523463271288;30.0;1.0;0.3934103706437128
AR;54.0;0;1;1.0289466672147716;42.0;1.0;0.4619029126914783
AT;2.0;0;1;1.0484893605030807;36.0;1.0;0.6455527301089132
AT;3.0;0;1;1.4108308443018556;38.0;1.0;0.6485267597695359
AT;4.0;0;1;1.5486534289849945;32.0;1.0;0.6485523212819171
AT;7.0;0;1;1.9386150162506528;27.0;1.0;0.6362098377049292
AT;9.0;0;1;1.6229599702141266;36.0;1.0;0.6855008697134178
AT;11.0;0;1;-0.4593823573642202;70.0;1.0;0.5879175177949648
AT;12.0;0;1;1.8350581991636397;24.0;1.0;0.6286044377550885
AT;14.0;0;1;1.8929594941972712;30.0;1.0;0.6511109111519644
AT;16.0;0;1;1.6264851572309549;31.0;1.0;0.6561005780358697
AT;18.0;0;1;-0.0693373471202559;78.0;1.0;0.61154271883818
AT;20.0;0;1;1.6938870086519855;27.0;1.0;0.6437896963295298
AT;21.0;0;1;-0.6022948079582562;79.0;1.0;0.5299701235737975
AT;24.0;0;1;1.4298958491314566;40.0;1.0;0.6922063969133123
AT;26.0;0;1;1.4631831505099593;37.0;1.0;0.6816938777036189
AT;27.0;0;1;1.1628686697451447;39.0;1.0;0.6784102868655125
AT;28.0;0;1;1.9259977411386708;28.0;1.0;0.6235139002593537
AT;29.0;0;1;1.8636303512102144;31.0;1.0;0.675184317317121
AT;33.0;0;1;2.0369102602569615;27.0;1.0;0.6420250347605568
AT;34.0;0;1;1.8229487376342035;33.0;1.0;0.6833901809351989
AT;39.0;0;1;1.7491188857965394;31.0;1.0;0.6753716458913241
AT;41.0;0;1;1.7318867513913807;36.0;1.0;0.6801624782638097
AT;42.0;0;1;1.7024775051477614;33.0;1.0;0.6888868878573369
AT;43.0;0;1;2.0510470006348864;24.0;1.0;0.6315714204114109
AT;45.0;0;1;1.760995826961374;32.0;1.0;0.6753838321949949
AT;46.0;0;1;2.057657732888033;17.0;1.0;0.5039155144880465
AT;50.0;0;1;1.3862523463271288;30.0;1.0;0.6109983491255028
AT;54.0;1;0;1.0289466672147716;42.0;0.0;0.6944282529050475
AT;57.0;0;1;1.449350971118556;22.0;1.0;0.5702976955606103
AU;3.0;0;1;1.4108308443018556;38.0;1.0;0.7703856885804516
AU;4.0;0;1;1.5486534289849945;32.0;1.0;0.7597120671606933
AU;7.0;0;1;1.9386150162506528;27.0;1.0;0.7976586244785462
AU;9.0;0;1;1.6229599702141266;36.0;1.0;0.7741814721881854
AU;11.0;0;1;-0.4593823573642202;70.0;1.0;0.6770436019216679
AU;12.0;0;1;1.8350581991636397;24.0;1.0;0.8116463611744575
AU;13.0;0;1;2.1617820457182293;14.0;1.0;0.7833816166729872
AU;14.0;0;1;1.8929594941972712;30.0;1.0;0.7921328092576252
AU;16.0;0;1;1.6264851572309549;31.0;1.0;0.7940371156167921
AU;20.0;0;1;1.6938870086519855;27.0;1.0;0.7850129676209646
AU;21.0;0;1;-0.6022948079582562;79.0;1.0;0.4865993150577782
AU;22.0;0;1;1.8127917131459672;26.0;1.0;0.7745402751835853
AU;24.0;0;1;1.4298958491314566;40.0;1.0;0.7690581360765132
AU;26.0;0;1;1.4631831505099593;37.0;1.0;0.7713730883567793
AU;27.0;0;1;1.1628686697451447;39.0;1.0;0.7586111064556459
AU;28.0;0;1;1.9259977411386708;28.0;1.0;0.7979470984427327
AU;29.0;0;1;1.8636303512102144;31.0;1.0;0.8030106012341236
AU;30.0;0;1;2.3540840402260086;9.0;1.0;0.7971684904836867
AU;32.0;0;1;2.055984083255801;23.0;1.0;0.7988185851661225
AU;33.0;0;1;2.0369102602569615;27.0;1.0;0.8026899156427343
AU;34.0;0;1;1.8229487376342035;33.0;1.0;0.7994349233892297
AU;35.0;0;1;2.1412832840966773;19.0;1.0;0.7838990892203813
AU;36.0;0;1;1.989139957713472;20.0;1.0;0.7869138680544033
AU;39.0;0;1;1.7491188857965394;31.0;1.0;0.79442365019653
AU;41.0;0;1;1.7318867513913807;36.0;1.0;0.7822639447684834
AU;42.0;0;1;1.7024775051477614;33.0;1.0;0.7917636111975053
AU;43.0;0;1;2.0510470006348864;24.0;1.0;0.8111557470928404
AU;44.0;0;1;1.9913303742576696;20.0;1.0;0.7857808245867328
AU;45.0;0;1;1.760995826961374;32.0;1.0;0.8004281803102333
AU;46.0;0;1;2.057657732888033;17.0;1.0;0.7891977466818715
AU;47.0;0;1;2.1575835642704217;15.0;1.0;0.7718231275259787
AU;50.0;0;1;1.3862523463271288;30.0;1.0;0.7416451409168732
AU;52.0;0;1;2.105844263934367;19.0;1.0;0.7998108018011568
AU;53.0;0;1;2.304074640670618;13.0;1.0;0.7876986029612252
AU;55.0;0;1;2.1836144599760616;16.0;1.0;0.7808002551390569
AU;56.0;0;1;2.169925928745079;14.0;1.0;0.7810745837017017
AU;59.0;0;1;1.7902655150686788;23.0;1.0;0.7870245153203874
AZ;1.0;0;1;-1.5310079173161562;85.0;1.0;0.5271779948388311
AZ;8.0;0;1;-0.6974731199781783;89.0;1.0;0.414396887159533
AZ;18.0;0;1;-0.0693373471202559;78.0;1.0;0.2995590773172542
AZ;19.0;0;1;-0.609234573418944;79.0;1.0;0.3990255184626466
AZ;25.0;0;1;-0.6963174199001649;88.0;1.0;0.4556990257072426
BA;1.0;0;1;-1.5310079173161562;85.0;1.0;0.4887111198426682
BA;8.0;0;1;-0.6974731199781783;89.0;1.0;0.404669260700389
BA;18.0;0;1;-0.0693373471202559;78.0;1.0;0.3071955347723967
BA;19.0;0;1;-0.609234573418944;79.0;1.0;0.3904707215724352
BA;25.0;0;1;-0.6963174199001649;88.0;1.0;0.4358492780842822
BD;1.0;0;1;-1.5310079173161562;85.0;1.0;0.5031361979662293
BD;8.0;0;1;-0.6974731199781783;89.0;1.0;0.4046692607003891
BD;17.0;0;1;0.620670340877194;35.0;1.0;0.2916929931534963
BD;18.0;0;1;-0.0693373471202559;78.0;1.0;0.3466524284169034
BD;25.0;0;1;-0.6963174199001649;88.0;1.0;0.4264467660523536
BE;3.0;0;1;1.4108308443018556;38.0;1.0;0.6541154831387592
BE;7.0;0;1;1.9386150162506528;27.0;1.0;0.6706997488088832
BE;9.0;0;1;1.6229599702141266;36.0;1.0;0.7048025129798552
BE;11.0;0;1;-0.4593823573642202;70.0;1.0;0.5995032725779508
BE;12.0;0;1;1.8350581991636397;24.0;1.0;0.6609234681099307
BE;16.0;0;1;1.6264851572309549;31.0;1.0;0.6754926102357341
BE;18.0;0;1;-0.0693373471202559;78.0;1.0;0.622345089470927
BE;20.0;0;1;1.6938870086519855;27.0;1.0;0.6892825442441542
BE;22.0;0;1;1.8127917131459672;26.0;1.0;0.6477303727132275
BE;24.0;0;1;1.4298958491314566;40.0;1.0;0.701915832911611
BE;26.0;0;1;1.4631831505099593;37.0;1.0;0.7003556783435455
BE;27.0;0;1;1.1628686697451447;39.0;1.0;0.6984690585808455
BE;28.0;0;1;1.9259977411386708;28.0;1.0;0.6605431744223988
BE;29.0;0;1;1.8636303512102144;31.0;1.0;0.691811040077928
BE;32.0;0;1;2.055984083255801;23.0;1.0;0.6169536944732629
BE;33.0;0;1;2.0369102602569615;27.0;1.0;0.6674125338059494
BE;34.0;0;1;1.8229487376342035;33.0;1.0;0.6942541420443631
BE;36.0;0;1;1.989139957713472;20.0;1.0;0.5463201550210137
BE;38.0;0;1;1.0508612525067018;33.0;1.0;0.69754240620099
BE;39.0;0;1;1.7491188857965394;31.0;1.0;0.6872712268068667
BE;41.0;0;1;1.7318867513913807;36.0;1.0;0.7029692448614405
BE;42.0;0;1;1.7024775051477614;33.0;1.0;0.7000675119274489
BE;43.0;0;1;2.0510470006348864;24.0;1.0;0.6669941345007894
BE;45.0;0;1;1.760995826961374;32.0;1.0;0.6870179949371948
BE;50.0;0;1;1.3862523463271288;30.0;1.0;0.6697365039437223
BE;52.0;0;1;2.105844263934367;19.0;1.0;0.5598341002435059
BE;54.0;1;0;1.0289466672147716;42.0;0.0;0.7300273935784998
BE;57.0;0;1;1.449350971118556;22.0;1.0;0.632303963724452
BG;12.0;0;1;1.8350581991636397;24.0;1.0;0.2529847949730837
BG;15.0;0;1;-0.2855043385199975;64.0;1.0;0.5279930759282258
BG;16.0;0;1;1.6264851572309549;31.0;1.0;0.2734601133305578
BG;17.0;0;1;0.620670340877194;35.0;1.0;0.405714845201806
BG;18.0;0;1;-0.0693373471202559;78.0;1.0;0.4956160298913268
BG;21.0;0;1;-0.6022948079582562;79.0;1.0;0.517370638433358
BG;24.0;0;1;1.4298958491314566;40.0;1.0;0.3187574575227445
BG;25.0;0;1;-0.6963174199001649;88.0;1.0;0.572708064326799
BG;29.0;0;1;1.8636303512102144;31.0;1.0;0.271195459382275
BG;34.0;0;1;1.8229487376342035;33.0;1.0;0.2847090266080666
BG;42.0;0;1;1.7024775051477614;33.0;1.0;0.288049945605754
BG;45.0;0;1;1.760995826961374;32.0;1.0;0.2838686477929992
BG;54.0;0;1;1.0289466672147716;42.0;1.0;0.3476004837536285
BH;1.0;0;1;-1.5310079173161562;85.0;1.0;0.2259928906024569
BH;10.0;0;1;-0.5355804874514646;45.0;1.0;0.1479880195770139
BH;11.0;0;1;-0.4593823573642202;70.0;1.0;0.1289733320489815
BJ;8.0;0;1;-0.6974731199781783;89.0;1.0;0.1760700389105058
BJ;11.0;0;1;-0.4593823573642202;70.0;1.0;0.1237834838110255
BN;1.0;0;1;-1.5310079173161562;85.0;1.0;0.1362368489447435
BO;1.0;0;1;-1.5310079173161562;85.0;1.0;0.5864810937912488
BO;5.0;0;1;-0.4200124488780521;50.0;1.0;0.4125217249821286
BO;8.0;0;1;-0.6974731199781783;89.0;1.0;0.490272373540856
BO;18.0;0;1;-0.0693373471202559;78.0;1.0;0.3658050662216753
BO;19.0;0;1;-0.609234573418944;79.0;1.0;0.4749493408632731
BO;21.0;0;1;-0.6022948079582562;79.0;1.0;0.4541625074569269
BO;25.0;0;1;-0.6963174199001649;88.0;1.0;0.5350980161990845
BR;1.0;0;1;-1.5310079173161562;85.0;1.0;0.6297563281619322
BR;5.0;0;1;-0.4200124488780521;50.0;1.0;0.4942462610682865
BR;8.0;0;1;-0.6974731199781783;89.0;1.0;0.5204280155642023
BR;13.0;0;1;2.1617820457182293;14.0;1.0;0.216895988494761
BR;19.0;0;1;-0.609234573418944;79.0;1.0;0.5113072276466718
BR;22.0;0;1;1.8127917131459672;26.0;1.0;0.2137352740989801
BR;25.0;0;1;-0.6963174199001649;88.0;1.0;0.5403216339946003
BR;48.0;0;1;1.876808858780743;7.0;1.0;0.3205867703371156
BR;54.0;1;0;1.0289466672147716;42.0;0.0;0.2498306427723717
BW;1.0;0;1;-1.5310079173161562;85.0;1.0;0.1362368489447435
BY;1.0;0;1;-1.5310079173161562;85.0;1.0;0.6191491233994134
BY;15.0;0;1;-0.2855043385199975;64.0;1.0;0.524889665978434
BY;18.0;0;1;-0.0693373471202559;78.0;1.0;0.4880648920364413
BY;19.0;0;1;-0.609234573418944;79.0;1.0;0.5185283413138306
BY;20.0;0;1;1.6938870086519855;27.0;1.0;0.2762724735472184
BY;21.0;0;1;-0.6022948079582562;79.0;1.0;0.481511433298352
BY;22.0;0;1;1.8127917131459672;26.0;1.0;0.2634758930094539
BY;25.0;0;1;-0.6963174199001649;88.0;1.0;0.558927104120202
BY;40.0;0;1;1.1181887107583768;28.0;1.0;0.3094862293622863
BY;41.0;0;1;1.7318867513913807;36.0;1.0;0.2653155299621046
BY;50.0;0;1;1.3862523463271288;30.0;1.0;0.3087216463030373
CA;2.0;1;0;1.0484893605030807;36.0;0.0;0.6891190270884301
CA;3.0;0;1;1.4108308443018556;38.0;1.0;0.6895865443441014
CA;4.0;0;1;1.5486534289849945;32.0;1.0;0.6725669752056875
CA;7.0;0;1;1.9386150162506528;27.0;1.0;0.7038424488447985
CA;10.0;0;1;-0.5355804874514646;45.0;1.0;0.6683687170419302
CA;11.0;0;1;-0.4593823573642202;70.0;1.0;0.6178109212550768
CA;12.0;0;1;1.8350581991636397;24.0;1.0;0.7248010033099828
CA;13.0;0;1;2.1617820457182293;14.0;1.0;0.7682656400965522
CA;16.0;0;1;1.6264851572309549;31.0;1.0;0.698671441517166
CA;23.0;0;1;2.162942514139182;12.0;1.0;0.7819912691925327
CA;26.0;0;1;1.4631831505099593;37.0;1.0;0.6680144414799986
CA;27.0;0;1;1.1628686697451447;39.0;1.0;0.6536339236176751
CA;28.0;0;1;1.9259977411386708;28.0;1.0;0.7047441015649851
CA;29.0;0;1;1.8636303512102144;31.0;1.0;0.6993745534438951
CA;30.0;0;1;2.3540840402260086;9.0;1.0;0.7931949946930463
CA;33.0;0;1;2.0369102602569615;27.0;1.0;0.7135091291442174
CA;35.0;0;1;2.1412832840966773;19.0;1.0;0.749165509566423
CA;36.0;0;1;1.989139957713472;20.0;1.0;0.7474307113869771
CA;37.0;0;1;2.0447321560615355;14.0;1.0;0.7764357264776709
CA;39.0;0;1;1.7491188857965394;31.0;1.0;0.6948385703638553
CA;40.0;0;1;1.1181887107583768;28.0;1.0;0.6518135839524389
CA;41.0;0;1;1.7318867513913807;36.0;1.0;0.6721044325003018
CA;42.0;0;1;1.7024775051477614;33.0;1.0;0.6831513675306677
CA;43.0;0;1;2.0510470006348864;24.0;1.0;0.7341935879526608
CA;44.0;0;1;1.9913303742576696;20.0;1.0;0.7471270842950384
CA;47.0;0;1;2.1575835642704217;15.0;1.0;0.7714276829066352
CA;52.0;0;1;2.105844263934367;19.0;1.0;0.7557067363185366
CA;53.0;0;1;2.304074640670618;13.0;1.0;0.7842633701244189
CA;55.0;0;1;2.1836144599760616;16.0;1.0;0.7778151347516841
CA;56.0;0;1;2.169925928745079;14.0;1.0;0.7873725971723702
CA;59.0;0;1;1.7902655150686788;23.0;1.0;0.7203874429463106
CD;1.0;0;1;-1.5310079173161562;85.0;1.0;0.2686558245284447
CD;8.0;0;1;-0.6974731199781783;89.0;1.0;0.1760700389105058
CD;11.0;0;1;-0.4593823573642202;70.0;1.0;0.1237834838110255
CH;2.0;0;1;1.0484893605030807;36.0;1.0;0.7869406810627132
CH;3.0;0;1;1.4108308443018556;38.0;1.0;0.7884339179538861
CH;7.0;0;1;1.9386150162506528;27.0;1.0;0.8143673337404382
CH;9.0;0;1;1.6229599702141266;36.0;1.0;0.8006070227682284
CH;10.0;0;1;-0.5355804874514646;45.0;1.0;0.7141294860099809
CH;11.0;0;1;-0.4593823573642202;70.0;1.0;0.6957681352935723
CH;12.0;0;1;1.8350581991636397;24.0;1.0;0.8116564507777888
CH;14.0;0;1;1.8929594941972712;30.0;1.0;0.8061858370372665
CH;16.0;0;1;1.6264851572309549;31.0;1.0;0.80530874717729
CH;20.0;0;1;1.6938870086519855;27.0;1.0;0.8084132950459874
CH;22.0;0;1;1.8127917131459672;26.0;1.0;0.7874300403661457
CH;24.0;0;1;1.4298958491314566;40.0;1.0;0.7937171903541125
CH;26.0;0;1;1.4631831505099593;37.0;1.0;0.7941681669005637
CH;27.0;0;1;1.1628686697451447;39.0;1.0;0.7816162418069195
CH;28.0;0;1;1.9259977411386708;28.0;1.0;0.7975002255417505
CH;29.0;0;1;1.8636303512102144;31.0;1.0;0.8177853704793089
CH;31.0;0;1;1.9934471830725575;15.0;1.0;0.6915036916472734
CH;32.0;0;1;2.055984083255801;23.0;1.0;0.7897052661075831
CH;33.0;0;1;2.0369102602569615;27.0;1.0;0.8132165976703459
CH;34.0;0;1;1.8229487376342035;33.0;1.0;0.8134568350125756
CH;35.0;0;1;2.1412832840966773;19.0;1.0;0.7571491419446604
CH;36.0;0;1;1.989139957713472;20.0;1.0;0.7459098478541462
CH;39.0;0;1;1.7491188857965394;31.0;1.0;0.80274298846884
CH;40.0;0;1;1.1181887107583768;28.0;1.0;0.7457393082045238
CH;41.0;0;1;1.7318867513913807;36.0;1.0;0.8075997298899826
CH;42.0;0;1;1.7024775051477614;33.0;1.0;0.814038769558733
CH;43.0;0;1;2.0510470006348864;24.0;1.0;0.8173301040983842
CH;44.0;0;1;1.9913303742576696;20.0;1.0;0.7453973679051275
CH;45.0;0;1;1.760995826961374;32.0;1.0;0.8099294397909774
CH;46.0;0;1;2.057657732888033;17.0;1.0;0.752136105270486
CH;50.0;0;1;1.3862523463271288;30.0;1.0;0.766130709776125
CH;51.0;0;1;2.079039435317168;18.0;1.0;0.7633891852314689
CH;52.0;0;1;2.105844263934367;19.0;1.0;0.7636014384019819
CH;55.0;0;1;2.1836144599760616;16.0;1.0;0.7382688870389859
CH;57.0;0;1;1.449350971118556;22.0;1.0;0.7805147127929181
CH;59.0;0;1;1.7902655150686788;23.0;1.0;0.7771500414445551
CI;8.0;0;1;-0.6974731199781783;89.0;1.0;0.3210116731517509
CI;19.0;0;1;-0.609234573418944;79.0;1.0;0.3137417418174358
CI;25.0;0;1;-0.6963174199001649;88.0;1.0;0.3449583284423054
CL;1.0;0;1;-1.5310079173161562;85.0;1.0;0.5993033854566364
CL;8.0;0;1;-0.6974731199781783;89.0;1.0;0.5175097276264591
CL;17.0;0;1;0.620670340877194;35.0;1.0;0.4071130473244588
CL;18.0;0;1;-0.0693373471202559;78.0;1.0;0.4670691879950663
CL;19.0;0;1;-0.609234573418944;79.0;1.0;0.489920235421143
CL;25.0;0;1;-0.6963174199001649;88.0;1.0;0.5476346989083227
CL;26.0;0;1;1.4631831505099593;37.0;1.0;0.2374795307704692
CL;27.0;0;1;1.1628686697451447;39.0;1.0;0.2644084579960597
CL;54.0;0;1;1.0289466672147716;42.0;1.0;0.3305835398541251
CM;5.0;0;1;-0.4200124488780521;50.0;1.0;0.402843723826659
CM;8.0;0;1;-0.6974731199781783;89.0;1.0;0.4766536964980544
CM;11.0;0;1;-0.4593823573642202;70.0;1.0;0.2376243038882427
CM;19.0;0;1;-0.609234573418944;79.0;1.0;0.4666587362299652
CM;21.0;0;1;-0.6022948079582562;79.0;1.0;0.4549589871542082
CM;25.0;0;1;-0.6963174199001649;88.0;1.0;0.5194271628125368
CN;2.0;0;1;1.0484893605030807;36.0;1.0;0.5043181732773853
CN;3.0;0;1;1.4108308443018556;38.0;1.0;0.4832400325913754
CN;7.0;0;1;1.9386150162506528;27.0;1.0;0.4911240079021329
CN;11.0;0;1;-0.4593823573642202;70.0;1.0;0.5030252658853365
CN;14.0;0;1;1.8929594941972712;30.0;1.0;0.4843435653839704
CN;15.0;0;1;-0.2855043385199975;64.0;1.0;0.4515132316448149
CN;16.0;0;1;1.6264851572309549;31.0;1.0;0.4867138398869507
CN;19.0;0;1;-0.609234573418944;79.0;1.0;0.4939333002544727
CN;20.0;0;1;1.6938870086519855;27.0;1.0;0.5044882705979616
CN;22.0;0;1;1.8127917131459672;26.0;1.0;0.4876884631075507
CN;23.0;0;1;2.162942514139182;12.0;1.0;0.5027841698056118
CN;25.0;0;1;-0.6963174199001649;88.0;1.0;0.4795281136283602
CN;33.0;0;1;2.0369102602569615;27.0;1.0;0.4846173215822209
CN;34.0;0;1;1.8229487376342035;33.0;1.0;0.4813488164302548
CN;35.0;0;1;2.1412832840966773;19.0;1.0;0.5001980384871414
CN;38.0;0;1;1.0508612525067018;33.0;1.0;0.4578059982032212
CN;42.0;0;1;1.7024775051477614;33.0;1.0;0.4739872047658849
CN;45.0;0;1;1.760995826961374;32.0;1.0;0.4779355547593001
CN;46.0;0;1;2.057657732888033;17.0;1.0;0.5037287067330607
CN;47.0;0;1;2.1575835642704217;15.0;1.0;0.4845787281920559
CN;51.0;0;1;2.079039435317168;18.0;1.0;0.4961703427898573
CO;1.0;0;1;-1.5310079173161562;85.0;1.0;0.6489897656600135
CO;8.0;0;1;-0.6974731199781783;89.0;1.0;0.5680933852140078
CO;17.0;0;1;0.620670340877194;35.0;1.0;0.4955856138122887
CO;19.0;0;1;-0.609234573418944;79.0;1.0;0.5433877159849645
CO;25.0;0;1;-0.6963174199001649;88.0;1.0;0.5800211292405213
CO;38.0;0;1;1.0508612525067018;33.0;1.0;0.4152187574550085
CO;50.0;0;1;1.3862523463271288;30.0;1.0;0.3337469084768016
CR;8.0;0;1;-0.6974731199781783;89.0;1.0;0.4562256809338521
CR;15.0;0;1;-0.2855043385199975;64.0;1.0;0.4318545155833142
CR;17.0;0;1;0.620670340877194;35.0;1.0;0.2412423948285769
CR;18.0;0;1;-0.0693373471202559;78.0;1.0;0.3790230894195456
CR;19.0;0;1;-0.609234573418944;79.0;1.0;0.4431330447818838
CR;21.0;0;1;-0.6022948079582562;79.0;1.0;0.431686845999271
CR;25.0;0;1;-0.6963174199001649;88.0;1.0;0.4974879680713699
CU;1.0;1;0;-1.5310079173161562;85.0;0.0;0.3808508766005865
CU;8.0;0;1;-0.6974731199781783;89.0;1.0;0.2645914396887159
CU;10.0;0;1;-0.5355804874514646;45.0;1.0;0.1881593491495645
CU;11.0;0;1;-0.4593823573642202;70.0;1.0;0.1890849855704867
CU;19.0;0;1;-0.609234573418944;79.0;1.0;0.2534359992273863
CY;2.0;0;1;1.0484893605030807;36.0;1.0;0.1489696905515297
CY;3.0;0;1;1.4108308443018556;38.0;1.0;0.1314779427485693
CY;8.0;0;1;-0.6974731199781783;89.0;1.0;0.372568093385214
CY;10.0;1;0;-0.5355804874514646;45.0;0.0;0.2760054668723478
CY;11.0;0;1;-0.4593823573642202;70.0;1.0;0.2682824774860742
CY;19.0;0;1;-0.609234573418944;79.0;1.0;0.3714866208263631
CY;21.0;0;1;-0.6022948079582562;79.0;1.0;0.3724486685139762
CY;25.0;0;1;-0.6963174199001649;88.0;1.0;0.4107759126658059
CZ;2.0;0;1;1.0484893605030807;36.0;1.0;0.676255161051626
CZ;3.0;0;1;1.4108308443018556;38.0;1.0;0.6753441779032159
CZ;7.0;0;1;1.9386150162506528;27.0;1.0;0.6766937542593641
CZ;9.0;0;1;1.6229599702141266;36.0;1.0;0.7166780023547372
CZ;11.0;0;1;-0.4593823573642202;70.0;1.0;0.6102223895082439
CZ;12.0;0;1;1.8350581991636397;24.0;1.0;0.6604632989847976
CZ;14.0;0;1;1.8929594941972712;30.0;1.0;0.6812015423819452
CZ;16.0;0;1;1.6264851572309549;31.0;1.0;0.6902474762753192
CZ;17.0;0;1;0.620670340877194;35.0;1.0;0.7631664759216727
CZ;18.0;0;1;-0.0693373471202559;78.0;1.0;0.6435438059203418
CZ;20.0;0;1;1.6938870086519855;27.0;1.0;0.6998659194557713
CZ;22.0;0;1;1.8127917131459672;26.0;1.0;0.6439055756048322
CZ;24.0;0;1;1.4298958491314566;40.0;1.0;0.7183429626725534
CZ;26.0;0;1;1.4631831505099593;37.0;1.0;0.7113400086072748
CZ;27.0;0;1;1.1628686697451447;39.0;1.0;0.7077293593995001
CZ;28.0;0;1;1.9259977411386708;28.0;1.0;0.6564898165092277
CZ;29.0;0;1;1.8636303512102144;31.0;1.0;0.7028023244636783
CZ;33.0;0;1;2.0369102602569615;27.0;1.0;0.6762781820530821
CZ;34.0;0;1;1.8229487376342035;33.0;1.0;0.7122887020929868
CZ;35.0;0;1;2.1412832840966773;19.0;1.0;0.5302642532033364
CZ;38.0;0;1;1.0508612525067018;33.0;1.0;0.7125281985650921
CZ;39.0;0;1;1.7491188857965394;31.0;1.0;0.6978672198677016
CZ;41.0;0;1;1.7318867513913807;36.0;1.0;0.7133691032137185
CZ;42.0;0;1;1.7024775051477614;33.0;1.0;0.7166576429383442
CZ;43.0;0;1;2.0510470006348864;24.0;1.0;0.6616584371885228
CZ;45.0;0;1;1.760995826961374;32.0;1.0;0.7033122773637689
CZ;50.0;0;1;1.3862523463271288;30.0;1.0;0.6667600954002484
CZ;54.0;1;0;1.0289466672147716;42.0;0.0;0.7396175220512692
CZ;57.0;0;1;1.449350971118556;22.0;1.0;0.6258808731428246
CZ;59.0;0;1;1.7902655150686788;23.0;1.0;0.5870882029552276
DE;2.0;0;1;1.0484893605030807;36.0;1.0;0.847705105467284
DE;3.0;0;1;1.4108308443018556;38.0;1.0;0.8484302529191482
DE;7.0;0;1;1.9386150162506528;27.0;1.0;0.8720571469963957
DE;9.0;0;1;1.6229599702141266;36.0;1.0;0.8245122286527309
DE;10.0;0;1;-0.5355804874514646;45.0;1.0;0.7727032702890859
DE;11.0;0;1;-0.4593823573642202;70.0;1.0;0.7405935333657072
DE;12.0;0;1;1.8350581991636397;24.0;1.0;0.8934515127701743
DE;13.0;0;1;2.1617820457182293;14.0;1.0;0.9226219776872892
DE;14.0;0;1;1.8929594941972712;30.0;1.0;0.8631461592032659
DE;16.0;0;1;1.6264851572309549;31.0;1.0;0.8683653410688138
DE;20.0;0;1;1.6938870086519855;27.0;1.0;0.8522251086204271
DE;22.0;0;1;1.8127917131459672;26.0;1.0;0.8516294854083734
DE;23.0;0;1;2.162942514139182;12.0;1.0;0.914471411524649
DE;24.0;0;1;1.4298958491314566;40.0;1.0;0.8186023363312545
DE;26.0;0;1;1.4631831505099593;37.0;1.0;0.8237997054453379
DE;27.0;0;1;1.1628686697451447;39.0;1.0;0.8010463372746321
DE;28.0;0;1;1.9259977411386708;28.0;1.0;0.8651853418712487
DE;29.0;0;1;1.8636303512102144;31.0;1.0;0.866934005305779
DE;30.0;0;1;2.3540840402260086;9.0;1.0;0.9377624390693704
DE;31.0;1;0;1.9934471830725575;15.0;0.0;0.914066023855929
DE;32.0;0;1;2.055984083255801;23.0;1.0;0.8891761707414744
DE;33.0;0;1;2.0369102602569615;27.0;1.0;0.8824914681728319
DE;34.0;0;1;1.8229487376342035;33.0;1.0;0.8597517365806919
DE;35.0;0;1;2.1412832840966773;19.0;1.0;0.9105822708147204
DE;36.0;0;1;1.989139957713472;20.0;1.0;0.9003219255416023
DE;37.0;0;1;2.0447321560615355;14.0;1.0;0.9107935265350204
DE;39.0;0;1;1.7491188857965394;31.0;1.0;0.8544763663540924
DE;40.0;0;1;1.1181887107583768;28.0;1.0;0.7908989408538697
DE;41.0;0;1;1.7318867513913807;36.0;1.0;0.8374621803015243
DE;42.0;0;1;1.7024775051477614;33.0;1.0;0.8530401301808384
DE;43.0;0;1;2.0510470006348864;24.0;1.0;0.8932951889755969
DE;44.0;0;1;1.9913303742576696;20.0;1.0;0.8962454111947729
DE;45.0;0;1;1.760995826961374;32.0;1.0;0.8628670854625649
DE;46.0;0;1;2.057657732888033;17.0;1.0;0.9057258173241906
DE;47.0;0;1;2.1575835642704217;15.0;1.0;0.9171497492156142
DE;48.0;0;1;1.876808858780743;7.0;1.0;0.9248645452124716
DE;51.0;0;1;2.079039435317168;18.0;1.0;0.8999789735290636
DE;52.0;0;1;2.105844263934367;19.0;1.0;0.9148007929645816
DE;53.0;0;1;2.304074640670618;13.0;1.0;0.925551115500467
DE;55.0;0;1;2.1836144599760616;16.0;1.0;0.921260440471228
DE;56.0;0;1;2.169925928745079;14.0;1.0;0.9169834880315528
DE;57.0;0;1;1.449350971118556;22.0;1.0;0.8577945114707359
DE;59.0;0;1;1.7902655150686788;23.0;1.0;0.8916830506188941
DK;3.0;1;0;1.4108308443018556;38.0;0.0;0.5414782232910004
DK;4.0;0;1;1.5486534289849945;32.0;1.0;0.5754621746852828
DK;7.0;0;1;1.9386150162506528;27.0;1.0;0.5280532615733852
DK;9.0;0;1;1.6229599702141266;36.0;1.0;0.5966139884459374
DK;15.0;0;1;-0.2855043385199975;64.0;1.0;0.5588947236430566
DK;16.0;0;1;1.6264851572309549;31.0;1.0;0.5460728600310939
DK;17.0;0;1;0.620670340877194;35.0;1.0;0.6757834766703232
DK;18.0;0;1;-0.0693373471202559;78.0;1.0;0.5832777635722937
DK;21.0;0;1;-0.6022948079582562;79.0;1.0;0.5024666840270535
DK;24.0;0;1;1.4298958491314566;40.0;1.0;0.6043689207027368
DK;26.0;0;1;1.4631831505099593;37.0;1.0;0.5908603316289932
DK;27.0;0;1;1.1628686697451447;39.0;1.0;0.6046327674526045
DK;28.0;0;1;1.9259977411386708;28.0;1.0;0.5313149097858609
DK;29.0;0;1;1.8636303512102144;31.0;1.0;0.5760670760934498
DK;32.0;0;1;2.055984083255801;23.0;1.0;0.4715630265169583
DK;33.0;0;1;2.0369102602569615;27.0;1.0;0.5349308344181315
DK;34.0;0;1;1.8229487376342035;33.0;1.0;0.574488928329362
DK;38.0;0;1;1.0508612525067018;33.0;1.0;0.5876997216573184
DK;39.0;0;1;1.7491188857965394;31.0;1.0;0.5841386987057107
DK;41.0;0;1;1.7318867513913807;36.0;1.0;0.5813916806806108
DK;42.0;0;1;1.7024775051477614;33.0;1.0;0.5878913468828314
DK;43.0;0;1;2.0510470006348864;24.0;1.0;0.5317151156164636
DK;45.0;0;1;1.760995826961374;32.0;1.0;0.5677721109849325
DK;56.0;0;1;2.169925928745079;14.0;1.0;0.3602880939951347
DO;1.0;0;1;-1.5310079173161562;85.0;1.0;0.6105228906638507
DO;5.0;0;1;-0.4200124488780521;50.0;1.0;0.4349935715675116
DO;8.0;0;1;-0.6974731199781783;89.0;1.0;0.514591439688716
DO;18.0;0;1;-0.0693373471202559;78.0;1.0;0.3967198610437384
DO;19.0;0;1;-0.609234573418944;79.0;1.0;0.4974056827000781
DO;21.0;0;1;-0.6022948079582562;79.0;1.0;0.4721455256221057
DO;25.0;0;1;-0.6963174199001649;88.0;1.0;0.561216105176664
DZ;5.0;0;1;-0.4200124488780521;50.0;1.0;0.402843723826659
DZ;8.0;0;1;-0.6974731199781783;89.0;1.0;0.4766536964980544
DZ;11.0;1;0;-0.4593823573642202;70.0;0.0;0.2376243038882427
DZ;19.0;0;1;-0.609234573418944;79.0;1.0;0.4666587362299652
DZ;25.0;0;1;-0.6963174199001649;88.0;1.0;0.5194271628125368
EC;1.0;0;1;-1.5310079173161562;85.0;1.0;0.597700598998463
EC;5.0;0;1;-0.4200124488780521;50.0;1.0;0.4331209176853964
EC;8.0;0;1;-0.6974731199781783;89.0;1.0;0.5107003891050583
EC;18.0;0;1;-0.0693373471202559;78.0;1.0;0.3914201819313848
EC;19.0;0;1;-0.609234573418944;79.0;1.0;0.4899202354211431
EC;25.0;0;1;-0.6963174199001649;88.0;1.0;0.5539030402629418
EC;27.0;0;1;1.1628686697451447;39.0;1.0;0.1304109004158623
EE;8.0;0;1;-0.6974731199781783;89.0;1.0;0.5029182879377431
EE;18.0;0;1;-0.0693373471202559;78.0;1.0;0.4267202014307288
EE;19.0;0;1;-0.609234573418944;79.0;1.0;0.4880457284554937
EE;21.0;0;1;-0.6022948079582562;79.0;1.0;0.4940984972784208
EE;24.0;0;1;1.4298958491314566;40.0;1.0;0.1986731833595686
EE;25.0;0;1;-0.6963174199001649;88.0;1.0;0.5507688695856322
EG;5.0;0;1;-0.4200124488780521;50.0;1.0;0.5400825011873912
EG;7.0;0;1;1.9386150162506528;27.0;1.0;0.2326468653033559
EG;8.0;0;1;-0.6974731199781783;89.0;1.0;0.566147859922179
EG;9.0;0;1;1.6229599702141266;36.0;1.0;0.2703646757647747
EG;15.0;0;1;-0.2855043385199975;64.0;1.0;0.5760623561006816
EG;17.0;0;1;0.620670340877194;35.0;1.0;0.4350400817628989
EG;18.0;0;1;-0.0693373471202559;78.0;1.0;0.5168147463407415
EG;20.0;0;1;1.6938870086519855;27.0;1.0;0.2553395177843592
EG;21.0;1;0;-0.6022948079582562;79.0;0.0;0.5332380074026334
EG;38.0;0;1;1.0508612525067018;33.0;1.0;0.3676979587492757
EG;40.0;1;0;1.1181887107583768;28.0;0.0;0.3142782262328472
ES;3.0;0;1;1.4108308443018556;38.0;1.0;0.6872089128909438
ES;4.0;0;1;1.5486534289849945;32.0;1.0;0.6749700270896273
ES;7.0;0;1;1.9386150162506528;27.0;1.0;0.6965836866461842
ES;8.0;0;1;-0.6974731199781783;89.0;1.0;0.5642023346303501
ES;9.0;0;1;1.6229599702141266;36.0;1.0;0.6847762903552254
ES;11.0;0;1;-0.4593823573642202;70.0;1.0;0.642841828459259
ES;12.0;0;1;1.8350581991636397;24.0;1.0;0.7035931232956589
ES;13.0;0;1;2.1617820457182293;14.0;1.0;0.727855371119439
ES;19.0;0;1;-0.609234573418944;79.0;1.0;0.5712970260333894
ES;22.0;0;1;1.8127917131459672;26.0;1.0;0.7150416968876246
ES;24.0;0;1;1.4298958491314566;40.0;1.0;0.6840297606911457
ES;26.0;0;1;1.4631831505099593;37.0;1.0;0.6955553927695639
ES;27.0;0;1;1.1628686697451447;39.0;1.0;0.6855250591819856
ES;29.0;0;1;1.8636303512102144;31.0;1.0;0.6890897022143858
ES;32.0;0;1;2.055984083255801;23.0;1.0;0.7132364716177902
ES;35.0;0;1;2.1412832840966773;19.0;1.0;0.7303492299904514
ES;36.0;0;1;1.989139957713472;20.0;1.0;0.7346009862007051
ES;37.0;0;1;2.0447321560615355;14.0;1.0;0.7084669443014839
ES;41.0;0;1;1.7318867513913807;36.0;1.0;0.6913075682522893
ES;44.0;0;1;1.9913303742576696;20.0;1.0;0.7309582573381926
ES;45.0;0;1;1.760995826961374;32.0;1.0;0.6918849937981555
ES;46.0;0;1;2.057657732888033;17.0;1.0;0.732459641108613
ES;47.0;0;1;2.1575835642704217;15.0;1.0;0.7136380575742268
ES;50.0;0;1;1.3862523463271288;30.0;1.0;0.7045721053485697
ES;52.0;0;1;2.105844263934367;19.0;1.0;0.7362981861337664
ES;53.0;0;1;2.304074640670618;13.0;1.0;0.7189279992045106
ES;54.0;0;1;1.0289466672147716;42.0;1.0;0.6687014488752694
ES;55.0;0;1;2.1836144599760616;16.0;1.0;0.728118565612074
ES;57.0;0;1;1.449350971118556;22.0;1.0;0.7365346241493073
ES;59.0;0;1;1.7902655150686788;23.0;1.0;0.7243325542638784
ET;8.0;0;1;-0.6974731199781783;89.0;1.0;0.4523346303501945
ET;10.0;1;0;-0.5355804874514646;45.0;0.0;0.2604716528995732
ET;11.0;0;1;-0.4593823573642202;70.0;1.0;0.2691511183891049
ET;21.0;0;1;-0.6022948079582562;79.0;1.0;0.4277168925081346
ET;25.0;0;1;-0.6963174199001649;88.0;1.0;0.492264350275854
FI;3.0;0;1;1.4108308443018556;38.0;1.0;0.5549727080955413
FI;4.0;0;1;1.5486534289849945;32.0;1.0;0.5694057346696753
FI;9.0;0;1;1.6229599702141266;36.0;1.0;0.5998032933384071
FI;11.0;0;1;-0.4593823573642202;70.0;1.0;0.4858083694072012
FI;14.0;0;1;1.8929594941972712;30.0;1.0;0.5529547639488298
FI;18.0;0;1;-0.0693373471202559;78.0;1.0;0.5149521537503666
FI;20.0;0;1;1.6938870086519855;27.0;1.0;0.5282031127024148
FI;24.0;0;1;1.4298958491314566;40.0;1.0;0.60120737587999
FI;26.0;0;1;1.4631831505099593;37.0;1.0;0.588883239082869
FI;27.0;0;1;1.1628686697451447;39.0;1.0;0.5928990280400884
FI;28.0;0;1;1.9259977411386708;28.0;1.0;0.5356991857258857
FI;29.0;0;1;1.8636303512102144;31.0;1.0;0.5821011966917269
FI;32.0;0;1;2.055984083255801;23.0;1.0;0.4724119459712246
FI;33.0;0;1;2.0369102602569615;27.0;1.0;0.546602747793335
FI;34.0;0;1;1.8229487376342035;33.0;1.0;0.5825114934858702
FI;38.0;0;1;1.0508612525067018;33.0;1.0;0.581505054858516
FI;39.0;0;1;1.7491188857965394;31.0;1.0;0.5874951226511317
FI;40.0;0;1;1.1181887107583768;28.0;1.0;0.5403960905578021
FI;41.0;0;1;1.7318867513913807;36.0;1.0;0.5887227110297286
FI;42.0;0;1;1.7024775051477614;33.0;1.0;0.5937892947742287
FI;43.0;0;1;2.0510470006348864;24.0;1.0;0.5366506236991976
FI;45.0;0;1;1.760995826961374;32.0;1.0;0.5764304980221822
FR;2.0;0;1;1.0484893605030807;36.0;1.0;0.8149240477359462
FR;3.0;0;1;1.4108308443018556;38.0;1.0;0.8160343576800511
FR;4.0;0;1;1.5486534289849945;32.0;1.0;0.7841881180185559
FR;6.0;0;1;2.1347440517677327;11.0;1.0;0.8916600983837879
FR;7.0;0;1;1.9386150162506528;27.0;1.0;0.8341455880920299
FR;8.0;0;1;-0.6974731199781783;89.0;1.0;0.5194552529182878
FR;11.0;0;1;-0.4593823573642202;70.0;1.0;0.7354160201299724
FR;12.0;0;1;1.8350581991636397;24.0;1.0;0.8571370606294271
FR;13.0;0;1;2.1617820457182293;14.0;1.0;0.9006406684878522
FR;14.0;0;1;1.8929594941972712;30.0;1.0;0.828916195091335
FR;16.0;0;1;1.6264851572309549;31.0;1.0;0.8332298952903845
FR;19.0;0;1;-0.609234573418944;79.0;1.0;0.5370778384725439
FR;20.0;0;1;1.6938870086519855;27.0;1.0;0.8232274543657069
FR;23.0;0;1;2.162942514139182;12.0;1.0;0.9108756377337408
FR;24.0;0;1;1.4298958491314566;40.0;1.0;0.7768051538834333
FR;26.0;0;1;1.4631831505099593;37.0;1.0;0.7846475402587895
FR;28.0;0;1;1.9259977411386708;28.0;1.0;0.8264429821795272
FR;30.0;0;1;2.3540840402260086;9.0;1.0;0.9105169231013328
FR;31.0;0;1;1.9934471830725575;15.0;1.0;0.8884756101841073
FR;32.0;0;1;2.055984083255801;23.0;1.0;0.8596698806786652
FR;33.0;0;1;2.0369102602569615;27.0;1.0;0.8448111239542779
FR;34.0;0;1;1.8229487376342035;33.0;1.0;0.8242886597617561
FR;35.0;0;1;2.1412832840966773;19.0;1.0;0.8853662855953871
FR;36.0;0;1;1.989139957713472;20.0;1.0;0.8740383712339942
FR;37.0;0;1;2.0447321560615355;14.0;1.0;0.8905200446032638
FR;39.0;0;1;1.7491188857965394;31.0;1.0;0.8115072074783151
FR;41.0;0;1;1.7318867513913807;36.0;1.0;0.7956440043163229
FR;42.0;0;1;1.7024775051477614;33.0;1.0;0.8091692021044792
FR;43.0;0;1;2.0510470006348864;24.0;1.0;0.8531228805997667
FR;44.0;0;1;1.9913303742576696;20.0;1.0;0.871624940122647
FR;45.0;0;1;1.760995826961374;32.0;1.0;0.8245283475826105
FR;47.0;0;1;2.1575835642704217;15.0;1.0;0.90285943345662
FR;51.0;0;1;2.079039435317168;18.0;1.0;0.8791179130085871
FR;52.0;0;1;2.105844263934367;19.0;1.0;0.8839218886395542
FR;53.0;0;1;2.304074640670618;13.0;1.0;0.9108929543364204
FR;55.0;0;1;2.1836144599760616;16.0;1.0;0.8946528382664354
FR;56.0;0;1;2.169925928745079;14.0;1.0;0.8953443952451607
FR;57.0;0;1;1.449350971118556;22.0;1.0;0.8417696453497168
FR;59.0;0;1;1.7902655150686788;23.0;1.0;0.8616525757275687
GB;2.0;1;0;1.0484893605030807;36.0;0.0;0.8417262442864979
GB;3.0;0;1;1.4108308443018556;38.0;1.0;0.8453937434148651
GB;4.0;0;1;1.5486534289849945;32.0;1.0;0.819045703276212
GB;6.0;0;1;2.1347440517677327;11.0;1.0;0.9150608545121184
GB;9.0;0;1;1.6229599702141266;36.0;1.0;0.8173650699150288
GB;10.0;0;1;-0.5355804874514646;45.0;1.0;0.7990244011993168
GB;11.0;0;1;-0.4593823573642202;70.0;1.0;0.7618220721885317
GB;12.0;0;1;1.8350581991636397;24.0;1.0;0.8816742412527285
GB;13.0;0;1;2.1617820457182293;14.0;1.0;0.9234109771687704
GB;14.0;0;1;1.8929594941972712;30.0;1.0;0.8520834031785163
GB;16.0;0;1;1.6264851572309549;31.0;1.0;0.8566185780237473
GB;21.0;0;1;-0.6022948079582562;79.0;1.0;0.553242264728735
GB;23.0;0;1;2.162942514139182;12.0;1.0;0.9319481561925888
GB;24.0;0;1;1.4298958491314566;40.0;1.0;0.8171987524592752
GB;26.0;0;1;1.4631831505099593;37.0;1.0;0.8221451037980166
GB;27.0;0;1;1.1628686697451447;39.0;1.0;0.8066875015391607
GB;28.0;0;1;1.9259977411386708;28.0;1.0;0.8558564692169356
GB;29.0;0;1;1.8636303512102144;31.0;1.0;0.8591588491806068
GB;30.0;0;1;2.3540840402260086;9.0;1.0;0.9483417357262128
GB;32.0;0;1;2.055984083255801;23.0;1.0;0.8833570011485345
GB;33.0;0;1;2.0369102602569615;27.0;1.0;0.8667259939991874
GB;34.0;0;1;1.8229487376342035;33.0;1.0;0.8501919841446344
GB;35.0;0;1;2.1412832840966773;19.0;1.0;0.9021414208956876
GB;36.0;0;1;1.989139957713472;20.0;1.0;0.8961371448076488
GB;37.0;0;1;2.0447321560615355;14.0;1.0;0.9244796354152846
GB;39.0;0;1;1.7491188857965394;31.0;1.0;0.8517805224382519
GB;41.0;0;1;1.7318867513913807;36.0;1.0;0.8280233215185073
GB;42.0;0;1;1.7024775051477614;33.0;1.0;0.845686387898416
GB;43.0;0;1;2.0510470006348864;24.0;1.0;0.8832181505073669
GB;44.0;0;1;1.9913303742576696;20.0;1.0;0.8962009060972868
GB;45.0;0;1;1.760995826961374;32.0;1.0;0.8518340132560047
GB;46.0;0;1;2.057657732888033;17.0;1.0;0.9005274305629057
GB;47.0;0;1;2.1575835642704217;15.0;1.0;0.926048236766928
GB;48.0;0;1;1.876808858780743;7.0;1.0;0.9475460333346316
GB;51.0;0;1;2.079039435317168;18.0;1.0;0.9026337426276982
GB;52.0;0;1;2.105844263934367;19.0;1.0;0.903955228244695
GB;53.0;0;1;2.304074640670618;13.0;1.0;0.9327049215975814
GB;55.0;0;1;2.1836144599760616;16.0;1.0;0.9223006602324552
GB;56.0;0;1;2.169925928745079;14.0;1.0;0.9288566882161258
GB;57.0;0;1;1.449350971118556;22.0;1.0;0.8380441164830037
GE;1.0;0;1;-1.5310079173161562;85.0;1.0;0.5319863542133514
GE;8.0;0;1;-0.6974731199781783;89.0;1.0;0.4348249027237353
GE;18.0;0;1;-0.0693373471202559;78.0;1.0;0.3181079542104921
GE;19.0;0;1;-0.609234573418944;79.0;1.0;0.4204125106881752
GE;21.0;0;1;-0.6022948079582562;79.0;1.0;0.4033869267552457
GE;25.0;0;1;-0.6963174199001649;88.0;1.0;0.4734593262119968
GH;1.0;0;1;-1.5310079173161562;85.0;1.0;0.5287807812970045
GH;5.0;0;1;-0.4200124488780521;50.0;1.0;0.3669057970844493
GH;8.0;0;1;-0.6974731199781783;89.0;1.0;0.4319066147859922
GH;21.0;0;1;-0.6022948079582562;79.0;1.0;0.4002134529613906
GH;25.0;0;1;-0.6963174199001649;88.0;1.0;0.469280431975584
GR;2.0;1;0;1.0484893605030807;36.0;0.0;0.4368489872093738
GR;3.0;0;1;1.4108308443018556;38.0;1.0;0.431548506073498
GR;4.0;1;0;1.5486534289849945;32.0;0.0;0.4255909703403066
GR;9.0;0;1;1.6229599702141266;36.0;1.0;0.4507291396317153
GR;12.0;0;1;1.8350581991636397;24.0;1.0;0.3928638044002919
GR;14.0;0;1;1.8929594941972712;30.0;1.0;0.4022930977004215
GR;18.0;0;1;-0.0693373471202559;78.0;1.0;0.5098250140567552
GR;21.0;0;1;-0.6022948079582562;79.0;1.0;0.4918283343771985
GR;24.0;0;1;1.4298958491314566;40.0;1.0;0.4789831637530751
GR;25.0;0;1;-0.6963174199001649;88.0;1.0;0.4962436905740112
GR;26.0;0;1;1.4631831505099593;37.0;1.0;0.4588973933621333
GR;27.0;0;1;1.1628686697451447;39.0;1.0;0.4712415917397369
GR;29.0;0;1;1.8636303512102144;31.0;1.0;0.4365094518321949
GR;34.0;0;1;1.8229487376342035;33.0;1.0;0.4456825944798729
GR;39.0;0;1;1.7491188857965394;31.0;1.0;0.4386912228341994
GR;41.0;0;1;1.7318867513913807;36.0;1.0;0.4412164470324047
GR;42.0;0;1;1.7024775051477614;33.0;1.0;0.4486797738563165
GR;45.0;0;1;1.760995826961374;32.0;1.0;0.4415781156799568
GT;2.0;0;1;1.0484893605030807;36.0;1.0;0.1544034472223126
GT;8.0;0;1;-0.6974731199781783;89.0;1.0;0.409533073929961
GT;16.0;1;0;1.6264851572309549;31.0;0.0;0.1275994291987471
GT;18.0;0;1;-0.0693373471202559;78.0;1.0;0.3522116326443892
GT;19.0;0;1;-0.609234573418944;79.0;1.0;0.393942962663168
GT;25.0;0;1;-0.6963174199001649;88.0;1.0;0.4400281723206949
HK;2.0;0;1;1.0484893605030807;36.0;1.0;0.7514490999746389
HK;3.0;0;1;1.4108308443018556;38.0;1.0;0.7438095675981641
HK;5.0;1;0;-0.4200124488780521;50.0;0.0;0.5456872776233245
HK;7.0;0;1;1.9386150162506528;27.0;1.0;0.7633535993719779
HK;9.0;0;1;1.6229599702141266;36.0;1.0;0.733664282915726
HK;11.0;0;1;-0.4593823573642202;70.0;1.0;0.6645975846803954
HK;12.0;0;1;1.8350581991636397;24.0;1.0;0.7607501553326552
HK;13.0;0;1;2.1617820457182293;14.0;1.0;0.7248846794654942
HK;14.0;0;1;1.8929594941972712;30.0;1.0;0.7585435327711934
HK;16.0;0;1;1.6264851572309549;31.0;1.0;0.7573880816663198
HK;19.0;0;1;-0.609234573418944;79.0;1.0;0.507941065356304
HK;20.0;0;1;1.6938870086519855;27.0;1.0;0.7666129973293496
HK;22.0;0;1;1.8127917131459672;26.0;1.0;0.7439190323523533
HK;23.0;0;1;2.162942514139182;12.0;1.0;0.7168587380398729
HK;24.0;0;1;1.4298958491314566;40.0;1.0;0.7333863118930991
HK;29.0;0;1;1.8636303512102144;31.0;1.0;0.7580731192574328
HK;33.0;0;1;2.0369102602569615;27.0;1.0;0.7615709419213111
HK;34.0;0;1;1.8229487376342035;33.0;1.0;0.7618794306941523
HK;35.0;0;1;2.1412832840966773;19.0;1.0;0.7378778019310507
HK;37.0;0;1;2.0447321560615355;14.0;1.0;0.6910919141965577
HK;38.0;0;1;1.0508612525067018;33.0;1.0;0.7060863087772905
HK;39.0;0;1;1.7491188857965394;31.0;1.0;0.7465782269188066
HK;40.0;0;1;1.1181887107583768;28.0;1.0;0.7109827917318584
HK;41.0;0;1;1.7318867513913807;36.0;1.0;0.7420494443950971
HK;42.0;0;1;1.7024775051477614;33.0;1.0;0.761967374279648
HK;43.0;0;1;2.0510470006348864;24.0;1.0;0.7553214844479307
HK;45.0;0;1;1.760995826961374;32.0;1.0;0.7575714370404677
HK;46.0;0;1;2.057657732888033;17.0;1.0;0.741937662314068
HK;47.0;0;1;2.1575835642704217;15.0;1.0;0.7058550434143972
HK;51.0;0;1;2.079039435317168;18.0;1.0;0.7485813096058499
HK;52.0;0;1;2.105844263934367;19.0;1.0;0.7280244934689238
HK;55.0;1;0;2.1836144599760616;16.0;0.0;0.7240548508441034
HN;1.0;0;1;-1.5310079173161562;85.0;1.0;0.5512197917114329
HN;8.0;0;1;-0.6974731199781783;89.0;1.0;0.4640077821011673
HN;18.0;0;1;-0.0693373471202559;78.0;1.0;0.3516725885887321
HN;19.0;0;1;-0.609234573418944;79.0;1.0;0.4524929990264681
HN;25.0;0;1;-0.6963174199001649;88.0;1.0;0.5079352036624017
HR;5.0;0;1;-0.4200124488780521;50.0;1.0;0.4951388080166251
HR;17.0;0;1;0.620670340877194;35.0;1.0;0.3609838406519262
HR;18.0;0;1;-0.0693373471202559;78.0;1.0;0.4947327500392678
HR;19.0;0;1;-0.609234573418944;79.0;1.0;0.5393745097967625
HR;21.0;0;1;-0.6022948079582562;79.0;1.0;0.5374693057944401
HR;24.0;0;1;1.4298958491314566;40.0;1.0;0.2725952672838101
HR;25.0;0;1;-0.6963174199001649;88.0;1.0;0.6009156004225849
HT;1.0;0;1;-1.5310079173161562;85.0;1.0;0.1362368489447435
HU;9.0;0;1;1.6229599702141266;36.0;1.0;0.5277320757092757
HU;12.0;1;0;1.8350581991636397;24.0;0.0;0.4784999401108326
HU;14.0;0;1;1.8929594941972712;30.0;1.0;0.4802629717784207
HU;15.0;0;1;-0.2855043385199975;64.0;1.0;0.5990362816569321
HU;16.0;0;1;1.6264851572309549;31.0;1.0;0.5019605650317029
HU;18.0;0;1;-0.0693373471202559;78.0;1.0;0.6066185915526082
HU;21.0;0;1;-0.6022948079582562;79.0;1.0;0.575550991320701
HU;24.0;0;1;1.4298958491314566;40.0;1.0;0.5527530835874362
HU;25.0;0;1;-0.6963174199001649;88.0;1.0;0.5967367061861721
HU;26.0;0;1;1.4631831505099593;37.0;1.0;0.5348414430943493
HU;27.0;1;0;1.1628686697451447;39.0;0.0;0.5446486131871312
HU;29.0;0;1;1.8636303512102144;31.0;1.0;0.517704982203852
HU;33.0;0;1;2.0369102602569615;27.0;1.0;0.4699041685343841
HU;34.0;0;1;1.8229487376342035;33.0;1.0;0.5248855902080563
HU;39.0;0;1;1.7491188857965394;31.0;1.0;0.5180889031837718
HU;41.0;0;1;1.7318867513913807;36.0;1.0;0.5165690745150702
HU;42.0;0;1;1.7024775051477614;33.0;1.0;0.5313335219005773
HU;45.0;0;1;1.760995826961374;32.0;1.0;0.5214070422792039
ID;1.0;0;1;-1.5310079173161562;85.0;1.0;0.5379239495015848
ID;5.0;0;1;-0.4200124488780521;50.0;1.0;0.4857864555703419
ID;8.0;0;1;-0.6974731199781783;89.0;1.0;0.4406614785992217
ID;31.0;0;1;1.9934471830725575;15.0;1.0;0.5031854597835557
ID;40.0;1;0;1.1181887107583768;28.0;0.0;0.3841875385235764
ID;44.0;1;0;1.9913303742576696;20.0;0.0;0.466929733721182
ID;47.0;1;0;2.1575835642704217;15.0;0.0;0.4835457025553957
ID;50.0;1;0;1.3862523463271288;30.0;0.0;0.3963943539126716
ID;52.0;1;0;2.105844263934367;19.0;0.0;0.4457672414497362
ID;55.0;0;1;2.1836144599760616;16.0;1.0;0.4574970166490623
IE;4.0;0;1;1.5486534289849945;32.0;1.0;0.5959134707053054
IE;9.0;0;1;1.6229599702141266;36.0;1.0;0.6308469516842644
IE;10.0;0;1;-0.5355804874514646;45.0;1.0;0.5836643822703148
IE;11.0;0;1;-0.4593823573642202;70.0;1.0;0.5867880240688388
IE;12.0;0;1;1.8350581991636397;24.0;1.0;0.5630231784072184
IE;14.0;0;1;1.8929594941972712;30.0;1.0;0.5729638426770872
IE;15.0;0;1;-0.2855043385199975;64.0;1.0;0.637654779748716
IE;16.0;0;1;1.6264851572309549;31.0;1.0;0.5867288655874248
IE;18.0;0;1;-0.0693373471202559;78.0;1.0;0.6617491486108942
IE;21.0;0;1;-0.6022948079582562;79.0;1.0;0.6367503042965804
IE;24.0;0;1;1.4298958491314566;40.0;1.0;0.6443626407511355
IE;26.0;0;1;1.4631831505099593;37.0;1.0;0.6214408881115185
IE;27.0;0;1;1.1628686697451447;39.0;1.0;0.6412728413546398
IE;28.0;0;1;1.9259977411386708;28.0;1.0;0.5524027381986447
IE;29.0;0;1;1.8636303512102144;31.0;1.0;0.6139105142971266
IE;33.0;0;1;2.0369102602569615;27.0;1.0;0.5676893762280729
IE;34.0;0;1;1.8229487376342035;33.0;1.0;0.6110556378886131
IE;39.0;0;1;1.7491188857965394;31.0;1.0;0.6236574062874684
IE;40.0;1;0;1.1181887107583768;28.0;0.0;0.590672567808821
IE;41.0;0;1;1.7318867513913807;36.0;1.0;0.6116568323742142
IE;42.0;0;1;1.7024775051477614;33.0;1.0;0.6303515926218679
IE;43.0;0;1;2.0510470006348864;24.0;1.0;0.5691752119580212
IE;45.0;0;1;1.760995826961374;32.0;1.0;0.6056751347510985
IE;54.0;0;1;1.0289466672147716;42.0;1.0;0.6550092830731543
IL;2.0;1;0;1.0484893605030807;36.0;0.0;0.6345473800555238
IL;3.0;0;1;1.4108308443018556;38.0;1.0;0.6264253903260837
IL;4.0;0;1;1.5486534289849945;32.0;1.0;0.6351126007770815
IL;7.0;0;1;1.9386150162506528;27.0;1.0;0.6215044268417417
IL;9.0;0;1;1.6229599702141266;36.0;1.0;0.6608795945948713
IL;10.0;0;1;-0.5355804874514646;45.0;1.0;0.6243444025698718
IL;11.0;0;1;-0.4593823573642202;70.0;1.0;0.6152695441977765
IL;12.0;0;1;1.8350581991636397;24.0;1.0;0.6047919644091777
IL;14.0;0;1;1.8929594941972712;30.0;1.0;0.6217674482090488
IL;16.0;0;1;1.6264851572309549;31.0;1.0;0.6320662702558869
IL;17.0;0;1;0.620670340877194;35.0;1.0;0.7233378622601425
IL;18.0;0;1;-0.0693373471202559;78.0;1.0;0.6502441490188859
IL;24.0;0;1;1.4298958491314566;40.0;1.0;0.663439359974113
IL;25.0;0;1;-0.6963174199001649;88.0;1.0;0.6048949407207419
IL;29.0;0;1;1.8636303512102144;31.0;1.0;0.6498078754263622
IL;33.0;0;1;2.0369102602569615;27.0;1.0;0.6171389083774836
IL;34.0;0;1;1.8229487376342035;33.0;1.0;0.6514788960802009
IL;38.0;0;1;1.0508612525067018;33.0;1.0;0.6682226169717399
IL;39.0;0;1;1.7491188857965394;31.0;1.0;0.6535401032250208
IL;40.0;0;1;1.1181887107583768;28.0;1.0;0.6305589701551316
IL;41.0;0;1;1.7318867513913807;36.0;1.0;0.6503101718908311
IL;42.0;0;1;1.7024775051477614;33.0;1.0;0.6656502948694174
IL;43.0;0;1;2.0510470006348864;24.0;1.0;0.6102408318002815
IL;45.0;0;1;1.760995826961374;32.0;1.0;0.640661258399735
IL;50.0;0;1;1.3862523463271288;30.0;1.0;0.5914122504320188
IL;51.0;0;1;2.079039435317168;18.0;1.0;0.5159388263646232
IL;59.0;0;1;1.7902655150686788;23.0;1.0;0.5211291583096016
IN;1.0;0;1;-1.5310079173161562;85.0;1.0;0.3418670661354059
IN;5.0;0;1;-0.4200124488780521;50.0;1.0;0.2686332008086216
IN;10.0;0;1;-0.5355804874514646;45.0;1.0;0.2504469755921805
IN;25.0;0;1;-0.6963174199001649;88.0;1.0;0.2371522479164221
IN;31.0;0;1;1.9934471830725575;15.0;1.0;0.2923643571905346
IN;48.0;0;1;1.876808858780743;7.0;1.0;0.3745457801857762
IQ;5.0;0;1;-0.4200124488780521;50.0;1.0;0.3353411536817576
IQ;8.0;0;1;-0.6974731199781783;89.0;1.0;0.3929961089494163
IQ;10.0;0;1;-0.5355804874514646;45.0;1.0;0.2591655038921051
IQ;11.0;0;1;-0.4593823573642202;70.0;1.0;0.2585378257312622
IQ;21.0;0;1;-0.6022948079582562;79.0;1.0;0.3957208096689134
IR;8.0;0;1;-0.6974731199781783;89.0;1.0;0.4931906614785992
IR;9.0;0;1;1.6229599702141266;36.0;1.0;0.1909967245156255
IR;15.0;0;1;-0.2855043385199975;64.0;1.0;0.4877188141621141
IR;17.0;0;1;0.620670340877194;35.0;1.0;0.337539622804579
IR;18.0;0;1;-0.0693373471202559;78.0;1.0;0.4382028395074951
IR;19.0;0;1;-0.609234573418944;79.0;1.0;0.4741441835089002
IR;24.0;0;1;1.4298958491314566;40.0;1.0;0.2099277228565001
IR;25.0;0;1;-0.6963174199001649;88.0;1.0;0.5361427397581876
IR;26.0;0;1;1.4631831505099593;37.0;1.0;0.1988257534181843
IR;54.0;1;0;1.0289466672147716;42.0;0.0;0.2768732862669544
IS;2.0;0;1;1.0484893605030807;36.0;1.0;0.1536446609091048
IS;3.0;0;1;1.4108308443018556;38.0;1.0;0.1360563930224593
IS;10.0;0;1;-0.5355804874514646;45.0;1.0;0.2735967971833639
IS;11.0;0;1;-0.4593823573642202;70.0;1.0;0.2593800601093791
IS;18.0;0;1;-0.0693373471202559;78.0;1.0;0.2839960716278105
IS;19.0;0;1;-0.609234573418944;79.0;1.0;0.3626674903243754
IS;25.0;0;1;-0.6963174199001649;88.0;1.0;0.4022185702547247
IT;2.0;0;1;1.0484893605030807;36.0;1.0;0.7653557064234778
IT;3.0;0;1;1.4108308443018556;38.0;1.0;0.769328092665875
IT;6.0;0;1;2.1347440517677327;11.0;1.0;0.748893109816604
IT;7.0;0;1;1.9386150162506528;27.0;1.0;0.7907327344973969
IT;9.0;0;1;1.6229599702141266;36.0;1.0;0.7606621948708984
IT;10.0;0;1;-0.5355804874514646;45.0;1.0;0.6958251784227606
IT;11.0;0;1;-0.4593823573642202;70.0;1.0;0.6801766924858731
IT;13.0;0;1;2.1617820457182293;14.0;1.0;0.7512002398069768
IT;14.0;0;1;1.8929594941972712;30.0;1.0;0.7814844878963244
IT;16.0;0;1;1.6264851572309549;31.0;1.0;0.7753129724521098
IT;20.0;0;1;1.6938870086519855;27.0;1.0;0.7931370355879492
IT;22.0;0;1;1.8127917131459672;26.0;1.0;0.7811829903390842
IT;24.0;0;1;1.4298958491314566;40.0;1.0;0.754702757171874
IT;26.0;0;1;1.4631831505099593;37.0;1.0;0.7645104751884949
IT;27.0;0;1;1.1628686697451447;39.0;1.0;0.7468901137369649
IT;28.0;1;0;1.9259977411386708;28.0;0.0;0.7721907741508038
IT;29.0;0;1;1.8636303512102144;31.0;1.0;0.7844142419828143
IT;31.0;0;1;1.9934471830725575;15.0;1.0;0.7337169228889723
IT;32.0;0;1;2.055984083255801;23.0;1.0;0.7859115264972919
IT;33.0;0;1;2.0369102602569615;27.0;1.0;0.7909131968643002
IT;34.0;0;1;1.8229487376342035;33.0;1.0;0.7822217207015573
IT;35.0;0;1;2.1412832840966773;19.0;1.0;0.7803022906975355
IT;36.0;0;1;1.989139957713472;20.0;1.0;0.7654138419000207
IT;41.0;0;1;1.7318867513913807;36.0;1.0;0.7732801973274648
IT;42.0;0;1;1.7024775051477614;33.0;1.0;0.7756195187966592
IT;43.0;0;1;2.0510470006348864;24.0;1.0;0.7883698078108838
IT;44.0;0;1;1.9913303742576696;20.0;1.0;0.7632213484100415
IT;45.0;0;1;1.760995826961374;32.0;1.0;0.7756326033931084
IT;46.0;0;1;2.057657732888033;17.0;1.0;0.7790903630264896
IT;50.0;0;1;1.3862523463271288;30.0;1.0;0.75043255503877
IT;51.0;0;1;2.079039435317168;18.0;1.0;0.7824335217649372
IT;52.0;0;1;2.105844263934367;19.0;1.0;0.7814714452702817
IT;53.0;0;1;2.304074640670618;13.0;1.0;0.7412653172651223
IT;55.0;0;1;2.1836144599760616;16.0;1.0;0.7690393349613892
IT;57.0;0;1;1.449350971118556;22.0;1.0;0.7779684111060349
JM;1.0;0;1;-1.5310079173161562;85.0;1.0;0.4470386719301584
JM;8.0;0;1;-0.6974731199781783;89.0;1.0;0.3268482490272373
JM;10.0;0;1;-0.5355804874514646;45.0;1.0;0.2227089930160065
JM;11.0;0;1;-0.4593823573642202;70.0;1.0;0.2179418822442947
JM;25.0;0;1;-0.6963174199001649;88.0;1.0;0.3564502875924404
JO;1.0;0;1;-1.5310079173161562;85.0;1.0;0.6377702604527994
JO;5.0;0;1;-0.4200124488780521;50.0;1.0;0.4325858737190777
JO;8.0;0;1;-0.6974731199781783;89.0;1.0;0.5282101167315175
JO;18.0;0;1;-0.0693373471202559;78.0;1.0;0.38700378267109
JO;19.0;0;1;-0.609234573418944;79.0;1.0;0.5123765772579482
JO;21.0;0;1;-0.6022948079582562;79.0;1.0;0.4933020175811395
JO;25.0;0;1;-0.6963174199001649;88.0;1.0;0.5716633407676958
JP;3.0;0;1;1.4108308443018556;38.0;1.0;0.4736630062201056
JP;4.0;0;1;1.5486534289849945;32.0;1.0;0.4900199188989044
JP;6.0;0;1;2.1347440517677327;11.0;1.0;0.5897365405963175
JP;11.0;0;1;-0.4593823573642202;70.0;1.0;0.4743671804238008
JP;14.0;0;1;1.8929594941972712;30.0;1.0;0.4840313997506389
JP;19.0;0;1;-0.609234573418944;79.0;1.0;0.423462446065466
JP;21.0;0;1;-0.6022948079582562;79.0;1.0;0.4188985407888699
JP;23.0;0;1;2.162942514139182;12.0;1.0;0.5844824027983425
JP;29.0;0;1;1.8636303512102144;31.0;1.0;0.4719659209554339
JP;31.0;1;0;1.9934471830725575;15.0;0.0;0.5921487204709909
JP;32.0;0;1;2.055984083255801;23.0;1.0;0.5307952131237113
JP;33.0;0;1;2.0369102602569615;27.0;1.0;0.4979249035017831
JP;36.0;0;1;1.989139957713472;20.0;1.0;0.549832567739256
JP;37.0;0;1;2.0447321560615355;14.0;1.0;0.5951227959751618
JP;38.0;0;1;1.0508612525067018;33.0;1.0;0.4688307842512265
JP;39.0;0;1;1.7491188857965394;31.0;1.0;0.4705087462030776
JP;43.0;0;1;2.0510470006348864;24.0;1.0;0.500311718498512
JP;44.0;0;1;1.9913303742576696;20.0;1.0;0.5531298417787589
JP;47.0;0;1;2.1575835642704217;15.0;1.0;0.5770671722906454
JP;50.0;0;1;1.3862523463271288;30.0;1.0;0.4962244932352181
JP;51.0;0;1;2.079039435317168;18.0;1.0;0.542919072070028
JP;53.0;0;1;2.304074640670618;13.0;1.0;0.5737651882764921
JP;56.0;0;1;2.169925928745079;14.0;1.0;0.5885394024897952
KE;1.0;0;1;-1.5310079173161562;85.0;1.0;0.5720560156676877
KE;5.0;0;1;-0.4200124488780521;50.0;1.0;0.4230854135479069
KE;8.0;0;1;-0.6974731199781783;89.0;1.0;0.4873540856031128
KE;19.0;1;0;-0.609234573418944;79.0;0.0;0.4663945439730617
KE;21.0;0;1;-0.6022948079582562;79.0;1.0;0.4478155598692168
KE;25.0;0;1;-0.6963174199001649;88.0;1.0;0.5183824392534335
KE;27.0;1;0;1.1628686697451447;39.0;0.0;0.1567035402402565
KE;59.0;0;1;1.7902655150686788;23.0;1.0;0.0914376179760577
KG;1.0;0;1;-1.5310079173161562;85.0;1.0;0.5704532292095144
KG;5.0;0;1;-0.4200124488780521;50.0;1.0;0.379399159442215
KG;8.0;0;1;-0.6974731199781783;89.0;1.0;0.4562256809338521
KG;18.0;0;1;-0.0693373471202559;78.0;1.0;0.3331237116954942
KG;19.0;0;1;-0.609234573418944;79.0;1.0;0.4407301533024274
KG;25.0;0;1;-0.6963174199001649;88.0;1.0;0.5027115858668858
KH;5.0;0;1;-0.4200124488780521;50.0;1.0;0.3572277959289797
KH;8.0;0;1;-0.6974731199781783;89.0;1.0;0.4182879377431906
KH;19.0;0;1;-0.609234573418944;79.0;1.0;0.4099832068323145
KH;21.0;0;1;-0.6022948079582562;79.0;1.0;0.4010099326586719
KH;25.0;0;1;-0.6963174199001649;88.0;1.0;0.4536095785890363
KR;1.0;0;1;-1.5310079173161562;85.0;1.0;0.4540621182075477
KR;2.0;0;1;1.0484893605030807;36.0;1.0;0.2957588433366101
KR;4.0;0;1;1.5486534289849945;32.0;1.0;0.2789059879376809
KR;5.0;0;1;-0.4200124488780521;50.0;1.0;0.4108600779312991
KR;10.0;0;1;-0.5355804874514646;45.0;1.0;0.3920852443018992
KR;21.0;0;1;-0.6022948079582562;79.0;1.0;0.3810180964929413
KR;25.0;0;1;-0.6963174199001649;88.0;1.0;0.4022185702547247
KR;32.0;1;0;2.055984083255801;23.0;0.0;0.2775391600397462
KR;35.0;1;0;2.1412832840966773;19.0;0.0;0.285937434411412
KR;38.0;0;1;1.0508612525067018;33.0;1.0;0.2970304604113264
KR;40.0;0;1;1.1181887107583768;28.0;1.0;0.3127093329720754
KR;51.0;0;1;2.079039435317168;18.0;1.0;0.3043412187959399
KR;55.0;0;1;2.1836144599760616;16.0;1.0;0.2934112497020807
KW;1.0;0;1;-1.5310079173161562;85.0;1.0;0.409184097378691
KW;10.0;0;1;-0.5355804874514646;45.0;1.0;0.2221166738491392
KW;11.0;0;1;-0.4593823573642202;70.0;1.0;0.2026679617971457
KZ;1.0;0;1;-1.5310079173161562;85.0;1.0;0.6057145312893303
KZ;5.0;0;1;-0.4200124488780521;50.0;1.0;0.4331209176853964
KZ;18.0;0;1;-0.0693373471202559;78.0;1.0;0.3834706632628543
KZ;19.0;0;1;-0.609234573418944;79.0;1.0;0.492058934643696
KZ;21.0;0;1;-0.6022948079582562;79.0;1.0;0.4626251042405405
KZ;25.0;0;1;-0.6963174199001649;88.0;1.0;0.5455452517901163
KZ;50.0;0;1;1.3862523463271288;30.0;1.0;0.1077548498162782
LA;1.0;0;1;-1.5310079173161562;85.0;1.0;0.1362368489447435
LB;5.0;0;1;-0.4200124488780521;50.0;1.0;0.3697211582867454
LB;8.0;0;1;-0.6974731199781783;89.0;1.0;0.4426070038910505
LB;11.0;1;0;-0.4593823573642202;70.0;0.0;0.2580880725733478
LB;18.0;0;1;-0.0693373471202559;78.0;1.0;0.3251430184439498
LB;19.0;0;1;-0.609234573418944;79.0;1.0;0.4324395486691196
LB;21.0;0;1;-0.6022948079582562;79.0;1.0;0.4327446705972226
LB;25.0;0;1;-0.6963174199001649;88.0;1.0;0.4870407324803381
LK;5.0;0;1;-0.4200124488780521;50.0;1.0;0.5681723094191201
LK;8.0;0;1;-0.6974731199781783;89.0;1.0;0.5943579766536964
LK;15.0;0;1;-0.2855043385199975;64.0;1.0;0.6215332968043559
LK;18.0;0;1;-0.0693373471202559;78.0;1.0;0.5645118583519247
LK;24.0;1;0;1.4298958491314566;40.0;0.0;0.3555131603628534
LK;25.0;0;1;-0.6963174199001649;88.0;1.0;0.6458387134640218
LK;40.0;0;1;1.1181887107583768;28.0;1.0;0.3563365985796008
LK;45.0;0;1;1.760995826961374;32.0;1.0;0.3082678746446223
LK;54.0;0;1;1.0289466672147716;42.0;1.0;0.419430546014671
LR;1.0;0;1;-1.5310079173161562;85.0;1.0;0.1362368489447435
LT;4.0;0;1;1.5486534289849945;32.0;1.0;0.1611473698393743
LT;8.0;0;1;-0.6974731199781783;89.0;1.0;0.495136186770428
LT;18.0;0;1;-0.0693373471202559;78.0;1.0;0.4143542835019035
LT;19.0;0;1;-0.609234573418944;79.0;1.0;0.4880457284554939
LT;21.0;0;1;-0.6022948079582562;79.0;1.0;0.4803467775050488
LT;25.0;0;1;-0.6963174199001649;88.0;1.0;0.5392769104354972
LU;2.0;0;1;1.0484893605030807;36.0;1.0;0.1489696905515297
LU;3.0;0;1;1.4108308443018556;38.0;1.0;0.1314779427485693
LU;8.0;0;1;-0.6974731199781783;89.0;1.0;0.372568093385214
LU;10.0;0;1;-0.5355804874514646;45.0;1.0;0.2760054668723478
LU;11.0;0;1;-0.4593823573642202;70.0;1.0;0.2682824774860742
LU;19.0;0;1;-0.609234573418944;79.0;1.0;0.3714866208263631
LU;21.0;0;1;-0.6022948079582562;79.0;1.0;0.3724486685139762
LU;25.0;0;1;-0.6963174199001649;88.0;1.0;0.4107759126658059
LV;2.0;1;0;1.0484893605030807;36.0;0.0;0.1942118741357426
LV;3.0;0;1;1.4108308443018556;38.0;1.0;0.1709901376218151
LV;8.0;0;1;-0.6974731199781783;89.0;1.0;0.5019455252918288
LV;18.0;0;1;-0.0693373471202559;78.0;1.0;0.4081713245374909
LV;19.0;0;1;-0.609234573418944;79.0;1.0;0.4987392245682581
LV;21.0;0;1;-0.6022948079582562;79.0;1.0;0.4951563218763725
LV;25.0;0;1;-0.6963174199001649;88.0;1.0;0.5601713816175607
LY;1.0;0;1;-1.5310079173161562;85.0;1.0;0.1362368489447435
MA;8.0;0;1;-0.6974731199781783;89.0;1.0;0.4484435797665369
MA;21.0;1;0;-0.6022948079582562;79.0;0.0;0.4107916989409075
MA;25.0;0;1;-0.6963174199001649;88.0;1.0;0.4880854560394413
MD;8.0;0;1;-0.6974731199781783;89.0;1.0;0.4387159533073929
MD;18.0;0;1;-0.0693373471202559;78.0;1.0;0.3366256565207161
MD;19.0;0;1;-0.609234573418944;79.0;1.0;0.4292314998352903
MD;21.0;0;1;-0.6022948079582562;79.0;1.0;0.4158194770299956
MD;25.0;0;1;-0.6963174199001649;88.0;1.0;0.4828618382439253
ME;1.0;1;0;-1.5310079173161562;85.0;0.0;0.187526015606294
ME;11.0;0;1;-0.4593823573642202;70.0;1.0;0.0938925857316585
MG;1.0;0;1;-1.5310079173161562;85.0;1.0;0.4048926734731882
MG;8.0;0;1;-0.6974731199781783;89.0;1.0;0.3025291828793774
MG;19.0;0;1;-0.609234573418944;79.0;1.0;0.2951406340671672
MK;1.0;0;1;-1.5310079173161562;85.0;1.0;0.51275291671527
MK;8.0;0;1;-0.6974731199781783;89.0;1.0;0.4173151750972762
MK;18.0;0;1;-0.0693373471202559;78.0;1.0;0.3154581146543152
MK;19.0;0;1;-0.609234573418944;79.0;1.0;0.4011642176851995
MK;25.0;0;1;-0.6963174199001649;88.0;1.0;0.4525648550299331
MM;1.0;0;1;-1.5310079173161562;85.0;1.0;0.6377702604527994
MM;5.0;0;1;-0.4200124488780521;50.0;1.0;0.4325858737190777
MM;8.0;0;1;-0.6974731199781783;89.0;1.0;0.5282101167315175
MM;19.0;0;1;-0.609234573418944;79.0;1.0;0.5123765772579482
MM;21.0;0;1;-0.6022948079582562;79.0;1.0;0.4933020175811395
MM;25.0;0;1;-0.6963174199001649;88.0;1.0;0.5716633407676958
MN;1.0;0;1;-1.5310079173161562;85.0;1.0;0.3622297395472005
MN;19.0;0;1;-0.609234573418944;79.0;1.0;0.2499636167817809
MO;1.0;0;1;-1.5310079173161562;85.0;1.0;0.2259928906024569
MO;10.0;0;1;-0.5355804874514646;45.0;1.0;0.1479880195770139
MO;11.0;0;1;-0.4593823573642202;70.0;1.0;0.1289733320489815
MT;10.0;0;1;-0.5355804874514646;45.0;1.0;0.2119591198695552
MT;11.0;0;1;-0.4593823573642202;70.0;1.0;0.2073125645566203
MT;18.0;0;1;-0.0693373471202559;78.0;1.0;0.2298341140218405
MT;19.0;0;1;-0.609234573418944;79.0;1.0;0.3089358175036504
MU;1.0;0;1;-1.5310079173161562;85.0;1.0;0.303400191139243
MU;10.0;0;1;-0.5355804874514646;45.0;1.0;0.1741964599859885
MU;11.0;0;1;-0.4593823573642202;70.0;1.0;0.1561033284118101
MU;25.0;0;1;-0.6963174199001649;88.0;1.0;0.2099894353797394
MV;1.0;0;1;-1.5310079173161562;85.0;1.0;0.1362368489447435
MW;1.0;0;1;-1.5310079173161562;85.0;1.0;0.1362368489447435
MX;1.0;0;1;-1.5310079173161562;85.0;1.0;0.6260772047011249
MX;4.0;0;1;1.5486534289849945;32.0;1.0;0.3774301794900107
MX;5.0;0;1;-0.4200124488780521;50.0;1.0;0.5407656528785975
MX;8.0;0;1;-0.6974731199781783;89.0;1.0;0.5544747081712063
MX;9.0;0;1;1.6229599702141266;36.0;1.0;0.3720371613396813
MX;15.0;0;1;-0.2855043385199975;64.0;1.0;0.5758088012250169
MX;17.0;0;1;0.620670340877194;35.0;1.0;0.5243523114435342
MX;19.0;0;1;-0.609234573418944;79.0;1.0;0.5357442966043636
MX;26.0;0;1;1.4631831505099593;37.0;1.0;0.3762046319730192
MX;27.0;0;1;1.1628686697451447;39.0;1.0;0.3993804993486834
MX;36.0;0;1;1.989139957713472;20.0;1.0;0.3063378095190592
MX;38.0;0;1;1.0508612525067018;33.0;1.0;0.4525869993317328
MX;44.0;0;1;1.9913303742576696;20.0;1.0;0.31314741330556
MX;50.0;0;1;1.3862523463271288;30.0;1.0;0.389838680391544
MY;4.0;1;0;1.5486534289849945;32.0;0.0;0.285684948286444
MY;5.0;0;1;-0.4200124488780521;50.0;1.0;0.4919861122404058
MY;8.0;0;1;-0.6974731199781783;89.0;1.0;0.4980544747081712
MY;17.0;0;1;0.620670340877194;35.0;1.0;0.417094562427532
MY;18.0;0;1;-0.0693373471202559;78.0;1.0;0.4856092518205324
MY;21.0;0;1;-0.6022948079582562;79.0;1.0;0.5078502170517927
MY;24.0;0;1;1.4298958491314566;40.0;1.0;0.3145988142674859
MY;25.0;0;1;-0.6963174199001649;88.0;1.0;0.5580819344993544
MY;34.0;0;1;1.8229487376342035;33.0;1.0;0.2685359805994952
MY;39.0;0;1;1.7491188857965394;31.0;1.0;0.2777151740775256
MY;42.0;0;1;1.7024775051477614;33.0;1.0;0.278246943495899
MZ;1.0;0;1;-1.5310079173161562;85.0;1.0;0.2136441494815296
MZ;25.0;0;1;-0.6963174199001649;88.0;1.0;0.144171851156239
NG;1.0;0;1;-1.5310079173161562;85.0;1.0;0.6570036979508808
NG;5.0;0;1;-0.4200124488780521;50.0;1.0;0.4930458419130845
NG;8.0;0;1;-0.6974731199781783;89.0;1.0;0.5437743190661478
NG;18.0;1;0;-0.0693373471202559;78.0;0.0;0.4391172939425679
NG;19.0;0;1;-0.609234573418944;79.0;1.0;0.529486171038371
NG;21.0;0;1;-0.6022948079582562;79.0;1.0;0.5038802635606564
NG;25.0;1;0;-0.6963174199001649;88.0;0.0;0.5967367061861722
NG;38.0;0;1;1.0508612525067018;33.0;1.0;0.2232412053574402
NG;40.0;1;0;1.1181887107583768;28.0;0.0;0.1877252911988809
NG;54.0;0;1;1.0289466672147716;42.0;1.0;0.2251176194002352
NI;1.0;0;1;-1.5310079173161562;85.0;1.0;0.477491614635454
NI;8.0;0;1;-0.6974731199781783;89.0;1.0;0.3715953307392995
NI;18.0;0;1;-0.0693373471202559;78.0;1.0;0.2612649824653314
NI;19.0;0;1;-0.609234573418944;79.0;1.0;0.3541128347890366
NI;25.0;0;1;-0.6963174199001649;88.0;1.0;0.3909261650428455
NL;2.0;0;1;1.0484893605030807;36.0;1.0;0.8804822287920852
NL;3.0;0;1;1.4108308443018556;38.0;1.0;0.8889919393147345
NL;4.0;0;1;1.5486534289849945;32.0;1.0;0.8697716124940432
NL;6.0;0;1;2.1347440517677327;11.0;1.0;0.936756235708214
NL;7.0;0;1;1.9386150162506528;27.0;1.0;0.9139960825996356
NL;8.0;0;1;-0.6974731199781783;89.0;1.0;0.5194552529182878
NL;9.0;0;1;1.6229599702141266;36.0;1.0;0.8775369038872284
NL;11.0;0;1;-0.4593823573642202;70.0;1.0;0.7704844314450742
NL;12.0;0;1;1.8350581991636397;24.0;1.0;0.9279860791942036
NL;13.0;0;1;2.1617820457182293;14.0;1.0;0.948083430951568
NL;14.0;0;1;1.8929594941972712;30.0;1.0;0.9099719490231474
NL;16.0;0;1;1.6264851572309549;31.0;1.0;0.907060799913503
NL;20.0;0;1;1.6938870086519855;27.0;1.0;0.9086506022667626
NL;22.0;0;1;1.8127917131459672;26.0;1.0;0.904338747270536
NL;23.0;0;1;2.162942514139182;12.0;1.0;0.9441727220657042
NL;24.0;0;1;1.4298958491314566;40.0;1.0;0.8698990300343262
NL;26.0;0;1;1.4631831505099593;37.0;1.0;0.881230983352953
NL;27.0;0;1;1.1628686697451447;39.0;1.0;0.8576304789014707
NL;28.0;0;1;1.9259977411386708;28.0;1.0;0.9084583868331568
NL;29.0;0;1;1.8636303512102144;31.0;1.0;0.9114878553749722
NL;30.0;0;1;2.3540840402260086;9.0;1.0;0.9479119015914416
NL;32.0;0;1;2.055984083255801;23.0;1.0;0.9290951381278642
NL;33.0;0;1;2.0369102602569615;27.0;1.0;0.9218023805864524
NL;34.0;0;1;1.8229487376342035;33.0;1.0;0.9068780704318332
NL;35.0;0;1;2.1412832840966773;19.0;1.0;0.9406849573692682
NL;36.0;0;1;1.989139957713472;20.0;1.0;0.9315515199907356
NL;37.0;0;1;2.0447321560615355;14.0;1.0;0.9304209593755862
NL;39.0;0;1;1.7491188857965394;31.0;1.0;0.8966306984415849
NL;41.0;0;1;1.7318867513913807;36.0;1.0;0.8896067028296322
NL;42.0;0;1;1.7024775051477614;33.0;1.0;0.8946847492085697
NL;43.0;0;1;2.0510470006348864;24.0;1.0;0.9281993852104342
NL;44.0;0;1;1.9913303742576696;20.0;1.0;0.9290959334677554
NL;45.0;0;1;1.760995826961374;32.0;1.0;0.905281407192848
NL;46.0;0;1;2.057657732888033;17.0;1.0;0.9440572459007716
NL;47.0;0;1;2.1575835642704217;15.0;1.0;0.9414232731275396
NL;50.0;0;1;1.3862523463271288;30.0;1.0;0.8698106825192528
NL;51.0;0;1;2.079039435317168;18.0;1.0;0.9345111951938492
NL;52.0;0;1;2.105844263934367;19.0;1.0;0.9416867910739842
NL;53.0;0;1;2.304074640670618;13.0;1.0;0.9560843973640288
NL;55.0;0;1;2.1836144599760616;16.0;1.0;0.9449050774283648
NL;56.0;0;1;2.169925928745079;14.0;1.0;0.9366718148006172
NL;57.0;0;1;1.449350971118556;22.0;1.0;0.912748815089554
NL;59.0;0;1;1.7902655150686788;23.0;1.0;0.9247009755388595
NO;3.0;0;1;1.4108308443018556;38.0;1.0;0.6260888355564711
NO;7.0;0;1;1.9386150162506528;27.0;1.0;0.6265411212899166
NO;9.0;0;1;1.6229599702141266;36.0;1.0;0.6537827904969611
NO;11.0;0;1;-0.4593823573642202;70.0;1.0;0.5530464665154036
NO;12.0;0;1;1.8350581991636397;24.0;1.0;0.6256217041347466
NO;14.0;0;1;1.8929594941972712;30.0;1.0;0.6260370379905008
NO;16.0;0;1;1.6264851572309549;31.0;1.0;0.6399346062672271
NO;18.0;0;1;-0.0693373471202559;78.0;1.0;0.5149521537503667
NO;20.0;0;1;1.6938870086519855;27.0;1.0;0.6176808010714826
NO;22.0;0;1;1.8127917131459672;26.0;1.0;0.568271171191189
NO;24.0;0;1;1.4298958491314566;40.0;1.0;0.6607557212634065
NO;26.0;0;1;1.4631831505099593;37.0;1.0;0.6514939215861255
NO;27.0;0;1;1.1628686697451447;39.0;1.0;0.6461457577473521
NO;28.0;0;1;1.9259977411386708;28.0;1.0;0.6092460522814424
NO;29.0;0;1;1.8636303512102144;31.0;1.0;0.6600619675258672
NO;32.0;0;1;2.055984083255801;23.0;1.0;0.5684289775521857
NO;33.0;0;1;2.0369102602569615;27.0;1.0;0.6325734791403601
NO;34.0;0;1;1.8229487376342035;33.0;1.0;0.658368199669772
NO;39.0;0;1;1.7491188857965394;31.0;1.0;0.6504536897092316
NO;41.0;0;1;1.7318867513913807;36.0;1.0;0.6500818753081697
NO;42.0;0;1;1.7024775051477614;33.0;1.0;0.6648066976980623
NO;43.0;0;1;2.0510470006348864;24.0;1.0;0.6308703503088623
NO;45.0;0;1;1.760995826961374;32.0;1.0;0.6513674728476199
NO;52.0;0;1;2.105844263934367;19.0;1.0;0.5122060256041946
NO;55.0;0;1;2.1836144599760616;16.0;1.0;0.4837992106330974
NP;1.0;0;1;-1.5310079173161562;85.0;1.0;0.5736588021258613
NP;5.0;0;1;-0.4200124488780521;50.0;1.0;0.437458837437638
NP;8.0;0;1;-0.6974731199781783;89.0;1.0;0.4737354085603112
NP;18.0;0;1;-0.0693373471202559;78.0;1.0;0.3778802844523545
NP;21.0;0;1;-0.6022948079582562;79.0;1.0;0.460509455044637
NP;25.0;0;1;-0.6963174199001649;88.0;1.0;0.5319638455217749
NP;40.0;1;0;1.1181887107583768;28.0;0.0;0.1617477310752652
NZ;4.0;0;1;1.5486534289849945;32.0;1.0;0.4453325640915814
NZ;9.0;0;1;1.6229599702141266;36.0;1.0;0.4786936461334514
NZ;12.0;0;1;1.8350581991636397;24.0;1.0;0.4157787074737581
NZ;16.0;0;1;1.6264851572309549;31.0;1.0;0.4295387681680017
NZ;18.0;0;1;-0.0693373471202559;78.0;1.0;0.4666848231005125
NZ;21.0;0;1;-0.6022948079582562;79.0;1.0;0.4062046456134495
NZ;24.0;0;1;1.4298958491314566;40.0;1.0;0.4925874361575732
NZ;26.0;0;1;1.4631831505099593;37.0;1.0;0.4735755065646783
NZ;27.0;0;1;1.1628686697451447;39.0;1.0;0.4860936823638117
NZ;29.0;0;1;1.8636303512102144;31.0;1.0;0.4563474279174278
NZ;34.0;0;1;1.8229487376342035;33.0;1.0;0.4576177869182219
NZ;39.0;0;1;1.7491188857965394;31.0;1.0;0.4689203526505752
NZ;41.0;0;1;1.7318867513913807;36.0;1.0;0.4638767023059046
NZ;42.0;0;1;1.7024775051477614;33.0;1.0;0.4720352086385181
NZ;43.0;0;1;2.0510470006348864;24.0;1.0;0.4111464094704457
NZ;45.0;0;1;1.760995826961374;32.0;1.0;0.4540142409099352
NZ;54.0;0;1;1.0289466672147716;42.0;1.0;0.5040642027205757
OM;1.0;0;1;-1.5310079173161562;85.0;1.0;0.2259928906024569
OM;10.0;0;1;-0.5355804874514646;45.0;1.0;0.1479880195770139
OM;11.0;0;1;-0.4593823573642202;70.0;1.0;0.1289733320489815
PA;1.0;0;1;-1.5310079173161562;85.0;1.0;0.5207668490061372
PA;8.0;0;1;-0.6974731199781783;89.0;1.0;0.3939688715953307
PA;10.0;0;1;-0.5355804874514646;45.0;1.0;0.2425193512274918
PA;19.0;0;1;-0.609234573418944;79.0;1.0;0.3797772254596708
PA;25.0;0;1;-0.6963174199001649;88.0;1.0;0.4264467660523535
PE;1.0;0;1;-1.5310079173161562;85.0;1.0;0.6537981250345339
PE;4.0;1;0;1.5486534289849945;32.0;0.0;0.2314608064424162
PE;5.0;0;1;-0.4200124488780521;50.0;1.0;0.5118671986523189
PE;8.0;0;1;-0.6974731199781783;89.0;1.0;0.5632295719844359
PE;15.0;0;1;-0.2855043385199975;64.0;1.0;0.5626989975416198
PE;17.0;0;1;0.620670340877194;35.0;1.0;0.4185140410977094
PE;18.0;0;1;-0.0693373471202559;78.0;1.0;0.4953341432609527
PE;19.0;0;1;-0.609234573418944;79.0;1.0;0.536971618317306
PE;25.0;0;1;-0.6963174199001649;88.0;1.0;0.5904683648315531
PE;26.0;1;0;1.4631831505099593;37.0;0.0;0.2310866505569789
PE;38.0;0;1;1.0508612525067018;33.0;1.0;0.3302259424138352
PH;1.0;0;1;-1.5310079173161562;85.0;1.0;0.6810454948234826
PH;5.0;0;1;-0.4200124488780521;50.0;1.0;0.5155176884984676
PH;8.0;0;1;-0.6974731199781783;89.0;1.0;0.5680933852140079
PH;17.0;0;1;0.620670340877194;35.0;1.0;0.3383054245782621
PH;18.0;0;1;-0.0693373471202559;78.0;1.0;0.4700320887646311
PH;19.0;0;1;-0.609234573418944;79.0;1.0;0.5519425128751759
PH;21.0;0;1;-0.6022948079582562;79.0;1.0;0.5218632817258352
PH;25.0;0;1;-0.6963174199001649;88.0;1.0;0.6228547951637518
PH;40.0;1;0;1.1181887107583768;28.0;0.0;0.2102425595558955
PH;54.0;1;0;1.0289466672147716;42.0;0.0;0.2586830690549281
PK;1.0;0;1;-1.5310079173161562;85.0;1.0;0.5848783073330756
PK;5.0;0;1;-0.4200124488780521;50.0;1.0;0.4806246946443706
PK;8.0;0;1;-0.6974731199781783;89.0;1.0;0.4922178988326849
PK;15.0;1;0;-0.2855043385199975;64.0;0.0;0.51032107850321
PK;17.0;0;1;0.620670340877194;35.0;1.0;0.4328110107386134
PK;18.0;0;1;-0.0693373471202559;78.0;1.0;0.4605955293325078
PK;25.0;1;0;-0.6963174199001649;88.0;0.0;0.5288296748444655
PK;38.0;0;1;1.0508612525067018;33.0;1.0;0.3504877046734335
PK;40.0;0;1;1.1181887107583768;28.0;1.0;0.2907787165585646
PK;54.0;0;1;1.0289466672147716;42.0;1.0;0.3518681623322646
PL;2.0;0;1;1.0484893605030807;36.0;1.0;0.6715122674877427
PL;3.0;0;1;1.4108308443018556;38.0;1.0;0.6740337250565026
PL;4.0;0;1;1.5486534289849945;32.0;1.0;0.6643275291216494
PL;7.0;0;1;1.9386150162506528;27.0;1.0;0.6887334281349151
PL;12.0;0;1;1.8350581991636397;24.0;1.0;0.6923617230728836
PL;13.0;0;1;2.1617820457182293;14.0;1.0;0.704562279136844
PL;16.0;0;1;1.6264851572309549;31.0;1.0;0.6845554944666538
PL;18.0;0;1;-0.0693373471202559;78.0;1.0;0.5214258124129253
PL;19.0;0;1;-0.609234573418944;79.0;1.0;0.4662364305165233
PL;20.0;0;1;1.6938870086519855;27.0;1.0;0.7096702052563032
PL;22.0;0;1;1.8127917131459672;26.0;1.0;0.6980637751100813
PL;23.0;0;1;2.162942514139182;12.0;1.0;0.6982822292479447
PL;24.0;1;0;1.4298958491314566;40.0;0.0;0.659379986277776
PL;28.0;0;1;1.9259977411386708;28.0;1.0;0.6868911728758502
PL;32.0;1;0;2.055984083255801;23.0;0.0;0.6891228385269547
PL;34.0;1;0;1.8229487376342035;33.0;0.0;0.6820274222067466
PL;35.0;0;1;2.1412832840966773;19.0;1.0;0.7054368111492252
PL;36.0;0;1;1.989139957713472;20.0;1.0;0.7068386478365419
PL;39.0;0;1;1.7491188857965394;31.0;1.0;0.6699492320256436
PL;41.0;0;1;1.7318867513913807;36.0;1.0;0.6734127143733922
PL;44.0;0;1;1.9913303742576696;20.0;1.0;0.7060407251216076
PL;45.0;0;1;1.760995826961374;32.0;1.0;0.6873071403040109
PL;46.0;0;1;2.057657732888033;17.0;1.0;0.7186822550033377
PL;47.0;0;1;2.1575835642704217;15.0;1.0;0.7009492957475055
PL;50.0;0;1;1.3862523463271288;30.0;1.0;0.6816468698517532
PL;52.0;0;1;2.105844263934367;19.0;1.0;0.7067637557411743
PL;53.0;0;1;2.304074640670618;13.0;1.0;0.7139915034656331
PL;56.0;0;1;2.169925928745079;14.0;1.0;0.6977738102132559
PL;57.0;0;1;1.449350971118556;22.0;1.0;0.7148581584483508
PL;59.0;0;1;1.7902655150686788;23.0;1.0;0.7084991074145172
PR;2.0;0;1;1.0484893605030807;36.0;1.0;0.105868820400161
PR;10.0;0;1;-0.5355804874514646;45.0;1.0;0.228188034130452
PR;11.0;0;1;-0.4593823573642202;70.0;1.0;0.2140299500196773
PR;19.0;0;1;-0.609234573418944;79.0;1.0;0.2878130175350253
PS;5.0;0;1;-0.4200124488780521;50.0;1.0;0.3313755336961018
PS;8.0;0;1;-0.6974731199781783;89.0;1.0;0.414396887159533
PS;21.0;0;1;-0.6022948079582562;79.0;1.0;0.388577382383922
PS;25.0;0;1;-0.6963174199001649;88.0;1.0;0.4442070665571077
PT;3.0;0;1;1.4108308443018556;38.0;1.0;0.5428252804678722
PT;4.0;0;1;1.5486534289849945;32.0;1.0;0.5774500300691054
PT;9.0;0;1;1.6229599702141266;36.0;1.0;0.5949808632955406
PT;15.0;0;1;-0.2855043385199975;64.0;1.0;0.6497184987109152
PT;18.0;0;1;-0.0693373471202559;78.0;1.0;0.6440835515697154
PT;21.0;0;1;-0.6022948079582562;79.0;1.0;0.6018420925641745
PT;24.0;0;1;1.4298958491314566;40.0;1.0;0.6058436289426398
PT;26.0;0;1;1.4631831505099593;37.0;1.0;0.5832441964543149
PT;27.0;0;1;1.1628686697451447;39.0;1.0;0.6052778315891768
PT;28.0;0;1;1.9259977411386708;28.0;1.0;0.5288735867186173
PT;29.0;0;1;1.8636303512102144;31.0;1.0;0.5666947575073852
PT;33.0;0;1;2.0369102602569615;27.0;1.0;0.5271360791801549
PT;34.0;0;1;1.8229487376342035;33.0;1.0;0.5668674010746455
PT;38.0;0;1;1.0508612525067018;33.0;1.0;0.6023948328589189
PT;39.0;0;1;1.7491188857965394;31.0;1.0;0.5814149051953666
PT;41.0;0;1;1.7318867513913807;36.0;1.0;0.5770445398893587
PT;42.0;0;1;1.7024775051477614;33.0;1.0;0.5816453080846943
PT;43.0;0;1;2.0510470006348864;24.0;1.0;0.5190260450475839
PT;44.0;0;1;1.9913303742576696;20.0;1.0;0.3901390496228168
PT;45.0;0;1;1.760995826961374;32.0;1.0;0.5668640818905115
PT;54.0;0;1;1.0289466672147716;42.0;1.0;0.6340548523601535
PY;1.0;0;1;-1.5310079173161562;85.0;1.0;0.5207668490061372
PY;8.0;0;1;-0.6974731199781783;89.0;1.0;0.3939688715953307
PY;10.0;0;1;-0.5355804874514646;45.0;1.0;0.2425193512274918
PY;11.0;0;1;-0.4593823573642202;70.0;1.0;0.248162637686433
PY;19.0;0;1;-0.609234573418944;79.0;1.0;0.3797772254596708
PY;21.0;0;1;-0.6022948079582562;79.0;1.0;0.3737678380125983
PY;25.0;0;1;-0.6963174199001649;88.0;1.0;0.4264467660523535
QA;1.0;0;1;-1.5310079173161562;85.0;1.0;0.2885015624712216
QA;10.0;0;1;-0.5355804874514646;45.0;1.0;0.1761395812459667
QA;11.0;0;1;-0.4593823573642202;70.0;1.0;0.1609209878020991
RE;1.0;0;1;-1.5310079173161562;85.0;1.0;0.2686558245284447
RE;11.0;0;1;-0.4593823573642202;70.0;1.0;0.1237834838110255
RO;2.0;0;1;1.0484893605030807;36.0;1.0;0.5494717041183613
RO;3.0;0;1;1.4108308443018556;38.0;1.0;0.5439555620474084
RO;4.0;0;1;1.5486534289849945;32.0;1.0;0.5665905283795675
RO;7.0;0;1;1.9386150162506528;27.0;1.0;0.5394253916441564
RO;9.0;0;1;1.6229599702141266;36.0;1.0;0.5935708464953292
RO;14.0;0;1;1.8929594941972712;30.0;1.0;0.5506216638055406
RO;15.0;0;1;-0.2855043385199975;64.0;1.0;0.571916321326075
RO;16.0;1;0;1.6264851572309549;31.0;0.0;0.5476344168201889
RO;17.0;0;1;0.620670340877194;35.0;1.0;0.6892123901285108
RO;18.0;0;1;-0.0693373471202559;78.0;1.0;0.5960733783451441
RO;20.0;0;1;1.6938870086519855;27.0;1.0;0.546728268351569
RO;24.0;0;1;1.4298958491314566;40.0;1.0;0.5982122914461004
RO;25.0;0;1;-0.6963174199001649;88.0;1.0;0.5181828853151779
RO;29.0;0;1;1.8636303512102144;31.0;1.0;0.5669945842371835
RO;33.0;0;1;2.0369102602569615;27.0;1.0;0.5349794348205371
RO;34.0;0;1;1.8229487376342035;33.0;1.0;0.5791859747609251
RO;38.0;0;1;1.0508612525067018;33.0;1.0;0.6251574674669913
RO;39.0;0;1;1.7491188857965394;31.0;1.0;0.577069310879204
RO;41.0;0;1;1.7318867513913807;36.0;1.0;0.5806458133163501
RO;42.0;0;1;1.7024775051477614;33.0;1.0;0.5898502861952848
RS;8.0;0;1;-0.6974731199781783;89.0;1.0;0.5029182879377432
RS;15.0;0;1;-0.2855043385199975;64.0;1.0;0.4912446621501314
RS;17.0;0;1;0.620670340877194;35.0;1.0;0.3824284286599684
RS;18.0;0;1;-0.0693373471202559;78.0;1.0;0.4608862290306537
RS;19.0;0;1;-0.609234573418944;79.0;1.0;0.4760186904745495
RS;24.0;0;1;1.4298958491314566;40.0;1.0;0.2879739902244735
RS;25.0;0;1;-0.6963174199001649;88.0;1.0;0.5309191219626717
RS;29.0;0;1;1.8636303512102144;31.0;1.0;0.243463745037662
RS;34.0;0;1;1.8229487376342035;33.0;1.0;0.2531414219762627
RS;41.0;0;1;1.7318867513913807;36.0;1.0;0.2599704020007306
RS;45.0;0;1;1.760995826961374;32.0;1.0;0.2526879056405712
RU;2.0;0;1;1.0484893605030807;36.0;1.0;0.5515334827350337
RU;3.0;0;1;1.4108308443018556;38.0;1.0;0.5467971604708761
RU;4.0;0;1;1.5486534289849945;32.0;1.0;0.5336789899662459
RU;10.0;0;1;-0.5355804874514646;45.0;1.0;0.5303330609776288
RU;14.0;1;0;1.8929594941972712;30.0;0.0;0.5504728090979458
RU;16.0;0;1;1.6264851572309549;31.0;1.0;0.541182815948043
RU;18.0;0;1;-0.0693373471202559;78.0;1.0;0.4483389586153143
RU;20.0;0;1;1.6938870086519855;27.0;1.0;0.5704560265572929
RU;22.0;0;1;1.8127917131459672;26.0;1.0;0.5807286965912788
RU;23.0;0;1;2.162942514139182;12.0;1.0;0.6356810706408142
RU;28.0;1;0;1.9259977411386708;28.0;0.0;0.5555952767922734
RU;30.0;0;1;2.3540840402260086;9.0;1.0;0.640083971179569
RU;31.0;1;0;1.9934471830725575;15.0;0.0;0.619586456807089
RU;38.0;0;1;1.0508612525067018;33.0;1.0;0.5299140505714983
RU;44.0;0;1;1.9913303742576696;20.0;1.0;0.610220703926667
RU;45.0;1;0;1.760995826961374;32.0;0.0;0.5322118763640715
RU;47.0;0;1;2.1575835642704217;15.0;1.0;0.6300214300108368
RU;50.0;0;1;1.3862523463271288;30.0;1.0;0.5683474056613355
RU;53.0;0;1;2.304074640670618;13.0;1.0;0.6265851656621655
RU;59.0;0;1;1.7902655150686788;23.0;1.0;0.589196007613742
RW;1.0;0;1;-1.5310079173161562;85.0;1.0;0.5207668490061372
RW;8.0;0;1;-0.6974731199781783;89.0;1.0;0.3939688715953307
RW;11.0;0;1;-0.4593823573642202;70.0;1.0;0.248162637686433
RW;19.0;0;1;-0.609234573418944;79.0;1.0;0.3797772254596708
RW;21.0;0;1;-0.6022948079582562;79.0;1.0;0.3737678380125983
RW;25.0;0;1;-0.6963174199001649;88.0;1.0;0.4264467660523535
SA;5.0;0;1;-0.4200124488780521;50.0;1.0;0.4109269513431312
SA;8.0;0;1;-0.6974731199781783;89.0;1.0;0.4620622568093385
SA;10.0;0;1;-0.5355804874514646;45.0;1.0;0.2815034539445581
SA;11.0;1;0;-0.4593823573642202;70.0;0.0;0.2785395062562316
SA;18.0;0;1;-0.0693373471202559;78.0;1.0;0.3601835128281618
SA;21.0;0;1;-0.6022948079582562;79.0;1.0;0.4496698641644497
SA;25.0;0;1;-0.6963174199001649;88.0;1.0;0.5027115858668858
SD;1.0;1;0;-1.5310079173161562;85.0;0.0;0.3071226995246076
SD;8.0;0;1;-0.6974731199781783;89.0;1.0;0.1974708171206226
SD;10.0;1;0;-0.5355804874514646;45.0;0.0;0.1683489909380792
SD;11.0;0;1;-0.4593823573642202;70.0;1.0;0.1588642301283484
SE;2.0;0;1;1.0484893605030807;36.0;1.0;0.8254810927941265
SE;3.0;0;1;1.4108308443018556;38.0;1.0;0.8383757832010373
SE;4.0;0;1;1.5486534289849945;32.0;1.0;0.8514331478940886
SE;7.0;0;1;1.9386150162506528;27.0;1.0;0.8633484633984261
SE;9.0;0;1;1.6229599702141266;36.0;1.0;0.8686211891880063
SE;11.0;0;1;-0.4593823573642202;70.0;1.0;0.710909824943357
SE;13.0;0;1;2.1617820457182293;14.0;1.0;0.7742176075619549
SE;14.0;0;1;1.8929594941972712;30.0;1.0;0.8564397200685504
SE;16.0;0;1;1.6264851572309549;31.0;1.0;0.8468756941579477
SE;17.0;0;1;0.620670340877194;35.0;1.0;0.8461932469148926
SE;18.0;0;1;-0.0693373471202559;78.0;1.0;0.6624598890442108
SE;20.0;0;1;1.6938870086519855;27.0;1.0;0.8645069751701878
SE;22.0;0;1;1.8127917131459672;26.0;1.0;0.8470779973564567
SE;24.0;0;1;1.4298958491314566;40.0;1.0;0.8517211047343637
SE;26.0;0;1;1.4631831505099593;37.0;1.0;0.8558024644914886
SE;27.0;0;1;1.1628686697451447;39.0;1.0;0.8452422253484253
SE;28.0;0;1;1.9259977411386708;28.0;1.0;0.8585641417033867
SE;29.0;0;1;1.8636303512102144;31.0;1.0;0.8687523800422288
SE;32.0;0;1;2.055984083255801;23.0;1.0;0.8419593727405792
SE;33.0;0;1;2.0369102602569615;27.0;1.0;0.8615684893288585
SE;34.0;0;1;1.8229487376342035;33.0;1.0;0.8639143753756469
SE;35.0;0;1;2.1412832840966773;19.0;1.0;0.8059757762752854
SE;36.0;0;1;1.989139957713472;20.0;1.0;0.8038249684007555
SE;37.0;0;1;2.0447321560615355;14.0;1.0;0.7509910737582279
SE;39.0;0;1;1.7491188857965394;31.0;1.0;0.8634895772004063
SE;40.0;0;1;1.1181887107583768;28.0;1.0;0.8278705852684406
SE;41.0;0;1;1.7318867513913807;36.0;1.0;0.8705588723764666
SE;42.0;0;1;1.7024775051477614;33.0;1.0;0.866449553212947
SE;43.0;0;1;2.0510470006348864;24.0;1.0;0.8584454631017642
SE;44.0;0;1;1.9913303742576696;20.0;1.0;0.8078937944416041
SE;45.0;0;1;1.760995826961374;32.0;1.0;0.8602325954662231
SE;50.0;0;1;1.3862523463271288;30.0;1.0;0.8471411130249231
SE;51.0;0;1;2.079039435317168;18.0;1.0;0.8084929365371529
SE;52.0;0;1;2.105844263934367;19.0;1.0;0.8108806146642596
SE;53.0;0;1;2.304074640670618;13.0;1.0;0.7719578042906267
SE;55.0;0;1;2.1836144599760616;16.0;1.0;0.7927409785380196
SE;56.0;0;1;2.169925928745079;14.0;1.0;0.7629566479709435
SE;59.0;0;1;1.7902655150686788;23.0;1.0;0.8213729077981646
SG;7.0;0;1;1.9386150162506528;27.0;1.0;0.6248475865531877
SG;9.0;0;1;1.6229599702141266;36.0;1.0;0.6637263820788001
SG;10.0;0;1;-0.5355804874514646;45.0;1.0;0.5636821578796355
SG;11.0;0;1;-0.4593823573642202;70.0;1.0;0.5608421879192531
SG;12.0;0;1;1.8350581991636397;24.0;1.0;0.6086669121644118
SG;14.0;0;1;1.8929594941972712;30.0;1.0;0.6257195117468202
SG;16.0;0;1;1.6264851572309549;31.0;1.0;0.6239473010499456
SG;18.0;1;0;-0.0693373471202559;78.0;0.0;0.5555830269450783
SG;24.0;0;1;1.4298958491314566;40.0;1.0;0.6534547747029876
SG;26.0;0;1;1.4631831505099593;37.0;1.0;0.6524317649887598
SG;27.0;0;1;1.1628686697451447;39.0;1.0;0.6537083367492534
SG;29.0;0;1;1.8636303512102144;31.0;1.0;0.6519406704765984
SG;32.0;0;1;2.055984083255801;23.0;1.0;0.5698387996132698
SG;33.0;0;1;2.0369102602569615;27.0;1.0;0.62860301581608
SG;34.0;0;1;1.8229487376342035;33.0;1.0;0.6459241994650717
SG;38.0;0;1;1.0508612525067018;33.0;1.0;0.6562413318686057
SG;41.0;0;1;1.7318867513913807;36.0;1.0;0.6535302493933988
SG;42.0;0;1;1.7024775051477614;33.0;1.0;0.6603530466461376
SG;43.0;0;1;2.0510470006348864;24.0;1.0;0.6247764891892801
SG;46.0;0;1;2.057657732888033;17.0;1.0;0.5057213166219126
SG;51.0;0;1;2.079039435317168;18.0;1.0;0.5365711875208892
SG;54.0;0;1;1.0289466672147716;42.0;1.0;0.6758458615636656
SI;2.0;0;1;1.0484893605030807;36.0;1.0;0.274795000110221
SI;3.0;0;1;1.4108308443018556;38.0;1.0;0.2537898232818643
SI;5.0;0;1;-0.4200124488780521;50.0;1.0;0.513330302871459
SI;8.0;0;1;-0.6974731199781783;89.0;1.0;0.5865758754863815
SI;11.0;0;1;-0.4593823573642202;70.0;1.0;0.3974365926671585
SI;16.0;0;1;1.6264851572309549;31.0;1.0;0.2234065025251516
SI;18.0;0;1;-0.0693373471202559;78.0;1.0;0.4903163507789731
SI;19.0;0;1;-0.609234573418944;79.0;1.0;0.5746630469688847
SI;21.0;0;1;-0.6022948079582562;79.0;1.0;0.5840135881043145
SI;25.0;0;1;-0.6963174199001649;88.0;1.0;0.6374809249911962
SI;26.0;0;1;1.4631831505099593;37.0;1.0;0.2487861916072974
SI;27.0;0;1;1.1628686697451447;39.0;1.0;0.2744831533976314
SK;3.0;0;1;1.4108308443018556;38.0;1.0;0.297889715027489
SK;8.0;0;1;-0.6974731199781783;89.0;1.0;0.5817120622568093
SK;11.0;0;1;-0.4593823573642202;70.0;1.0;0.4042578488955268
SK;16.0;0;1;1.6264851572309549;31.0;1.0;0.2763302829891785
SK;18.0;0;1;-0.0693373471202559;78.0;1.0;0.5141649067845646
SK;19.0;0;1;-0.609234573418944;79.0;1.0;0.5725243477463318
SK;21.0;0;1;-0.6022948079582562;79.0;1.0;0.5871870618981696
SK;24.0;0;1;1.4298958491314566;40.0;1.0;0.3130764084804185
SK;25.0;0;1;-0.6963174199001649;88.0;1.0;0.6343467543138868
SK;26.0;0;1;1.4631831505099593;37.0;1.0;0.2939770876181667
SK;34.0;0;1;1.8229487376342035;33.0;1.0;0.2762060034027104
SK;42.0;0;1;1.7024775051477614;33.0;1.0;0.2810888792999073
SN;8.0;0;1;-0.6974731199781783;89.0;1.0;0.3891050583657587
SN;19.0;0;1;-0.609234573418944;79.0;1.0;0.3811107673278509
SN;25.0;0;1;-0.6963174199001649;88.0;1.0;0.4128653597840122
SV;5.0;0;1;-0.4200124488780521;50.0;1.0;0.3510392770118323
SV;8.0;0;1;-0.6974731199781783;89.0;1.0;0.394941634241245
SV;18.0;0;1;-0.0693373471202559;78.0;1.0;0.3115807594496776
SV;19.0;0;1;-0.609234573418944;79.0;1.0;0.386457515384233
SV;25.0;0;1;-0.6963174199001649;88.0;1.0;0.4306256602887663
SY;8.0;0;1;-0.6974731199781783;89.0;1.0;0.2743190661478599
SY;25.0;0;1;-0.6963174199001649;88.0;1.0;0.2979457682826623
TG;1.0;1;0;-1.5310079173161562;85.0;0.0;0.1362368489447435
TH;4.0;0;1;1.5486534289849945;32.0;1.0;0.2601837124607547
TH;5.0;0;1;-0.4200124488780521;50.0;1.0;0.5343390452377019
TH;8.0;0;1;-0.6974731199781783;89.0;1.0;0.5603112840466925
TH;17.0;0;1;0.620670340877194;35.0;1.0;0.4490222573566881
TH;18.0;0;1;-0.0693373471202559;78.0;1.0;0.5138830201541905
TH;19.0;0;1;-0.609234573418944;79.0;1.0;0.536971618317306
TH;24.0;0;1;1.4298958491314566;40.0;1.0;0.2639102007353786
TH;38.0;0;1;1.0508612525067018;33.0;1.0;0.3514264268196646
TH;39.0;0;1;1.7491188857965394;31.0;1.0;0.2283672574270477
TH;54.0;0;1;1.0289466672147716;42.0;1.0;0.3628543221649941
TJ;1.0;0;1;-1.5310079173161562;85.0;1.0;0.1362368489447435
TN;1.0;0;1;-1.5310079173161562;85.0;1.0;0.6265507552455851
TN;8.0;0;1;-0.6974731199781783;89.0;1.0;0.532101167315175
TN;18.0;0;1;-0.0693373471202559;78.0;1.0;0.4391172939425679
TN;19.0;0;1;-0.609234573418944;79.0;1.0;0.514515276480501
TN;20.0;0;1;1.6938870086519855;27.0;1.0;0.1698046189651539
TN;21.0;1;0;-0.6022948079582562;79.0;0.0;0.4753189994159607
TN;25.0;0;1;-0.6963174199001649;88.0;1.0;0.5622608287357672
TN;38.0;0;1;1.0508612525067018;33.0;1.0;0.2485992617446403
TN;57.0;0;1;1.449350971118556;22.0;1.0;0.170263634426327
TR;4.0;0;1;1.5486534289849945;32.0;1.0;0.3765058597235468
TR;5.0;0;1;-0.4200124488780521;50.0;1.0;0.4772955107536715
TR;9.0;0;1;1.6229599702141266;36.0;1.0;0.3851158182346068
TR;17.0;0;1;0.620670340877194;35.0;1.0;0.5375872235137336
TR;18.0;0;1;-0.0693373471202559;78.0;1.0;0.4850931781991047
TR;20.0;0;1;1.6938870086519855;27.0;1.0;0.3540329533605472
TR;25.0;0;1;-0.6963174199001649;88.0;1.0;0.4774386665101537
TR;38.0;0;1;1.0508612525067018;33.0;1.0;0.4750346952788662
TR;40.0;0;1;1.1181887107583768;28.0;1.0;0.4062134827169275
TR;41.0;0;1;1.7318867513913807;36.0;1.0;0.3708259048076746
TR;42.0;0;1;1.7024775051477614;33.0;1.0;0.3568661282638233
TR;50.0;0;1;1.3862523463271288;30.0;1.0;0.3825384481325771
TT;1.0;0;1;-1.5310079173161562;85.0;1.0;0.2259928906024569
TT;10.0;0;1;-0.5355804874514646;45.0;1.0;0.1479880195770139
TT;11.0;0;1;-0.4593823573642202;70.0;1.0;0.1289733320489815
TW;2.0;0;1;1.0484893605030807;36.0;1.0;0.5619992931222484
TW;3.0;0;1;1.4108308443018556;38.0;1.0;0.563565275024012
TW;4.0;0;1;1.5486534289849945;32.0;1.0;0.575545003810008
TW;7.0;0;1;1.9386150162506528;27.0;1.0;0.5600539797103616
TW;9.0;0;1;1.6229599702141266;36.0;1.0;0.5968112869244757
TW;10.0;0;1;-0.5355804874514646;45.0;1.0;0.5048468834921417
TW;14.0;0;1;1.8929594941972712;30.0;1.0;0.5590161983833954
TW;17.0;0;1;0.620670340877194;35.0;1.0;0.6540752824884215
TW;20.0;0;1;1.6938870086519855;27.0;1.0;0.5640350360784658
TW;22.0;0;1;1.8127917131459672;26.0;1.0;0.5350321686333279
TW;24.0;0;1;1.4298958491314566;40.0;1.0;0.5903863300850833
TW;26.0;0;1;1.4631831505099593;37.0;1.0;0.5912143580610605
TW;29.0;0;1;1.8636303512102144;31.0;1.0;0.5736579133657111
TW;32.0;0;1;2.055984083255801;23.0;1.0;0.5045390121942142
TW;33.0;0;1;2.0369102602569615;27.0;1.0;0.5515979156768164
TW;34.0;0;1;1.8229487376342035;33.0;1.0;0.5777040481709941
TW;35.0;0;1;2.1412832840966773;19.0;1.0;0.45238869767882
TW;38.0;0;1;1.0508612525067018;33.0;1.0;0.6222475550945493
TW;50.0;0;1;1.3862523463271288;30.0;1.0;0.5595876432774797
TW;51.0;0;1;2.079039435317168;18.0;1.0;0.4807957132369901
TZ;8.0;0;1;-0.6974731199781783;89.0;1.0;0.3764591439688716
TZ;11.0;0;1;-0.4593823573642202;70.0;1.0;0.2020188455533529
TZ;19.0;0;1;-0.609234573418944;79.0;1.0;0.3682785719925338
TZ;21.0;0;1;-0.6022948079582562;79.0;1.0;0.3576391241426525
TZ;25.0;0;1;-0.6963174199001649;88.0;1.0;0.4065970184293931
UA;1.0;0;1;-1.5310079173161562;85.0;1.0;0.5106765797126362
UA;17.0;1;0;0.620670340877194;35.0;0.0;0.3882218343298625
UA;18.0;0;1;-0.0693373471202559;78.0;1.0;0.382414843992053
UA;19.0;0;1;-0.609234573418944;79.0;1.0;0.4170464897526801
UA;20.0;0;1;1.6938870086519855;27.0;1.0;0.3114967367575122
UA;22.0;1;0;1.8127917131459672;26.0;0.0;0.3113457573109038
UA;38.0;0;1;1.0508612525067018;33.0;1.0;0.3631177508395026
UA;50.0;0;1;1.3862523463271288;30.0;1.0;0.3459593564519006
UA;54.0;0;1;1.0289466672147716;42.0;1.0;0.3479452141986486
UA;57.0;0;1;1.449350971118556;22.0;1.0;0.332907533286416
UA;59.0;0;1;1.7902655150686788;23.0;1.0;0.2764258529310071
UG;1.0;0;1;-1.5310079173161562;85.0;1.0;0.5207668490061372
UG;8.0;0;1;-0.6974731199781783;89.0;1.0;0.3939688715953307
UG;11.0;0;1;-0.4593823573642202;70.0;1.0;0.248162637686433
UG;19.0;0;1;-0.609234573418944;79.0;1.0;0.3797772254596708
UG;21.0;0;1;-0.6022948079582562;79.0;1.0;0.3737678380125983
UG;25.0;0;1;-0.6963174199001649;88.0;1.0;0.4264467660523535
US;2.0;0;1;1.0484893605030807;36.0;1.0;0.8315686091621518
US;3.0;0;1;1.4108308443018556;38.0;1.0;0.8347793960326368
US;4.0;0;1;1.5486534289849945;32.0;1.0;0.8097610061195362
US;6.0;0;1;2.1347440517677327;11.0;1.0;0.8978559357498395
US;7.0;0;1;1.9386150162506528;27.0;1.0;0.8417573788642271
US;9.0;0;1;1.6229599702141266;36.0;1.0;0.8098079403128311
US;10.0;0;1;-0.5355804874514646;45.0;1.0;0.7953635396818728
US;11.0;0;1;-0.4593823573642202;70.0;1.0;0.753051885609201
US;12.0;0;1;1.8350581991636397;24.0;1.0;0.8696537977596719
US;13.0;0;1;2.1617820457182293;14.0;1.0;0.9054878566566992
US;14.0;0;1;1.8929594941972712;30.0;1.0;0.8386707279284187
US;16.0;0;1;1.6264851572309549;31.0;1.0;0.8466199864486874
US;21.0;0;1;-0.6022948079582562;79.0;1.0;0.5490109663369281
US;23.0;0;1;2.162942514139182;12.0;1.0;0.9161010206760576
US;24.0;0;1;1.4298958491314566;40.0;1.0;0.8089851875788039
US;26.0;0;1;1.4631831505099593;37.0;1.0;0.8100623405079145
US;27.0;0;1;1.1628686697451447;39.0;1.0;0.7962696631181744
US;28.0;0;1;1.9259977411386708;28.0;1.0;0.8411034385770846
US;29.0;0;1;1.8636303512102144;31.0;1.0;0.8520078930742151
US;30.0;0;1;2.3540840402260086;9.0;1.0;0.9331541447227532
US;31.0;1;0;1.9934471830725575;15.0;0.0;0.9043879261159662
US;32.0;0;1;2.055984083255801;23.0;1.0;0.8699395921338519
US;33.0;0;1;2.0369102602569615;27.0;1.0;0.8573230337370771
US;34.0;0;1;1.8229487376342035;33.0;1.0;0.8401521259732356
US;35.0;0;1;2.1412832840966773;19.0;1.0;0.8810273376168479
US;36.0;0;1;1.989139957713472;20.0;1.0;0.8679357018147513
US;37.0;0;1;2.0447321560615355;14.0;1.0;0.9020949116670378
US;39.0;0;1;1.7491188857965394;31.0;1.0;0.845547585343643
US;40.0;0;1;1.1181887107583768;28.0;1.0;0.7811337383715093
US;41.0;0;1;1.7318867513913807;36.0;1.0;0.8155434914957735
US;42.0;0;1;1.7024775051477614;33.0;1.0;0.838701069578039
US;43.0;0;1;2.0510470006348864;24.0;1.0;0.8734360387682114
US;44.0;0;1;1.9913303742576696;20.0;1.0;0.8693701252148512
US;45.0;0;1;1.760995826961374;32.0;1.0;0.8411901674773556
US;46.0;0;1;2.057657732888033;17.0;1.0;0.8753802366138973
US;47.0;0;1;2.1575835642704217;15.0;1.0;0.9068286195191368
US;48.0;0;1;1.876808858780743;7.0;1.0;0.9307146750267516
US;51.0;0;1;2.079039435317168;18.0;1.0;0.8907541496137346
US;52.0;0;1;2.105844263934367;19.0;1.0;0.8842294417330887
US;53.0;0;1;2.304074640670618;13.0;1.0;0.9128093133882048
US;55.0;0;1;2.1836144599760616;16.0;1.0;0.9053912461066485
US;56.0;0;1;2.169925928745079;14.0;1.0;0.912684943757656
US;59.0;0;1;1.7902655150686788;23.0;1.0;0.849763042974924
UY;5.0;1;0;-0.4200124488780521;50.0;0.0;0.4234429165299268
UY;8.0;0;1;-0.6974731199781783;89.0;1.0;0.4970817120622567
UY;18.0;0;1;-0.0693373471202559;78.0;1.0;0.3834394886798404
UY;19.0;0;1;-0.609234573418944;79.0;1.0;0.4816296307878352
UY;21.0;0;1;-0.6022948079582562;79.0;1.0;0.476115479113242
UY;25.0;0;1;-0.6963174199001649;88.0;1.0;0.5382321868763941
UZ;1.0;0;1;-1.5310079173161562;85.0;1.0;0.5896866667075957
UZ;5.0;0;1;-0.4200124488780521;50.0;1.0;0.4237576482748201
UZ;8.0;0;1;-0.6974731199781783;89.0;1.0;0.5019455252918288
UZ;18.0;0;1;-0.0693373471202559;78.0;1.0;0.3834706632628542
UZ;19.0;0;1;-0.609234573418944;79.0;1.0;0.4867121865873138
UZ;21.0;0;1;-0.6022948079582562;79.0;1.0;0.4679142272302989
UZ;25.0;0;1;-0.6963174199001649;88.0;1.0;0.5465899753492195
VE;1.0;0;1;-1.5310079173161562;85.0;1.0;0.4855055469263213
VE;8.0;0;1;-0.6974731199781783;89.0;1.0;0.3900778210116731
VE;19.0;0;1;-0.609234573418944;79.0;1.0;0.3765691766258416
VE;21.0;0;1;-0.6022948079582562;79.0;1.0;0.3568426444453712
VE;25.0;0;1;-0.6963174199001649;88.0;1.0;0.4222678718159408
VN;1.0;0;1;-1.5310079173161562;85.0;1.0;0.7098956510706048
VN;5.0;0;1;-0.4200124488780521;50.0;1.0;0.5436074967301964
VN;8.0;0;1;-0.6974731199781783;89.0;1.0;0.5972762645914398
VN;15.0;0;1;-0.2855043385199975;64.0;1.0;0.5742435184725344
VN;17.0;0;1;0.620670340877194;35.0;1.0;0.384465024484956
VN;18.0;0;1;-0.0693373471202559;78.0;1.0;0.4991803238825764
VN;19.0;0;1;-0.609234573418944;79.0;1.0;0.5818843019909159
VN;25.0;0;1;-0.6963174199001649;88.0;1.0;0.6395703721094026
VN;38.0;0;1;1.0508612525067018;33.0;1.0;0.3119068161680592
VN;40.0;0;1;1.1181887107583768;28.0;1.0;0.2445188458326843
VN;50.0;0;1;1.3862523463271288;30.0;1.0;0.2226944706477071
VN;54.0;0;1;1.0289466672147716;42.0;1.0;0.3042361793005826
YE;1.0;1;0;-1.5310079173161562;85.0;0.0;0.187526015606294
ZA;15.0;0;1;-0.2855043385199975;64.0;1.0;0.4574267806083463
ZA;17.0;0;1;0.620670340877194;35.0;1.0;0.3421129360625819
ZA;18.0;0;1;-0.0693373471202559;78.0;1.0;0.4131803039516987
ZA;21.0;0;1;-0.6022948079582562;79.0;1.0;0.4242820738136091
ZA;24.0;0;1;1.4298958491314566;40.0;1.0;0.2272905751987621
ZA;25.0;0;1;-0.6963174199001649;88.0;1.0;0.4818171146848222
ZA;26.0;1;0;1.4631831505099593;37.0;0.0;0.2173942984725759
ZA;39.0;0;1;1.7491188857965394;31.0;1.0;0.1803542948604719
ZA;54.0;1;0;1.0289466672147716;42.0;0.0;0.2838686173206675
ZM;1.0;0;1;-1.5310079173161562;85.0;1.0;0.187526015606294
ZM;11.0;0;1;-0.4593823573642202;70.0;1.0;0.0938925857316585
ZW;1.0;0;1;-1.5310079173161562;85.0;1.0;0.4470386719301584
ZW;8.0;0;1;-0.6974731199781783;89.0;1.0;0.3268482490272373
ZW;10.0;0;1;-0.5355804874514646;45.0;1.0;0.2227089930160065
ZW;11.0;0;1;-0.4593823573642202;70.0;1.0;0.2179418822442947
ZW;25.0;0;1;-0.6963174199001649;88.0;1.0;0.3564502875924404
