language_1;language_2;proximity;year
ANTLR;NASL;0.8235294117647058;2020
ANTLR;NSIS;0.8333333333333334;2020
ASP.NET;Handlebars;0.6842105263157895;2020
Ada;Crystal;0.6666666666666666;2020
Ada;XS;0.6923076923076923;2020
Apex;Brainfuck;0.8571428571428571;2020
Apex;IDL;0.4285714285714285;2020
Apex;LOLCODE;0.4285714285714285;2020
Apex;Racket;0.7142857142857143;2020
AppleScript;AutoHotkey;0.8;2020
AppleScript;DTrace;0.7777777777777778;2020
AppleScript;Standard ML;0.5555555555555556;2020
Assembly;Batchfile;0.8611111111111112;2020
Assembly;M4;0.875;2020
Assembly;Perl;0.84375;2020
AutoHotkey;D;0.75;2020
AutoHotkey;G-code;0.8;2020
Awk;Haskell;0.7777777777777778;2020
Awk;M4;0.8666666666666667;2020
Awk;Objective-C++;0.925925925925926;2020
Awk;Yacc;0.8888888888888888;2020
Batchfile;CMake;0.8888888888888888;2020
Batchfile;HLSL;0.6944444444444444;2020
Batchfile;Makefile;0.8421052631578947;2020
Batchfile;PowerShell;0.7297297297297297;2020
Blade;Hack;0.8148148148148148;2020
Blade;Kotlin;0.6607142857142857;2020
Blade;Less;0.7037037037037037;2020
Blade;Vue;0.7037037037037037;2020
Brightscript;Factor;1.0;2020
Brightscript;HyPhy;1.0;2020
Brightscript;LOLCODE;0.3333333333333333;2020
Brightscript;Nemerle;1.0;2020
C;C++;0.7837837837837838;2020
C;Makefile;0.868421052631579;2020
C#;TypeScript;0.72;2020
CSS;HTML;0.9051724137931034;2020
CSS;JavaScript;0.9292035398230089;2020
CSS;PHP;0.7685185185185185;2020
Clojure;sed;0.7727272727272727;2020
CoffeeScript;Rebol;0.4210526315789473;2020
CoffeeScript;Starlark;0.4210526315789473;2020
Common Lisp;D;0.8;2020
Common Lisp;Erlang;0.8666666666666667;2020
Common Lisp;Forth;0.8;2020
Common Lisp;Julia;0.8235294117647058;2020
Common Lisp;M;0.8;2020
Common Lisp;Mathematica;0.8;2020
Common Lisp;Meson;0.8;2020
Common Lisp;Scheme;0.8666666666666667;2020
Common Lisp;Svelte;0.8235294117647058;2020
Cuda;GDB;0.6666666666666666;2020
Cuda;Verilog;0.6875;2020
D;OCaml;0.8333333333333334;2020
DIGITAL Command Language;Vim Snippet;0.8571428571428571;2020
DTrace;Haml;0.7777777777777778;2020
DTrace;Pawn;0.8181818181818182;2020
DTrace;Thrift;0.7777777777777778;2020
Dart;Handlebars;0.5405405405405406;2020
Dart;Swift;0.6875;2020
Dockerfile;Makefile;0.7555555555555555;2020
Dockerfile;Shell;0.5394736842105263;2020
Elixir;Julia;0.8421052631578947;2020
Elixir;Mako;0.7142857142857143;2020
Elixir;Prolog;0.8421052631578947;2020
Emacs Lisp;HCL;0.782608695652174;2020
Emacs Lisp;Rust;0.88;2020
Erlang;F#;0.8666666666666667;2020
Erlang;VBScript;0.8666666666666667;2020
Forth;QML;0.7692307692307693;2020
Forth;XS;0.7692307692307693;2020
Fortran;Julia;0.7647058823529411;2020
FreeMarker;SWIG;0.5833333333333334;2020
FreeMarker;Stylus;0.5;2020
G-code;OpenSCAD;0.8888888888888888;2020
G-code;Puppet;0.875;2020
GAP;Inno Setup;0.8461538461538461;2020
GAP;SWIG;0.8461538461538461;2020
GAP;Vim Snippet;0.8571428571428571;2020
GDB;Raku;0.85;2020
GDScript;OpenSCAD;0.7777777777777778;2020
GDScript;PureBasic;0.75;2020
GDScript;VHDL;0.6666666666666666;2020
GLSL;M4;0.8666666666666667;2020
GLSL;TeX;0.7931034482758621;2020
GLSL;Vim Script;0.8275862068965517;2020
Game Maker Language;IDL;0.3333333333333333;2020
Game Maker Language;NCL;1.0;2020
Gherkin;Groovy;0.7142857142857143;2020
Gnuplot;Inno Setup;0.8333333333333334;2020
Gnuplot;Mathematica;0.8461538461538461;2020
Go;Objective-C++;0.6153846153846154;2020
Groovy;PLSQL;0.75;2020
Groovy;PLpgSQL;0.84375;2020
Groovy;Scala;0.8620689655172413;2020
HLSL;ShaderLab;0.8888888888888888;2020
Hack;TSQL;0.7377049180327869;2020
Haml;LLVM;0.875;2020
Haml;Racket;0.7142857142857143;2020
Haml;SourcePawn;0.8571428571428571;2020
Handlebars;Pug;0.6388888888888888;2020
Java;SCSS;0.6111111111111112;2020
Julia;Processing;0.7647058823529411;2020
Julia;Rebol;0.6470588235294118;2020
Jupyter Notebook;R;0.4193548387096774;2020
Kotlin;Objective-C;0.5892857142857143;2020
Kotlin;Swift;0.6964285714285714;2020
Lex;QMake;0.6538461538461539;2020
Lex;Scala;0.8275862068965517;2020
Lua;Roff;0.896551724137931;2020
M4;Roff;0.9;2020
M4;Scala;0.8666666666666667;2020
M4;Smarty;0.9;2020
MATLAB;Objective-C++;0.7692307692307693;2020
Mako;Twig;0.6666666666666666;2020
Meson;Nix;0.8;2020
NASL;PostScript;1.0;2020
NASL;VBScript;0.8666666666666667;2020
NSIS;Raku;0.9;2020
NSIS;SQLPL;0.7272727272727273;2020
Objective-C++;Smalltalk;0.8076923076923077;2020
Objective-C++;Tcl;0.8846153846153846;2020
Objective-C++;sed;0.8076923076923077;2020
PHP;SCSS;0.8315789473684211;2020
PLpgSQL;XSLT;0.84375;2020
Pascal;sed;0.7727272727272727;2020
Processing;Visual Basic .NET;0.7647058823529411;2020
Pug;ShaderLab;0.6060606060606061;2020
Python;Shell;0.5789473684210527;2020
R;TeX;0.6451612903225806;2020
Raku;sed;0.9090909090909092;2020
Ruby;SCSS;0.5333333333333333;2020
Rust;Vim Script;0.8518518518518519;2020
SCSS;TypeScript;0.6777777777777778;2020
SQLPL;Solidity;0.5909090909090909;2020
Sass;Smalltalk;0.6666666666666666;2020
SmPL;XS;0.8461538461538461;2020
TSQL;TypeScript;0.64;2020
HyPhy;Nemerle;1.0;2020
Factor;Nemerle;1.0;2020
Factor;HyPhy;1.0;2020
HTML;JavaScript;0.9051724137931034;2020
Roff;Smarty;0.9;2020
PostScript;VBScript;0.8666666666666667;2020
Lua;Smarty;0.8666666666666667;2020
Roff;Scala;0.8620689655172413;2020
Awk;Roff;0.8620689655172413;2020
Assembly;CMake;0.8571428571428571;2020
Groovy;Tcl;0.8571428571428571;2020
Awk;Tcl;0.8518518518518519;2020
PLpgSQL;Roff;0.84375;2020
PLpgSQL;Scala;0.84375;2020
PLpgSQL;Smarty;0.84375;2020
Assembly;Roff;0.84375;2020
M4;PLpgSQL;0.84375;2020
Assembly;Awk;0.84375;2020
CMake;Makefile;0.8421052631578947;2020
Smarty;XSLT;0.8387096774193549;2020
Roff;XSLT;0.8387096774193549;2020
GDB;NSIS;0.8333333333333334;2020
Lua;M4;0.8333333333333334;2020
M4;Perl;0.8333333333333334;2020
M4;Objective-C++;0.8333333333333334;2020
M4;Yacc;0.8333333333333334;2020
Perl;Roff;0.8333333333333334;2020
CMake;Roff;0.8285714285714286;2020
CMake;M4;0.8285714285714286;2020
CMake;Smarty;0.8285714285714286;2020
Awk;Scala;0.8275862068965517;2020
GLSL;Roff;0.8275862068965517;2020
Groovy;Roff;0.8275862068965517;2020
Objective-C++;Roff;0.8275862068965517;2020
Julia;Svelte;0.8235294117647058;2020
ANTLR;PostScript;0.8235294117647058;2020
Awk;Groovy;0.8214285714285714;2020
GDB;sed;0.8181818181818182;2020
NSIS;sed;0.8181818181818182;2020
Awk;Vim Script;0.8148148148148148;2020
Objective-C++;Vim Script;0.8148148148148148;2020
Objective-C++;Yacc;0.8148148148148148;2020
Emacs Lisp;Vim Script;0.8148148148148148;2020
Lex;Yacc;0.8148148148148148;2020
Assembly;Smarty;0.8125;2020
Lua;PLpgSQL;0.8125;2020
Assembly;Scala;0.8125;2020
Assembly;GLSL;0.8125;2020
Assembly;PLpgSQL;0.8125;2020
Assembly;Lua;0.8125;2020
C;CMake;0.8108108108108109;2020
Perl;XSLT;0.8064516129032258;2020
M4;XSLT;0.8064516129032258;2020
Batchfile;M4;0.8055555555555556;2020
Batchfile;Smarty;0.8055555555555556;2020
Perl;Vim Script;0.8;2020
Common Lisp;PostScript;0.8;2020
Perl;Smarty;0.8;2020
AutoHotkey;OpenSCAD;0.8;2020
Common Lisp;VBScript;0.8;2020
M4;Tcl;0.8;2020
Scala;Smarty;0.8;2020
NASL;SWIG;0.8;2020
Meson;PostScript;0.8;2020
PostScript;SWIG;0.8;2020
Lex;M4;0.8;2020
M4;Vim Script;0.8;2020
DIGITAL Command Language;VBScript;0.8;2020
PostScript;Vim Snippet;0.8;2020
Meson;NASL;0.8;2020
F#;VBScript;0.8;2020
PostScript;Scheme;0.8;2020
Mathematica;Scheme;0.8;2020
GAP;PostScript;0.8;2020
VBScript;Vim Snippet;0.8;2020
Common Lisp;F#;0.8;2020
NASL;Vim Snippet;0.8;2020
M;Scheme;0.8;2020
DIGITAL Command Language;PostScript;0.8;2020
DIGITAL Command Language;Erlang;0.8;2020
GLSL;Perl;0.8;2020
Groovy;M4;0.8;2020
DIGITAL Command Language;NASL;0.8;2020
D;Erlang;0.8;2020
CMake;Perl;0.8;2020
CMake;PLpgSQL;0.8;2020
Common Lisp;NASL;0.8;2020
Groovy;Smarty;0.8;2020
Inno Setup;Meson;0.8;2020
GAP;NASL;0.8;2020
NASL;Scheme;0.8;2020
Objective-C++;Scala;0.7931034482758621;2020
Scala;Yacc;0.7931034482758621;2020
Roff;TeX;0.7931034482758621;2020
GLSL;Scala;0.7931034482758621;2020
Lua;Rust;0.7931034482758621;2020
Lua;Vim Script;0.7931034482758621;2020
Awk;GLSL;0.7931034482758621;2020
Roff;Tcl;0.7931034482758621;2020
Roff;Vim Script;0.7931034482758621;2020
GLSL;Lua;0.7931034482758621;2020
Awk;Lua;0.7931034482758621;2020
Roff;Yacc;0.7931034482758621;2020
Lua;Scala;0.7931034482758621;2020
Assembly;Makefile;0.7894736842105263;2020
Common Lisp;Elixir;0.7894736842105263;2020
Elixir;Svelte;0.7894736842105263;2020
D;F#;0.7857142857142857;2020
M;Mathematica;0.7857142857142857;2020
Gnuplot;Nix;0.7857142857142857;2020
M;SWIG;0.7857142857142857;2020
F#;OCaml;0.7857142857142857;2020
Groovy;Objective-C++;0.7857142857142857;2020
GAP;M;0.7857142857142857;2020
DIGITAL Command Language;GAP;0.7857142857142857;2020
Mathematica;Nix;0.7857142857142857;2020
TeX;Vim Script;0.7857142857142857;2020
Awk;PLpgSQL;0.78125;2020
Assembly;Objective-C++;0.78125;2020
Assembly;Yacc;0.78125;2020
AppleScript;G-code;0.7777777777777778;2020
Batchfile;Roff;0.7777777777777778;2020
DTrace;SourcePawn;0.7777777777777778;2020
Awk;Lex;0.7777777777777778;2020
Common Lisp;Prolog;0.7777777777777778;2020
Batchfile;Perl;0.7777777777777778;2020
Julia;Prolog;0.7777777777777778;2020
DTrace;LLVM;0.7777777777777778;2020
Batchfile;PLpgSQL;0.7777777777777778;2020
AppleScript;Puppet;0.7777777777777778;2020
Awk;Rust;0.7777777777777778;2020
NASL;NSIS;0.7777777777777778;2020
GDB;PostScript;0.7777777777777778;2020
Batchfile;Lua;0.7777777777777778;2020
GDB;NASL;0.7777777777777778;2020
AppleScript;OpenSCAD;0.7777777777777778;2020
ANTLR;GDB;0.7777777777777778;2020
Awk;Emacs Lisp;0.7777777777777778;2020
NSIS;PostScript;0.7777777777777778;2020
Meson;NSIS;0.7777777777777778;2020
OpenSCAD;Puppet;0.7777777777777778;2020
Groovy;XSLT;0.7741935483870968;2020
Lua;XSLT;0.7741935483870968;2020
GLSL;XSLT;0.7741935483870968;2020
Scala;XSLT;0.7741935483870968;2020
CMake;GLSL;0.7714285714285715;2020
CMake;Lua;0.7714285714285715;2020
CMake;XSLT;0.7714285714285715;2020
Inno Setup;Mathematica;0.7692307692307693;2020
Smalltalk;sed;0.7692307692307693;2020
GAP;Gnuplot;0.7692307692307693;2020
GAP;Mathematica;0.7692307692307693;2020
Objective-C++;Rust;0.7692307692307693;2020
Emacs Lisp;Objective-C++;0.7692307692307693;2020
MATLAB;Tcl;0.7692307692307693;2020
Mathematica;SWIG;0.7692307692307693;2020
D;Forth;0.7692307692307693;2020
Smalltalk;Tcl;0.7692307692307693;2020
Lex;Objective-C++;0.7692307692307693;2020
Lex;Tcl;0.7692307692307693;2020
Forth;OCaml;0.7692307692307693;2020
Perl;TeX;0.7666666666666667;2020
Awk;Perl;0.7666666666666667;2020
Lua;Perl;0.7666666666666667;2020
Smarty;Vim Script;0.7666666666666667;2020
GLSL;Smarty;0.7666666666666667;2020
Awk;Smarty;0.7666666666666667;2020
M4;Rust;0.7666666666666667;2020
Objective-C++;Perl;0.7666666666666667;2020
Smarty;TeX;0.7666666666666667;2020
Smarty;Tcl;0.7666666666666667;2020
Scheme;Svelte;0.7647058823529411;2020
Julia;Scheme;0.7647058823529411;2020
Meson;Svelte;0.7647058823529411;2020
Makefile;Perl;0.7631578947368421;2020
Pascal;Raku;0.7619047619047619;2020
Rust;Scala;0.7586206896551724;2020
Lex;Roff;0.7586206896551724;2020
GLSL;Objective-C++;0.7586206896551724;2020
Groovy;Lua;0.7586206896551724;2020
Roff;Rust;0.7586206896551724;2020
Scala;Tcl;0.7586206896551724;2020
Lua;TeX;0.7586206896551724;2020
Lua;Objective-C++;0.7586206896551724;2020
GLSL;Rust;0.7586206896551724;2020
Batchfile;C;0.7567567567567568;2020
Assembly;C;0.7567567567567568;2020
JavaScript;PHP;0.7522123893805309;2020
Batchfile;XSLT;0.75;2020
Inno Setup;OCaml;0.75;2020
Groovy;Rust;0.75;2020
Assembly;Groovy;0.75;2020
G-code;Haml;0.75;2020
AutoHotkey;Inno Setup;0.75;2020
PLpgSQL;Tcl;0.75;2020
G-code;LLVM;0.75;2020
D;Inno Setup;0.75;2020
Objective-C++;PLpgSQL;0.75;2020
G-code;SourcePawn;0.75;2020
Fortran;Mathematica;0.75;2020
GLSL;PLpgSQL;0.75;2020
Assembly;XSLT;0.75;2020
Inno Setup;OpenSCAD;0.75;2020
Assembly;Vim Script;0.75;2020
Assembly;Tcl;0.75;2020
Groovy;Haskell;0.75;2020
Groovy;Lex;0.75;2020
Clojure;GDB;0.75;2020
Common Lisp;Visual Basic .NET;0.75;2020
Gnuplot;SWIG;0.75;2020
Elixir;Raku;0.75;2020
Inno Setup;SWIG;0.75;2020
Awk;Batchfile;0.75;2020
NASL;Raku;0.75;2020
Clojure;Raku;0.75;2020
PostScript;Raku;0.75;2020
ANTLR;Raku;0.75;2020
LLVM;SourcePawn;0.75;2020
OCaml;Pawn;0.75;2020
CMake;Scala;0.7428571428571429;2020
Awk;CMake;0.7428571428571429;2020
Vim Script;XSLT;0.7419354838709677;2020
Awk;XSLT;0.7419354838709677;2020
Awk;sed;0.7407407407407407;2020
Tcl;Vim Script;0.7407407407407407;2020
Haskell;Rust;0.7407407407407407;2020
Awk;Smalltalk;0.7407407407407407;2020
Vim Script;Yacc;0.7407407407407407;2020
Tcl;Yacc;0.7407407407407407;2020
Awk;MATLAB;0.7407407407407407;2020
Haskell;Objective-C++;0.7407407407407407;2020
Elixir;Erlang;0.7368421052631579;2020
Elixir;NSIS;0.7368421052631579;2020
GLSL;Makefile;0.7368421052631579;2020
M4;Makefile;0.7368421052631579;2020
Erlang;Scheme;0.7333333333333333;2020
Pawn;VBScript;0.7333333333333333;2020
Common Lisp;Gnuplot;0.7333333333333333;2020
Mathematica;PostScript;0.7333333333333333;2020
Gnuplot;NASL;0.7333333333333333;2020
Gnuplot;Meson;0.7333333333333333;2020
Scheme;VBScript;0.7333333333333333;2020
SWIG;Scheme;0.7333333333333333;2020
Meson;Vim Snippet;0.7333333333333333;2020
Common Lisp;DIGITAL Command Language;0.7333333333333333;2020
Erlang;Vim Snippet;0.7333333333333333;2020
VBScript;XS;0.7333333333333333;2020
M;NASL;0.7333333333333333;2020
Scheme;Vim Snippet;0.7333333333333333;2020
Nix;Scheme;0.7333333333333333;2020
Mathematica;NASL;0.7333333333333333;2020
NASL;Nix;0.7333333333333333;2020
Mathematica;Meson;0.7333333333333333;2020
Perl;Scala;0.7333333333333333;2020
M;PostScript;0.7333333333333333;2020
Gnuplot;Scheme;0.7333333333333333;2020
NASL;Pawn;0.7333333333333333;2020
Gnuplot;PostScript;0.7333333333333333;2020
Smarty;Yacc;0.7333333333333333;2020
PostScript;QML;0.7333333333333333;2020
Meson;QML;0.7333333333333333;2020
M;Meson;0.7333333333333333;2020
D;VBScript;0.7333333333333333;2020
DIGITAL Command Language;Scheme;0.7333333333333333;2020
Erlang;PostScript;0.7333333333333333;2020
Common Lisp;OCaml;0.7333333333333333;2020
Pawn;PostScript;0.7333333333333333;2020
Inno Setup;NASL;0.7333333333333333;2020
Inno Setup;PostScript;0.7333333333333333;2020
Common Lisp;Inno Setup;0.7333333333333333;2020
OCaml;VBScript;0.7333333333333333;2020
Erlang;Inno Setup;0.7333333333333333;2020
Nix;PostScript;0.7333333333333333;2020
Lex;Smarty;0.7333333333333333;2020
GAP;Meson;0.7333333333333333;2020
GAP;VBScript;0.7333333333333333;2020
Erlang;Meson;0.7333333333333333;2020
Meson;Scheme;0.7333333333333333;2020
ANTLR;GDB;0.8;2021
ASP.NET;Pug;0.5789473684210527;2021
ASP.NET;TSQL;0.6153846153846154;2021
Ada;DTrace;0.7777777777777778;2021
Apex;Brainfuck;0.7142857142857143;2021
Apex;CUE;0.7142857142857143;2021
Apex;Crystal;0.7142857142857143;2021
Apex;Game Maker Language;0.2857142857142857;2021
Apex;Haml;0.7142857142857143;2021
Apex;Racket;0.7142857142857143;2021
Apex;Rebol;0.7777777777777778;2021
AppleScript;AutoHotkey;0.8181818181818182;2021
AppleScript;DIGITAL Command Language;0.9166666666666666;2021
AppleScript;DTrace;0.8181818181818182;2021
AppleScript;Standard ML;0.7272727272727273;2021
Assembly;CMake;0.8378378378378378;2021
Astro;Game Maker Language;0.5;2021
Astro;IDL;1.0;2021
Astro;NCL;1.0;2021
Awk;Emacs Lisp;0.8888888888888888;2021
Awk;MATLAB;0.7407407407407407;2021
Awk;Tcl;0.8148148148148148;2021
Awk;Yacc;0.9310344827586208;2021
Batchfile;Makefile;0.8292682926829268;2021
Batchfile;PowerShell;0.7073170731707317;2021
Beef;Brightscript;1.0;2021
Beef;LOLCODE;1.0;2021
Beef;Nemerle;1.0;2021
Bicep;Crystal;0.5;2021
Blade;Hack;0.7301587301587301;2021
Blade;Kotlin;0.7142857142857143;2021
Blade;PHP;0.6288659793814433;2021
Blade;Vue;0.6984126984126984;2021
C;C++;0.8095238095238095;2021
C;Makefile;0.8571428571428571;2021
C#;Java;0.6060606060606061;2021
C#;TypeScript;0.6923076923076923;2021
CMake;Makefile;0.8780487804878049;2021
CMake;Roff;0.8888888888888888;2021
CSS;JavaScript;0.9401709401709402;2021
CUE;Puppet;0.8;2021
Clojure;sed;0.8260869565217391;2021
CoffeeScript;Visual Basic .NET;0.5789473684210527;2021
Common Lisp;Elixir;0.8235294117647058;2021
Common Lisp;Erlang;0.8823529411764706;2021
Common Lisp;NASL;0.8333333333333334;2021
Common Lisp;QML;0.8235294117647058;2021
Common Lisp;Scheme;0.8235294117647058;2021
Crystal;SQLPL;0.6666666666666666;2021
Cuda;SWIG;0.7058823529411765;2021
Cython;Raku;0.8181818181818182;2021
D;F#;0.8461538461538461;2021
D;GDScript;0.8461538461538461;2021
D;Inno Setup;0.8571428571428571;2021
DIGITAL Command Language;Nunjucks;0.75;2021
DIGITAL Command Language;VBScript;0.9230769230769232;2021
DTrace;Haml;0.7777777777777778;2021
DTrace;LLVM;0.9;2021
DTrace;Stylus;0.5555555555555556;2021
DTrace;Thrift;0.7777777777777778;2021
Dockerfile;Makefile;0.8043478260869565;2021
Dockerfile;Python;0.5344827586206896;2021
EJS;Less;0.4761904761904761;2021
Elixir;Prolog;0.8;2021
Emacs Lisp;Jinja;0.84;2021
Emacs Lisp;Nix;0.8;2021
Erlang;Inno Setup;0.875;2021
Erlang;Mathematica;0.8125;2021
Erlang;Meson;0.875;2021
Erlang;SourcePawn;0.875;2021
Erlang;Visual Basic .NET;0.7647058823529411;2021
F#;OCaml;0.7692307692307693;2021
Forth;M;0.7857142857142857;2021
Forth;XS;0.7692307692307693;2021
Fortran;Nix;0.7142857142857143;2021
FreeMarker;PostScript;0.7142857142857143;2021
G-code;Haml;0.75;2021
G-code;OpenSCAD;0.75;2021
GAP;Inno Setup;0.8;2021
GDB;NASL;0.9;2021
GDB;NSIS;0.9047619047619048;2021
GDB;Raku;0.9047619047619048;2021
GLSL;M4;0.896551724137931;2021
Gherkin;Objective-C++;0.7058823529411765;2021
Gherkin;TSQL;0.6410256410256411;2021
Gnuplot;PostScript;0.8571428571428571;2021
Gnuplot;VHDL;0.75;2021
Go;Perl;0.6451612903225806;2021
Groovy;Mustache;0.9032258064516128;2021
Groovy;PLpgSQL;0.8387096774193549;2021
HCL;Nix;0.7727272727272727;2021
HLSL;Objective-C++;0.7428571428571429;2021
HLSL;ShaderLab;0.8974358974358975;2021
HTML;JavaScript;0.95;2021
Handlebars;Solidity;0.4848484848484848;2021
Haskell;Jinja;0.8461538461538461;2021
Haskell;Sass;0.6666666666666666;2021
Haskell;Svelte;0.7777777777777778;2021
JavaScript;PHP;0.7435897435897436;2021
Julia;Scheme;0.8;2021
Jupyter Notebook;R;0.4074074074074074;2021
Kotlin;Objective-C;0.7619047619047619;2021
Lex;M4;0.896551724137931;2021
Lex;QMake;0.7407407407407407;2021
Lex;Scala;0.8620689655172413;2021
Lua;Roff;0.8181818181818182;2021
M;PostScript;0.7857142857142857;2021
M4;Roff;0.8787878787878788;2021
M4;Smarty;0.896551724137931;2021
M4;Yacc;0.9310344827586208;2021
Mako;Smalltalk;0.7083333333333334;2021
Mathematica;Processing;0.8125;2021
Mustache;Objective-C++;0.8529411764705882;2021
Mustache;Smarty;0.9032258064516128;2021
NASL;SWIG;0.8888888888888888;2021
NSIS;PLSQL;0.7619047619047619;2021
NSIS;Smalltalk;0.75;2021
Objective-C;Swift;0.7735849056603774;2021
Objective-C++;Solidity;0.5882352941176471;2021
PHP;SCSS;0.8144329896907216;2021
PHP;Shell;0.5979381443298969;2021
Pascal;Tcl;0.7916666666666666;2021
Pascal;Twig;0.6363636363636364;2021
Pawn;SourcePawn;0.8666666666666667;2021
Pawn;VBScript;0.9230769230769232;2021
Perl;Roff;0.9090909090909092;2021
Perl;Vim Script;0.8709677419354839;2021
PostScript;SourcePawn;0.8666666666666667;2021
Pug;Starlark;0.4375;2021
PureBasic;QML;0.6111111111111112;2021
Python;Shell;0.5444444444444444;2021
R;TeX;0.7777777777777778;2021
Raku;sed;0.8695652173913043;2021
Ruby;Swift;0.490566037735849;2021
Rust;Vim Script;0.8387096774193549;2021
SCSS;TypeScript;0.7065217391304348;2021
SmPL;XS;0.9285714285714286;2021
Smarty;XSLT;0.9333333333333332;2021
SourcePawn;Vim Snippet;0.8666666666666667;2021
Tcl;sed;0.875;2021
TeX;Vim Script;0.8333333333333334;2021
Verilog;sed;0.782608695652174;2021
IDL;NCL;1.0;2021
Brightscript;LOLCODE;1.0;2021
Brightscript;Nemerle;1.0;2021
LOLCODE;Nemerle;1.0;2021
CSS;HTML;0.9333333333333332;2021
NSIS;Raku;0.9047619047619048;2021
Mustache;XSLT;0.9032258064516128;2021
Awk;M4;0.896551724137931;2021
Groovy;Smarty;0.896551724137931;2021
Awk;Lex;0.8888888888888888;2021
M4;Perl;0.8709677419354839;2021
Groovy;XSLT;0.8666666666666667;2021
GLSL;Vim Script;0.8666666666666667;2021
SourcePawn;VBScript;0.8666666666666667;2021
Inno Setup;Meson;0.8666666666666667;2021
Meson;SourcePawn;0.8666666666666667;2021
M4;XSLT;0.8666666666666667;2021
Inno Setup;SourcePawn;0.8666666666666667;2021
Smarty;Vim Script;0.8666666666666667;2021
GLSL;Smarty;0.8620689655172413;2021
Scala;Yacc;0.8620689655172413;2021
M4;Scala;0.8620689655172413;2021
Smarty;Yacc;0.8620689655172413;2021
GLSL;Yacc;0.8620689655172413;2021
Lex;Yacc;0.8620689655172413;2021
Scala;Smarty;0.8620689655172413;2021
CMake;Perl;0.8611111111111112;2021
NASL;NSIS;0.8571428571428571;2021
VBScript;Vim Snippet;0.8571428571428571;2021
Pawn;PostScript;0.8571428571428571;2021
PostScript;VBScript;0.8571428571428571;2021
Inno Setup;Vim Snippet;0.8571428571428571;2021
Inno Setup;VBScript;0.8571428571428571;2021
DIGITAL Command Language;PostScript;0.8571428571428571;2021
Inno Setup;PostScript;0.8571428571428571;2021
Objective-C++;Roff;0.8529411764705882;2021
GDB;SWIG;0.85;2021
Roff;Yacc;0.8484848484848485;2021
AppleScript;Pawn;0.8461538461538461;2021
DIGITAL Command Language;Pawn;0.8461538461538461;2021
D;VBScript;0.8461538461538461;2021
AppleScript;VBScript;0.8461538461538461;2021
Perl;XSLT;0.8387096774193549;2021
Mustache;PLpgSQL;0.8387096774193549;2021
Perl;Smarty;0.8387096774193549;2021
Perl;Yacc;0.8387096774193549;2021
XSLT;Yacc;0.8333333333333334;2021
Scala;XSLT;0.8333333333333334;2021
CMake;Objective-C++;0.8333333333333334;2021
Meson;NASL;0.8333333333333334;2021
DIGITAL Command Language;Gnuplot;0.8333333333333334;2021
GLSL;XSLT;0.8333333333333334;2021
NASL;SourcePawn;0.8333333333333334;2021
M4;Vim Script;0.8333333333333334;2021
Vim Script;XSLT;0.8333333333333334;2021
D;DIGITAL Command Language;0.8333333333333334;2021
Erlang;NASL;0.8333333333333334;2021
Emacs Lisp;Yacc;0.8275862068965517;2021
Awk;GLSL;0.8275862068965517;2021
Awk;Scala;0.8275862068965517;2021
Lex;Smarty;0.8275862068965517;2021
Groovy;Scala;0.8275862068965517;2021
Emacs Lisp;M4;0.8275862068965517;2021
Emacs Lisp;Smarty;0.8275862068965517;2021
GLSL;Scala;0.8275862068965517;2021
Awk;Smarty;0.8275862068965517;2021
GLSL;Lex;0.8275862068965517;2021
Jinja;Scala;0.8275862068965517;2021
Groovy;M4;0.8275862068965517;2021
GDB;sed;0.8260869565217391;2021
NSIS;sed;0.8260869565217391;2021
M4;Objective-C++;0.8235294117647058;2021
Common Lisp;Meson;0.8235294117647058;2021
Elixir;Scheme;0.8235294117647058;2021
Common Lisp;Inno Setup;0.8235294117647058;2021
Common Lisp;SourcePawn;0.8235294117647058;2021
Objective-C++;PLpgSQL;0.8235294117647058;2021
Roff;Vim Script;0.8181818181818182;2021
Roff;XSLT;0.8181818181818182;2021
GLSL;Roff;0.8181818181818182;2021
Lua;Smarty;0.8181818181818182;2021
AppleScript;LLVM;0.8181818181818182;2021
Awk;Roff;0.8181818181818182;2021
Roff;Smarty;0.8181818181818182;2021
Awk;Jinja;0.8148148148148148;2021
Awk;Haskell;0.8148148148148148;2021
Lex;sed;0.8148148148148148;2021
Erlang;QML;0.8125;2021
Erlang;Scheme;0.8125;2021
Meson;QML;0.8125;2021
QML;SourcePawn;0.8125;2021
Inno Setup;Mathematica;0.8125;2021
PostScript;QML;0.8125;2021
Erlang;PostScript;0.8125;2021
Assembly;Roff;0.8108108108108109;2021
NASL;Raku;0.8095238095238095;2021
Raku;SWIG;0.8095238095238095;2021
Emacs Lisp;TeX;0.8076923076923077;2021
GLSL;Perl;0.8064516129032258;2021
PLpgSQL;Smarty;0.8064516129032258;2021
Perl;Rust;0.8064516129032258;2021
Mustache;Perl;0.8064516129032258;2021
Perl;Scala;0.8064516129032258;2021
Mustache;Scala;0.8064516129032258;2021
Emacs Lisp;Perl;0.8064516129032258;2021
Awk;Perl;0.8064516129032258;2021
M4;Mustache;0.8064516129032258;2021
PLpgSQL;XSLT;0.8064516129032258;2021
Mustache;Vim Script;0.8064516129032258;2021
PLpgSQL;Scala;0.8064516129032258;2021
CMake;M4;0.8055555555555556;2021
Batchfile;CMake;0.8048780487804879;2021
GAP;Meson;0.8;2021
Meson;Scheme;0.8;2021
Emacs Lisp;Tcl;0.8;2021
Inno Setup;Scheme;0.8;2021
Awk;XSLT;0.8;2021
Scala;Vim Script;0.8;2021
GAP;Vim Snippet;0.8;2021
Vim Script;Yacc;0.8;2021
GAP;SourcePawn;0.8;2021
Emacs Lisp;XSLT;0.8;2021
D;SourcePawn;0.8;2021
Meson;PostScript;0.8;2021
Jinja;Tcl;0.8;2021
Scheme;SourcePawn;0.8;2021
DIGITAL Command Language;SourcePawn;0.8;2021
Groovy;Objective-C++;0.7941176470588235;2021
Objective-C++;Smarty;0.7941176470588235;2021
Objective-C++;Scala;0.7941176470588235;2021
Objective-C++;Perl;0.7941176470588235;2021
Lua;Objective-C++;0.7941176470588235;2021
GLSL;Objective-C++;0.7941176470588235;2021
Objective-C++;Yacc;0.7941176470588235;2021
Awk;Objective-C++;0.7941176470588235;2021
Groovy;Jinja;0.7931034482758621;2021
Emacs Lisp;Scala;0.7931034482758621;2021
Smarty;TeX;0.7931034482758621;2021
Emacs Lisp;Groovy;0.7931034482758621;2021
Groovy;Tcl;0.7931034482758621;2021
Smarty;Tcl;0.7931034482758621;2021
Awk;Groovy;0.7931034482758621;2021
GLSL;Groovy;0.7931034482758621;2021
GLSL;Haskell;0.7931034482758621;2021
Jinja;Smarty;0.7931034482758621;2021
Groovy;Yacc;0.7931034482758621;2021
Cython;Tcl;0.7916666666666666;2021
ANTLR;QML;0.7894736842105263;2021
Lua;Mustache;0.7878787878787878;2021
Roff;Scala;0.7878787878787878;2021
Lex;Roff;0.7878787878787878;2021
Mustache;Roff;0.7878787878787878;2021
Lua;XSLT;0.7878787878787878;2021
Lua;Rust;0.7878787878787878;2021
Lua;Vim Script;0.7878787878787878;2021
DIGITAL Command Language;Vim Snippet;0.7857142857142857;2021
F#;Inno Setup;0.7857142857142857;2021
GDScript;Inno Setup;0.7857142857142857;2021
Pawn;Vim Snippet;0.7857142857142857;2021
Inno Setup;Pawn;0.7857142857142857;2021
DIGITAL Command Language;Inno Setup;0.7857142857142857;2021
Gnuplot;Inno Setup;0.7857142857142857;2021
PostScript;Vim Snippet;0.7857142857142857;2021
D;Vim Snippet;0.7857142857142857;2021
AppleScript;PostScript;0.7857142857142857;2021
Assembly;Yacc;0.7837837837837838;2021
Pascal;sed;0.782608695652174;2021
Clojure;Raku;0.782608695652174;2021
Clojure;GDB;0.782608695652174;2021
Makefile;Roff;0.7804878048780488;2021
Assembly;Makefile;0.7804878048780488;2021
Lex;Tcl;0.7777777777777778;2021
Inno Setup;NASL;0.7777777777777778;2021
Jinja;Lex;0.7777777777777778;2021
Awk;sed;0.7777777777777778;2021
NASL;QML;0.7777777777777778;2021
NASL;PostScript;0.7777777777777778;2021
Haskell;Lex;0.7777777777777778;2021
Mathematica;NASL;0.7777777777777778;2021
C++;CMake;0.7777777777777778;2021
CMake;GLSL;0.7777777777777778;2021
CMake;Smarty;0.7777777777777778;2021
CMake;Yacc;0.7777777777777778;2021
Awk;Cython;0.7777777777777778;2021
CMake;Lua;0.7777777777777778;2021
CMake;Vim Script;0.7777777777777778;2021
Emacs Lisp;Lex;0.7777777777777778;2021
Mustache;Rust;0.7741935483870968;2021
PLpgSQL;Yacc;0.7741935483870968;2021
Awk;Mustache;0.7741935483870968;2021
Rust;Smarty;0.7741935483870968;2021
GLSL;Mustache;0.7741935483870968;2021
Rust;TeX;0.7741935483870968;2021
M4;PLpgSQL;0.7741935483870968;2021
Rust;XSLT;0.7741935483870968;2021
Perl;TeX;0.7741935483870968;2021
Emacs Lisp;Mustache;0.7741935483870968;2021
Lex;Perl;0.7741935483870968;2021
Mustache;Yacc;0.7741935483870968;2021
Jinja;Mustache;0.7741935483870968;2021
Groovy;Perl;0.7741935483870968;2021
Cython;GDB;0.7727272727272727;2021
Cython;NSIS;0.7727272727272727;2021
NSIS;Pascal;0.7727272727272727;2021
Pascal;Raku;0.7727272727272727;2021
GDB;Pascal;0.7727272727272727;2021
Jinja;TeX;0.7692307692307693;2021
F#;Pawn;0.7692307692307693;2021
Haskell;Pascal;0.7692307692307693;2021
F#;VBScript;0.7692307692307693;2021
D;Pawn;0.7692307692307693;2021
Haskell;Tcl;0.7692307692307693;2021
Haskell;TeX;0.7692307692307693;2021
LLVM;Pawn;0.7692307692307693;2021
GDScript;VBScript;0.7692307692307693;2021
F#;GDScript;0.7692307692307693;2021
Gnuplot;Julia;0.7692307692307693;2021
Gnuplot;Pawn;0.7692307692307693;2021
Haskell;sed;0.7692307692307693;2021
Gnuplot;VBScript;0.7692307692307693;2021
Emacs Lisp;Haskell;0.7692307692307693;2021
TeX;XSLT;0.7666666666666667;2021
Emacs Lisp;Vim Script;0.7666666666666667;2021
Lex;XSLT;0.7666666666666667;2021
Awk;Vim Script;0.7666666666666667;2021
Groovy;Vim Script;0.7666666666666667;2021
Jinja;XSLT;0.7666666666666667;2021
Lex;Vim Script;0.7666666666666667;2021
Erlang;SWIG;0.7647058823529411;2021
Mathematica;SWIG;0.7647058823529411;2021
Common Lisp;SWIG;0.7647058823529411;2021
PostScript;SWIG;0.7647058823529411;2021
Common Lisp;PostScript;0.7647058823529411;2021
Common Lisp;Mathematica;0.7647058823529411;2021
Elixir;Erlang;0.7647058823529411;2021
SWIG;SourcePawn;0.7647058823529411;2021
Elixir;Mathematica;0.7647058823529411;2021
Meson;SWIG;0.7647058823529411;2021
GAP;SWIG;0.7647058823529411;2021
Lex;Objective-C++;0.7647058823529411;2021
Objective-C++;Vim Script;0.7647058823529411;2021
Objective-C++;XSLT;0.7647058823529411;2021
Processing;Visual Basic .NET;0.7647058823529411;2021
Common Lisp;NSIS;0.7619047619047619;2021
NSIS;SWIG;0.7619047619047619;2021
Kotlin;Swift;0.7619047619047619;2021
GDB;Verilog;0.7619047619047619;2021
C;CMake;0.7619047619047619;2021
Emacs Lisp;sed;0.76;2021
Jinja;Nix;0.76;2021
Jinja;Pascal;0.76;2021
Cython;Emacs Lisp;0.76;2021
Haskell;Scala;0.7586206896551724;2021
Emacs Lisp;GLSL;0.7586206896551724;2021
M4;TeX;0.7586206896551724;2021
M4;sed;0.7586206896551724;2021
Haskell;M4;0.7586206896551724;2021
M4;Tcl;0.7586206896551724;2021
Groovy;Lex;0.7586206896551724;2021
Haskell;Smarty;0.7586206896551724;2021
Jinja;M4;0.7586206896551724;2021
GLSL;TeX;0.7586206896551724;2021
Haskell;Yacc;0.7586206896551724;2021
GLSL;Jinja;0.7586206896551724;2021
Jinja;Yacc;0.7586206896551724;2021
Tcl;Yacc;0.7586206896551724;2021
Emacs Lisp;Roff;0.7575757575757576;2021
Groovy;Roff;0.7575757575757576;2021
GLSL;Lua;0.7575757575757576;2021
Lua;M4;0.7575757575757576;2021
PLpgSQL;Roff;0.7575757575757576;2021
Lua;PLpgSQL;0.7575757575757576;2021
Lua;Perl;0.7575757575757576;2021
Lua;Scala;0.7575757575757576;2021
Lua;Yacc;0.7575757575757576;2021
Roff;Rust;0.7575757575757576;2021
Assembly;Lua;0.7567567567567568;2021
Assembly;Perl;0.7567567567567568;2021
Assembly;Objective-C++;0.7567567567567568;2021
Makefile;Perl;0.7560975609756098;2021
Batchfile;Lua;0.7560975609756098;2021
C++;Makefile;0.7560975609756098;2021
Dart;Swift;0.7547169811320755;2021
Mathematica;Scheme;0.75;2021
GDB;Tcl;0.75;2021
Forth;LLVM;0.75;2021
Common Lisp;GDB;0.75;2021
GAP;Mathematica;0.75;2021
GAP;QML;0.75;2021
GDB;Meson;0.75;2021
ANTLR;CoffeeScript;0.5652173913043478;2022
ANTLR;GAP;0.7727272727272727;2022
ANTLR;GDB;0.9047619047619048;2022
ANTLR;NSIS;0.9047619047619048;2022
ASP.NET;Pug;0.5384615384615384;2022
ASP.NET;Solidity;0.5384615384615384;2022
ASP.NET;TSQL;0.5641025641025641;2022
Ada;DTrace;0.8181818181818182;2022
Ada;Stylus;0.6363636363636364;2022
Apex;Haml;0.7142857142857143;2022
Apex;Racket;0.8333333333333334;2022
Apex;Rebol;1.0;2022
AppleScript;Bicep;0.7;2022
AppleScript;CUE;0.8;2022
AppleScript;DTrace;0.9;2022
AppleScript;Standard ML;0.8181818181818182;2022
AppleScript;Thrift;0.6;2022
Assembly;Batchfile;0.8048780487804879;2022
Assembly;Ruby;0.5609756097560976;2022
Astro;D;0.8125;2022
Astro;Nunjucks;0.3125;2022
Astro;Processing;0.75;2022
Astro;Visual Basic .NET;0.7647058823529411;2022
AutoHotkey;DIGITAL Command Language;0.8571428571428571;2022
AutoHotkey;OCaml;0.75;2022
Awk;Haskell;0.8214285714285714;2022
Awk;QMake;0.8214285714285714;2022
Awk;Scala;0.896551724137931;2022
Awk;Tcl;0.9285714285714286;2022
Awk;Yacc;0.8928571428571429;2022
Batchfile;CMake;0.6538461538461539;2022
Batchfile;Go;0.7317073170731707;2022
Batchfile;Lua;0.8048780487804879;2022
Batchfile;Makefile;0.8636363636363636;2022
Blade;Hack;0.7272727272727273;2022
Blade;PHP;0.64;2022
Brainfuck;Puppet;0.4545454545454545;2022
Brightscript;Factor;1.0;2022
Brightscript;LOLCODE;1.0;2022
Brightscript;Nemerle;1.0;2022
C;CMake;0.5901639344262295;2022
C;Python;0.5692307692307692;2022
C#;TypeScript;0.6046511627906976;2022
C++;Makefile;0.6222222222222222;2022
CSS;HTML;0.9590163934426228;2022
CSS;JavaScript;0.9576271186440678;2022
CUE;G-code;0.8888888888888888;2022
Clojure;sed;0.8333333333333334;2022
Common Lisp;Gnuplot;0.8666666666666667;2022
Common Lisp;Julia;0.7647058823529411;2022
Crystal;Racket;0.8;2022
Crystal;SQLPL;0.5;2022
Cuda;NASL;0.7894736842105263;2022
Cython;Emacs Lisp;0.84;2022
D;Erlang;0.875;2022
D;F#;0.7647058823529411;2022
D;GDScript;0.7777777777777778;2022
D;PureBasic;0.7058823529411765;2022
DIGITAL Command Language;Gnuplot;0.8666666666666667;2022
DIGITAL Command Language;LLVM;0.7857142857142857;2022
DTrace;Haml;0.7;2022
DTrace;LLVM;0.8333333333333334;2022
Dockerfile;Makefile;0.8;2022
EJS;Solidity;0.4857142857142857;2022
Elixir;Prolog;0.75;2022
Emacs Lisp;Tcl;0.8518518518518519;2022
Erlang;Gnuplot;0.9375;2022
Erlang;Inno Setup;0.8823529411764706;2022
Erlang;SWIG;0.875;2022
Forth;PureBasic;0.7368421052631579;2022
Fortran;R;0.8095238095238095;2022
Fortran;Scheme;0.8571428571428571;2022
FreeMarker;SourcePawn;0.85;2022
GAP;Mathematica;0.8260869565217391;2022
GDB;Meson;0.9047619047619048;2022
GDB;NASL;0.9047619047619048;2022
GDB;PLSQL;0.8571428571428571;2022
GDB;SourcePawn;0.9523809523809524;2022
GDB;Verilog;0.7619047619047619;2022
GDB;sed;0.8695652173913043;2022
GLSL;Objective-C++;0.7222222222222222;2022
GLSL;Roff;0.8529411764705882;2022
Game Maker Language;IDL;0.5;2022
Game Maker Language;Portugol;0.5;2022
Game Maker Language;SQLPL;0.3333333333333333;2022
Gherkin;PLpgSQL;0.696969696969697;2022
Gherkin;TSQL;0.6363636363636364;2022
Gnuplot;M;0.8;2022
Gnuplot;PostScript;1.0;2022
Groovy;Scala;0.896551724137931;2022
HCL;Smarty;0.8333333333333334;2022
HLSL;Objective-C++;0.75;2022
HLSL;ShaderLab;0.9722222222222222;2022
Hack;Vue;0.6;2022
Haml;OpenSCAD;0.8571428571428571;2022
Handlebars;Mustache;0.5806451612903226;2022
Haskell;Smalltalk;0.7307692307692307;2022
Haskell;Svelte;0.8148148148148148;2022
IDL;NCL;1.0;2022
Inno Setup;Prolog;0.7894736842105263;2022
Inno Setup;QML;0.8235294117647058;2022
Java;TypeScript;0.5348837209302325;2022
Jinja;Scala;0.896551724137931;2022
Jupyter Notebook;MATLAB;0.4137931034482758;2022
Kotlin;Swift;0.7777777777777778;2022
Lex;Tcl;0.9629629629629628;2022
Lua;Perl;0.8378378378378378;2022
Lua;Rust;0.8648648648648649;2022
M;Puppet;0.6;2022
M4;MATLAB;0.7333333333333333;2022
M4;Mustache;0.9032258064516128;2022
M4;Roff;0.8787878787878788;2022
Mako;NSIS;0.7;2022
Mako;Twig;0.6;2022
Mustache;PLpgSQL;0.8484848484848485;2022
Mustache;Scala;0.9032258064516128;2022
Mustache;Smarty;0.8709677419354839;2022
Mustache;XSLT;0.935483870967742;2022
NASL;Pawn;0.8421052631578947;2022
NSIS;Raku;0.9;2022
Nix;PLpgSQL;0.7575757575757576;2022
Objective-C;Swift;0.847457627118644;2022
PHP;SCSS;0.86;2022
Pascal;Sass;0.6551724137931034;2022
Pascal;sed;0.88;2022
Pawn;SWIG;0.875;2022
Pawn;VBScript;0.875;2022
Pawn;XS;0.8125;2022
Perl;Roff;0.9393939393939394;2022
PowerShell;Rust;0.8;2022
Pug;Starlark;0.46875;2022
Python;Shell;0.5909090909090909;2022
Raku;VHDL;0.7894736842105263;2022
Roff;Vim Script;0.8787878787878788;2022
SCSS;TypeScript;0.696969696969697;2022
SWIG;SmPL;0.8823529411764706;2022
SWIG;Vim Snippet;0.875;2022
Scheme;sed;0.8695652173913043;2022
Shell;TypeScript;0.625;2022
Tcl;sed;0.8518518518518519;2022
TeX;Vim Script;0.8387096774193549;2022
LOLCODE;Nemerle;1.0;2022
Factor;Nemerle;1.0;2022
Factor;LOLCODE;1.0;2022
Erlang;PostScript;0.9375;2022
HTML;JavaScript;0.9344262295081968;2022
GDB;NSIS;0.9047619047619048;2022
Meson;NASL;0.9;2022
Meson;NSIS;0.9;2022
Meson;SourcePawn;0.9;2022
M4;Scala;0.9;2022
Scala;XSLT;0.9;2022
NASL;NSIS;0.9;2022
M4;XSLT;0.9;2022
NASL;SourcePawn;0.9;2022
NSIS;SourcePawn;0.9;2022
Lex;Scala;0.896551724137931;2022
Scala;Tcl;0.896551724137931;2022
NASL;Raku;0.8947368421052632;2022
Awk;Lex;0.8928571428571429;2022
Tcl;Yacc;0.8888888888888888;2022
Lex;Yacc;0.8888888888888888;2022
Gnuplot;Inno Setup;0.8823529411764706;2022
Inno Setup;PostScript;0.8823529411764706;2022
PostScript;SWIG;0.875;2022
Gnuplot;SWIG;0.875;2022
M4;Vim Script;0.8709677419354839;2022
Jinja;Mustache;0.8709677419354839;2022
Smarty;Vim Script;0.8709677419354839;2022
NSIS;sed;0.8695652173913043;2022
Common Lisp;PostScript;0.8666666666666667;2022
M4;Tcl;0.8666666666666667;2022
Smarty;XSLT;0.8666666666666667;2022
Lex;M4;0.8666666666666667;2022
Jinja;XSLT;0.8666666666666667;2022
M4;Smarty;0.8666666666666667;2022
Awk;M4;0.8666666666666667;2022
DIGITAL Command Language;PostScript;0.8666666666666667;2022
Scala;Yacc;0.8620689655172413;2022
ANTLR;Meson;0.8571428571428571;2022
GDB;Raku;0.8571428571428571;2022
PLSQL;SourcePawn;0.8571428571428571;2022
NSIS;Scheme;0.8571428571428571;2022
ANTLR;NASL;0.8571428571428571;2022
Awk;Jinja;0.8571428571428571;2022
NSIS;PLSQL;0.8571428571428571;2022
ANTLR;Raku;0.8571428571428571;2022
ANTLR;SourcePawn;0.8571428571428571;2022
GDB;Scheme;0.8571428571428571;2022
Dart;Objective-C;0.8518518518518519;2022
Meson;Raku;0.85;2022
Raku;SourcePawn;0.85;2022
Roff;Scala;0.8484848484848485;2022
Perl;Vim Script;0.8484848484848485;2022
M4;Perl;0.8484848484848485;2022
Mustache;Roff;0.8484848484848485;2022
Dart;Swift;0.847457627118644;2022
Emacs Lisp;Yacc;0.8461538461538461;2022
FreeMarker;NASL;0.8421052631578947;2022
FreeMarker;Raku;0.8421052631578947;2022
Raku;SWIG;0.8421052631578947;2022
GDB;Pascal;0.84;2022
Groovy;Mustache;0.8387096774193549;2022
Mustache;Vim Script;0.8387096774193549;2022
Lua;Roff;0.8378378378378378;2022
FreeMarker;Pawn;0.8333333333333334;2022
FreeMarker;SWIG;0.8333333333333334;2022
M4;Yacc;0.8333333333333334;2022
Racket;Rebol;0.8333333333333334;2022
Groovy;XSLT;0.8333333333333334;2022
Jinja;M4;0.8333333333333334;2022
Jinja;Smarty;0.8333333333333334;2022
Scala;Smarty;0.8333333333333334;2022
Perl;Rust;0.8285714285714286;2022
Rust;Vim Script;0.8285714285714286;2022
Roff;Rust;0.8285714285714286;2022
Groovy;Jinja;0.8275862068965517;2022
SourcePawn;sed;0.8260869565217391;2022
Meson;sed;0.8260869565217391;2022
Raku;sed;0.8260869565217391;2022
ANTLR;sed;0.8260869565217391;2022
PLSQL;sed;0.8260869565217391;2022
Gnuplot;SmPL;0.8235294117647058;2022
Pawn;SmPL;0.8235294117647058;2022
GLSL;Vim Script;0.8235294117647058;2022
Erlang;SmPL;0.8235294117647058;2022
GLSL;Perl;0.8235294117647058;2022
D;Inno Setup;0.8235294117647058;2022
GLSL;Mustache;0.8235294117647058;2022
GLSL;M4;0.8235294117647058;2022
DIGITAL Command Language;Inno Setup;0.8235294117647058;2022
Inno Setup;VBScript;0.8235294117647058;2022
Inno Setup;Pawn;0.8235294117647058;2022
SmPL;Vim Snippet;0.8235294117647058;2022
Inno Setup;SmPL;0.8235294117647058;2022
Inno Setup;SWIG;0.8235294117647058;2022
PostScript;SmPL;0.8235294117647058;2022
Jinja;Lex;0.8214285714285714;2022
Awk;Emacs Lisp;0.8214285714285714;2022
Jinja;Tcl;0.8214285714285714;2022
Jinja;TeX;0.8214285714285714;2022
Mustache;Perl;0.8181818181818182;2022
Roff;XSLT;0.8181818181818182;2022
PLpgSQL;XSLT;0.8181818181818182;2022
Roff;Smarty;0.8181818181818182;2022
Roff;Tcl;0.8181818181818182;2022
Perl;XSLT;0.8181818181818182;2022
Awk;Roff;0.8181818181818182;2022
Lex;Roff;0.8181818181818182;2022
Perl;TeX;0.8181818181818182;2022
Perl;Scala;0.8181818181818182;2022
Haskell;Tcl;0.8148148148148148;2022
Emacs Lisp;Lex;0.8148148148148148;2022
Pascal;Tcl;0.8148148148148148;2022
Lex;sed;0.8148148148148148;2022
Svelte;Tcl;0.8148148148148148;2022
Erlang;QML;0.8125;2022
Erlang;Pawn;0.8125;2022
Pawn;Vim Snippet;0.8125;2022
Erlang;VBScript;0.8125;2022
DIGITAL Command Language;Erlang;0.8125;2022
PostScript;QML;0.8125;2022
Common Lisp;Erlang;0.8125;2022
Pawn;QML;0.8125;2022
Erlang;Vim Snippet;0.8125;2022
Gnuplot;Vim Snippet;0.8125;2022
Gnuplot;VBScript;0.8125;2022
PostScript;VBScript;0.8125;2022
D;DIGITAL Command Language;0.8125;2022
DIGITAL Command Language;Vim Snippet;0.8125;2022
D;Gnuplot;0.8125;2022
D;VBScript;0.8125;2022
SWIG;VBScript;0.8125;2022
QML;VBScript;0.8125;2022
D;PostScript;0.8125;2022
PostScript;Vim Snippet;0.8125;2022
VBScript;Vim Snippet;0.8125;2022
DIGITAL Command Language;VBScript;0.8125;2022
Gnuplot;Pawn;0.8125;2022
Gnuplot;QML;0.8125;2022
Pawn;PostScript;0.8125;2022
Lua;Vim Script;0.8108108108108109;2022
Meson;Scheme;0.8095238095238095;2022
ANTLR;PLSQL;0.8095238095238095;2022
Meson;PLSQL;0.8095238095238095;2022
PLSQL;Scheme;0.8095238095238095;2022
Scheme;SourcePawn;0.8095238095238095;2022
FreeMarker;GDB;0.8095238095238095;2022
ANTLR;Scheme;0.8095238095238095;2022
Mustache;Tcl;0.8064516129032258;2022
Vim Script;XSLT;0.8064516129032258;2022
Lex;Mustache;0.8064516129032258;2022
Scala;Vim Script;0.8064516129032258;2022
Jinja;Vim Script;0.8064516129032258;2022
HCL;Vim Script;0.8064516129032258;2022
Awk;Mustache;0.8064516129032258;2022
Lex;XSLT;0.8;2022
SmPL;SourcePawn;0.8;2022
AutoHotkey;Gnuplot;0.8;2022
Pascal;SourcePawn;0.8;2022
Pawn;SourcePawn;0.8;2022
SourcePawn;VBScript;0.8;2022
XSLT;Yacc;0.8;2022
Inno Setup;SourcePawn;0.8;2022
M;PostScript;0.8;2022
SWIG;SourcePawn;0.8;2022
Tcl;XSLT;0.8;2022
Awk;XSLT;0.8;2022
NSIS;SWIG;0.8;2022
DTrace;G-code;0.8;2022
HCL;M4;0.8;2022
NSIS;SmPL;0.8;2022
TeX;XSLT;0.8;2022
AppleScript;G-code;0.8;2022
Groovy;M4;0.8;2022
NSIS;Pascal;0.8;2022
FreeMarker;Meson;0.8;2022
FreeMarker;NSIS;0.8;2022
AutoHotkey;PostScript;0.8;2022
Inno Setup;Meson;0.8;2022
Clojure;Pascal;0.8;2022
Groovy;Smarty;0.8;2022
GLSL;XSLT;0.7941176470588235;2022
Scala;Svelte;0.7931034482758621;2022
Scala;TeX;0.7931034482758621;2022
Emacs Lisp;Scala;0.7931034482758621;2022
Groovy;Lex;0.7931034482758621;2022
Awk;Groovy;0.7931034482758621;2022
Haskell;Scala;0.7931034482758621;2022
Groovy;Tcl;0.7931034482758621;2022
Clojure;GDB;0.7916666666666666;2022
Clojure;Emacs Lisp;0.7916666666666666;2022
Emacs Lisp;sed;0.7916666666666666;2022
NASL;SWIG;0.7894736842105263;2022
Raku;SmPL;0.7894736842105263;2022
NASL;SmPL;0.7894736842105263;2022
Inno Setup;NASL;0.7894736842105263;2022
Cuda;Raku;0.7894736842105263;2022
M4;PLpgSQL;0.7878787878787878;2022
PLpgSQL;Roff;0.7878787878787878;2022
Perl;Smarty;0.7878787878787878;2022
Awk;Perl;0.7878787878787878;2022
Perl;Yacc;0.7878787878787878;2022
Jinja;PLpgSQL;0.7878787878787878;2022
Roff;TeX;0.7878787878787878;2022
Jinja;Roff;0.7878787878787878;2022
PLpgSQL;Scala;0.7878787878787878;2022
HCL;Roff;0.7878787878787878;2022
Lex;Perl;0.7878787878787878;2022
Roff;Yacc;0.7878787878787878;2022
Perl;Tcl;0.7878787878787878;2022
Awk;sed;0.7857142857142857;2022
Awk;Pascal;0.7857142857142857;2022
Awk;Clojure;0.7857142857142857;2022
Awk;Svelte;0.7857142857142857;2022
AutoHotkey;Common Lisp;0.7857142857142857;2022
Emacs Lisp;Jinja;0.7857142857142857;2022
Jinja;Svelte;0.7857142857142857;2022
QMake;Tcl;0.7857142857142857;2022
Lex;TeX;0.7857142857142857;2022
Pascal;QMake;0.7857142857142857;2022
Emacs Lisp;TeX;0.7857142857142857;2022
Jinja;Yacc;0.7857142857142857;2022
Tcl;TeX;0.7857142857142857;2022
Common Lisp;DIGITAL Command Language;0.7857142857142857;2022
Haskell;Jinja;0.7857142857142857;2022
GLSL;Lua;0.7837837837837838;2022
Lua;Smarty;0.7837837837837838;2022
Lua;M4;0.7837837837837838;2022
NASL;sed;0.782608695652174;2022
Batchfile;Rust;0.7804878048780488;2022
Assembly;Lua;0.7804878048780488;2022
Batchfile;Perl;0.7804878048780488;2022
Haskell;Lex;0.7777777777777778;2022
Cython;Tcl;0.7777777777777778;2022
FreeMarker;Inno Setup;0.7777777777777778;2022
ANTLR;Tcl;0.7777777777777778;2022
Lex;Pascal;0.7777777777777778;2022
FreeMarker;SmPL;0.7777777777777778;2022
FreeMarker;VBScript;0.7777777777777778;2022
Lex;Svelte;0.7777777777777778;2022
FreeMarker;VHDL;0.7777777777777778;2022
Cuda;SWIG;0.7777777777777778;2022
Clojure;Tcl;0.7777777777777778;2022
Tcl;Vim Script;0.7741935483870968;2022
Mustache;Yacc;0.7741935483870968;2022
Lex;Vim Script;0.7741935483870968;2022
Awk;Vim Script;0.7741935483870968;2022
HCL;Mustache;0.7741935483870968;2022
GAP;SourcePawn;0.7727272727272727;2022
GAP;GDB;0.7727272727272727;2022
Rust;Smarty;0.7714285714285715;2022
GLSL;Rust;0.7714285714285715;2022
Yacc;sed;0.7692307692307693;2022
Haskell;Yacc;0.7692307692307693;2022
Cython;Yacc;0.7692307692307693;2022
Awk;Smarty;0.7666666666666667;2022
HCL;TeX;0.7666666666666667;2022
Lex;Smarty;0.7666666666666667;2022
M4;sed;0.7666666666666667;2022
HCL;Scala;0.7666666666666667;2022
HCL;XSLT;0.7666666666666667;2022
M4;Svelte;0.7666666666666667;2022
M4;TeX;0.7666666666666667;2022
Smarty;TeX;0.7666666666666667;2022
Smarty;Tcl;0.7666666666666667;2022
Emacs Lisp;XSLT;0.7666666666666667;2022
HCL;Jinja;0.7666666666666667;2022
Emacs Lisp;M4;0.7666666666666667;2022
Awk;GLSL;0.7647058823529411;2022
D;SmPL;0.7647058823529411;2022
Common Lisp;Inno Setup;0.7647058823529411;2022
GLSL;PLpgSQL;0.7647058823529411;2022
Inno Setup;Vim Snippet;0.7647058823529411;2022
GLSL;Scala;0.7647058823529411;2022
F#;Julia;0.7647058823529411;2022
SmPL;VBScript;0.7647058823529411;2022
R;Scheme;0.7619047619047619;2022
PLSQL;Raku;0.7619047619047619;2022
Raku;Scheme;0.7619047619047619;2022
ANTLR;FreeMarker;0.7619047619047619;2022
NASL;Scheme;0.7619047619047619;2022
GDB;SmPL;0.7619047619047619;2022
Julia;Scheme;0.7619047619047619;2022
SourcePawn;Verilog;0.7619047619047619;2022
ANTLR;SmPL;0.7619047619047619;2022
ANTLR;SWIG;0.7619047619047619;2022
NASL;PLSQL;0.7619047619047619;2022
GDB;VBScript;0.7619047619047619;2022
GDB;SWIG;0.7619047619047619;2022
GDB;Pawn;0.7619047619047619;2022
ANTLR;NSIS;0.8260869565217391;2023
ANTLR;Starlark;0.6956521739130435;2023
ASP.NET;Solidity;0.4705882352941176;2023
ASP.NET;TSQL;0.6764705882352942;2023
Ada;DTrace;0.7692307692307693;2023
Apex;Crystal;0.625;2023
Apex;Racket;0.75;2023
Apex;Rebol;0.75;2023
AppleScript;AutoHotkey;0.8125;2023
AppleScript;Bicep;0.75;2023
AppleScript;D;0.8823529411764706;2023
AppleScript;Gnuplot;0.9375;2023
AppleScript;Inno Setup;0.9411764705882352;2023
AppleScript;M;0.6666666666666666;2023
AppleScript;SWIG;0.8823529411764706;2023
AppleScript;Standard ML;0.8125;2023
Assembly;MATLAB;0.6976744186046512;2023
Astro;VBScript;0.782608695652174;2023
AutoHotkey;OCaml;0.8461538461538461;2023
AutoHotkey;Vim Snippet;0.8461538461538461;2023
Awk;M4;0.9333333333333332;2023
Awk;Meson;0.8620689655172413;2023
Awk;Mustache;0.896551724137931;2023
Awk;Pascal;0.7931034482758621;2023
Awk;QMake;0.7931034482758621;2023
Awk;Scala;0.8620689655172413;2023
Awk;Tcl;0.896551724137931;2023
Batchfile;Lua;0.8571428571428571;2023
Batchfile;Makefile;0.8636363636363636;2023
Blade;Dart;0.75;2023
Blade;Hack;0.7833333333333333;2023
Blade;Vue;0.5666666666666667;2023
Brainfuck;M;0.4761904761904761;2023
Brainfuck;Puppet;0.5833333333333334;2023
Brightscript;Factor;1.0;2023
Brightscript;Nemerle;1.0;2023
C;CMake;0.6774193548387096;2023
C;Shell;0.6231884057971014;2023
C#;Dockerfile;0.5633802816901409;2023
C#;TypeScript;0.6129032258064516;2023
C++;CMake;0.6557377049180327;2023
CMake;Ruby;0.5737704918032787;2023
CSS;HTML;0.975;2023
CSS;JavaScript;0.926829268292683;2023
CSS;PHP;0.725;2023
CUE;DTrace;0.6363636363636364;2023
CUE;Haml;0.8571428571428571;2023
CUE;OpenSCAD;0.7142857142857143;2023
Clojure;Meson;0.8846153846153846;2023
Clojure;sed;0.875;2023
CoffeeScript;Forth;0.75;2023
Common Lisp;Julia;0.8421052631578947;2023
Common Lisp;NSIS;0.8095238095238095;2023
Crystal;Game Maker Language;0.4;2023
Crystal;LOLCODE;0.4;2023
Cuda;sed;0.8260869565217391;2023
Cython;Emacs Lisp;0.7777777777777778;2023
Cython;Jupyter Notebook;0.4482758620689655;2023
D;Erlang;0.8823529411764706;2023
D;Twig;0.5882352941176471;2023
DIGITAL Command Language;Inno Setup;0.9411764705882352;2023
DIGITAL Command Language;LLVM;0.8125;2023
DIGITAL Command Language;XS;0.8125;2023
DTrace;PostScript;0.7692307692307693;2023
Dart;Objective-C;0.8793103448275862;2023
Dart;Procfile;0.4561403508771929;2023
Dockerfile;Makefile;0.7288135593220338;2023
Dockerfile;Shell;0.6521739130434783;2023
EJS;Solidity;0.4827586206896552;2023
Elixir;Forth;0.6956521739130435;2023
Elixir;GDScript;0.7272727272727273;2023
Elixir;Prolog;0.7727272727272727;2023
Emacs Lisp;M4;0.8666666666666667;2023
Emacs Lisp;Yacc;0.8888888888888888;2023
F#;VBScript;0.75;2023
Fortran;Julia;0.8095238095238095;2023
Fortran;R;0.782608695652174;2023
Fortran;Scheme;0.8571428571428571;2023
FreeMarker;Pawn;0.8947368421052632;2023
FreeMarker;QML;0.8421052631578947;2023
G-code;Haml;0.8571428571428571;2023
GAP;Meson;0.8076923076923077;2023
GDB;NSIS;0.9047619047619048;2023
GDB;SourcePawn;0.9523809523809524;2023
GDB;sed;0.8695652173913043;2023
GLSL;Gherkin;0.6666666666666666;2023
GLSL;Lua;0.8205128205128205;2023
GLSL;PLpgSQL;0.7777777777777778;2023
Game Maker Language;IDL;0.5;2023
Game Maker Language;Portugol;0.5;2023
Game Maker Language;SQLPL;0.5;2023
Gherkin;TSQL;0.6470588235294118;2023
Go;Rust;0.7948717948717948;2023
Groovy;HCL;0.7241379310344828;2023
Groovy;Handlebars;0.6206896551724138;2023
Groovy;M4;0.8666666666666667;2023
HLSL;Lua;0.627906976744186;2023
HLSL;ShaderLab;0.9302325581395348;2023
Haskell;Prolog;0.7916666666666666;2023
Haskell;Scheme;0.8333333333333334;2023
IDL;NCL;1.0;2023
Inno Setup;Pawn;0.8888888888888888;2023
Java;SCSS;0.5824175824175825;2023
Jinja;M4;0.8666666666666667;2023
Jinja;Nix;0.7096774193548387;2023
Kotlin;Objective-C;0.7857142857142857;2023
Kotlin;PHP;0.5918367346938775;2023
LLVM;PostScript;0.7857142857142857;2023
LLVM;Stylus;0.6428571428571429;2023
LLVM;Thrift;0.6428571428571429;2023
Less;Vue;0.392156862745098;2023
Lex;Yacc;0.9230769230769232;2023
Lua;Perl;0.8461538461538461;2023
Lua;PowerShell;0.717948717948718;2023
Lua;Rust;0.9230769230769232;2023
M4;MATLAB;0.7428571428571429;2023
M4;Svelte;0.8;2023
M4;TeX;0.8666666666666667;2023
M4;Vim Script;0.9;2023
Mako;Sass;0.6538461538461539;2023
Mathematica;Pug;0.6;2023
Mathematica;Sass;0.7777777777777778;2023
Mathematica;Tcl;0.7857142857142857;2023
Meson;Smalltalk;0.75;2023
NASL;Pawn;0.8947368421052632;2023
NASL;SourcePawn;0.95;2023
NSIS;Raku;0.8571428571428571;2023
NSIS;VHDL;0.8571428571428571;2023
Nunjucks;Processing;0.7142857142857143;2023
Nunjucks;Standard ML;0.7857142857142857;2023
Objective-C;Swift;0.9152542372881356;2023
Objective-C++;Starlark;0.6774193548387096;2023
OpenSCAD;Rebol;0.7142857142857143;2023
PHP;SCSS;0.7551020408163265;2023
PLSQL;sed;0.8695652173913043;2023
Pawn;VBScript;0.8;2023
Perl;Roff;0.9117647058823528;2023
PureBasic;SmPL;0.7;2023
Python;Shell;0.6956521739130435;2023
Roff;Smarty;0.9090909090909092;2023
SCSS;TypeScript;0.7419354838709677;2023
SmPL;SourcePawn;0.9;2023
Smarty;Vim Script;0.90625;2023
Smarty;XSLT;0.84375;2023
VBScript;Visual Basic .NET;0.7;2023
Verilog;sed;0.7391304347826086;2023
Factor;Nemerle;1.0;2023
AppleScript;DIGITAL Command Language;0.9375;2023
HTML;JavaScript;0.91869918699187;2023
GDB;NASL;0.9047619047619048;2023
NASL;SmPL;0.8947368421052632;2023
Inno Setup;SWIG;0.8823529411764706;2023
D;Inno Setup;0.8823529411764706;2023
Gnuplot;Inno Setup;0.8823529411764706;2023
Gnuplot;SWIG;0.8823529411764706;2023
D;Gnuplot;0.8823529411764706;2023
Roff;Vim Script;0.8787878787878788;2023
M4;Roff;0.8787878787878788;2023
AppleScript;Erlang;0.875;2023
Erlang;Gnuplot;0.875;2023
M4;Smarty;0.875;2023
DIGITAL Command Language;Gnuplot;0.875;2023
NSIS;sed;0.8695652173913043;2023
TeX;Vim Script;0.8666666666666667;2023
M4;Mustache;0.8666666666666667;2023
M4;Yacc;0.8666666666666667;2023
M4;Tcl;0.8666666666666667;2023
Awk;Jinja;0.8620689655172413;2023
Mustache;Tcl;0.8620689655172413;2023
Groovy;Mustache;0.8620689655172413;2023
Jinja;Mustache;0.8620689655172413;2023
Mustache;Scala;0.8620689655172413;2023
Emacs Lisp;TeX;0.8620689655172413;2023
Awk;Yacc;0.8620689655172413;2023
Groovy;Jinja;0.8620689655172413;2023
Awk;Emacs Lisp;0.8620689655172413;2023
Jinja;Scala;0.8571428571428571;2023
Meson;Tcl;0.8571428571428571;2023
NSIS;SourcePawn;0.8571428571428571;2023
NASL;NSIS;0.8571428571428571;2023
Scala;Tcl;0.8571428571428571;2023
GDB;SmPL;0.8571428571428571;2023
M4;Perl;0.8529411764705882;2023
Perl;Smarty;0.8529411764705882;2023
Emacs Lisp;Lex;0.8518518518518519;2023
Emacs Lisp;Scala;0.8518518518518519;2023
Pawn;SourcePawn;0.85;2023
Roff;TeX;0.8484848484848485;2023
Dart;Swift;0.847457627118644;2023
Meson;sed;0.8461538461538461;2023
Meson;Scala;0.8461538461538461;2023
Lex;Scala;0.8461538461538461;2023
Scala;Yacc;0.8461538461538461;2023
Groovy;Smarty;0.84375;2023
Pawn;SmPL;0.8421052631578947;2023
FreeMarker;NASL;0.8421052631578947;2023
Pawn;QML;0.8421052631578947;2023
Inno Setup;NASL;0.8421052631578947;2023
NASL;QML;0.8421052631578947;2023
Lex;sed;0.84;2023
Mustache;XSLT;0.8387096774193549;2023
M4;XSLT;0.8387096774193549;2023
Vim Script;XSLT;0.8387096774193549;2023
AppleScript;Pawn;0.8333333333333334;2023
Awk;Vim Script;0.8333333333333334;2023
M4;Scala;0.8333333333333334;2023
Pawn;SWIG;0.8333333333333334;2023
Jinja;Vim Script;0.8333333333333334;2023
Batchfile;Rust;0.8333333333333334;2023
Gnuplot;Pawn;0.8333333333333334;2023
DIGITAL Command Language;Pawn;0.8333333333333334;2023
Clojure;Raku;0.8333333333333334;2023
Groovy;Vim Script;0.8333333333333334;2023
Emacs Lisp;Vim Script;0.8333333333333334;2023
Lex;M4;0.8333333333333334;2023
Awk;TeX;0.8275862068965517;2023
Awk;Lex;0.8275862068965517;2023
Awk;Groovy;0.8275862068965517;2023
Raku;sed;0.8260869565217391;2023
ANTLR;sed;0.8260869565217391;2023
SourcePawn;sed;0.8260869565217391;2023
NSIS;PLSQL;0.8260869565217391;2023
ANTLR;Raku;0.8260869565217391;2023
DIGITAL Command Language;SWIG;0.8235294117647058;2023
Perl;TeX;0.8235294117647058;2023
Perl;Vim Script;0.8235294117647058;2023
D;SWIG;0.8235294117647058;2023
D;DIGITAL Command Language;0.8235294117647058;2023
Erlang;Inno Setup;0.8235294117647058;2023
Emacs Lisp;Jinja;0.8214285714285714;2023
Tcl;Yacc;0.8214285714285714;2023
Jinja;Tcl;0.8214285714285714;2023
Emacs Lisp;Tcl;0.8214285714285714;2023
Tcl;sed;0.8214285714285714;2023
Lex;Tcl;0.8214285714285714;2023
Lua;Roff;0.8205128205128205;2023
Perl;Rust;0.8205128205128205;2023
Awk;Roff;0.8181818181818182;2023
Emacs Lisp;Roff;0.8181818181818182;2023
Emacs Lisp;Meson;0.8148148148148148;2023
LLVM;XS;0.8125;2023
DIGITAL Command Language;Erlang;0.8125;2023
AutoHotkey;Gnuplot;0.8125;2023
Jinja;Smarty;0.8125;2023
Erlang;Standard ML;0.8125;2023
AutoHotkey;DIGITAL Command Language;0.8125;2023
Erlang;OCaml;0.8125;2023
Mustache;Smarty;0.8125;2023
Awk;Smarty;0.8125;2023
Emacs Lisp;Smarty;0.8125;2023
Smarty;TeX;0.8125;2023
Gnuplot;Standard ML;0.8125;2023
Raku;SourcePawn;0.8095238095238095;2023
Cuda;GDB;0.8095238095238095;2023
GDB;Raku;0.8095238095238095;2023
GDB;Pawn;0.8095238095238095;2023
Julia;Scheme;0.8095238095238095;2023
Cuda;NSIS;0.8095238095238095;2023
Raku;VHDL;0.8095238095238095;2023
NSIS;SmPL;0.8095238095238095;2023
NSIS;Scheme;0.8095238095238095;2023
NSIS;Pawn;0.8095238095238095;2023
NASL;Raku;0.8095238095238095;2023
Common Lisp;Raku;0.8095238095238095;2023
Meson;NSIS;0.8076923076923077;2023
Yacc;sed;0.8076923076923077;2023
Meson;Yacc;0.8076923076923077;2023
Lex;Meson;0.8076923076923077;2023
ANTLR;Meson;0.8076923076923077;2023
GDB;Meson;0.8076923076923077;2023
Groovy;XSLT;0.8064516129032258;2023
TeX;XSLT;0.8064516129032258;2023
Jinja;XSLT;0.8064516129032258;2023
GLSL;M4;0.8055555555555556;2023
GLSL;Roff;0.8055555555555556;2023
Mustache;Vim Script;0.8;2023
QML;SourcePawn;0.8;2023
M4;Meson;0.8;2023
Clojure;Lex;0.8;2023
SourcePawn;VBScript;0.8;2023
FreeMarker;SourcePawn;0.8;2023
Inno Setup;SourcePawn;0.8;2023
Makefile;Rust;0.7954545454545454;2023
Roff;Rust;0.7948717948717948;2023
Lua;Smarty;0.7948717948717948;2023
Awk;Perl;0.7941176470588235;2023
Perl;XSLT;0.7941176470588235;2023
Emacs Lisp;Perl;0.7941176470588235;2023
Jinja;TeX;0.7931034482758621;2023
Meson;Pascal;0.7931034482758621;2023
TeX;Yacc;0.7931034482758621;2023
Groovy;TeX;0.7931034482758621;2023
Awk;Svelte;0.7931034482758621;2023
Mustache;Svelte;0.7931034482758621;2023
Emacs Lisp;Groovy;0.7931034482758621;2023
Groovy;Scala;0.7931034482758621;2023
Awk;Clojure;0.7931034482758621;2023
Pascal;Tcl;0.7931034482758621;2023
Awk;GAP;0.7931034482758621;2023
Emacs Lisp;Mustache;0.7931034482758621;2023
Mustache;Yacc;0.7931034482758621;2023
Awk;sed;0.7931034482758621;2023
Tcl;TeX;0.7931034482758621;2023
Clojure;GDB;0.7916666666666666;2023
Clojure;PLSQL;0.7916666666666666;2023
Clojure;NSIS;0.7916666666666666;2023
FreeMarker;Inno Setup;0.7894736842105263;2023
FreeMarker;SmPL;0.7894736842105263;2023
DIGITAL Command Language;NASL;0.7894736842105263;2023
AppleScript;NASL;0.7894736842105263;2023
SWIG;SmPL;0.7894736842105263;2023
D;NASL;0.7894736842105263;2023
AppleScript;SmPL;0.7894736842105263;2023
D;QML;0.7894736842105263;2023
Gnuplot;NASL;0.7894736842105263;2023
Gnuplot;QML;0.7894736842105263;2023
Gnuplot;SmPL;0.7894736842105263;2023
NASL;SWIG;0.7894736842105263;2023
FreeMarker;SWIG;0.7894736842105263;2023
Common Lisp;SWIG;0.7894736842105263;2023
Inno Setup;QML;0.7894736842105263;2023
Common Lisp;D;0.7894736842105263;2023
Inno Setup;SmPL;0.7894736842105263;2023
Common Lisp;NASL;0.7894736842105263;2023
Jinja;Roff;0.7878787878787878;2023
Groovy;Roff;0.7878787878787878;2023
Roff;XSLT;0.7878787878787878;2023
QMake;sed;0.7857142857142857;2023
ANTLR;Tcl;0.7857142857142857;2023
AutoHotkey;Standard ML;0.7857142857142857;2023
Clojure;Tcl;0.7857142857142857;2023
QMake;Tcl;0.7857142857142857;2023
OCaml;Standard ML;0.7857142857142857;2023
PLSQL;Tcl;0.7857142857142857;2023
Jinja;Meson;0.7857142857142857;2023
Kotlin;Swift;0.7857142857142857;2023
Batchfile;Perl;0.7857142857142857;2023
LLVM;Vim Snippet;0.7857142857142857;2023
Meson;QMake;0.7857142857142857;2023
Jinja;Yacc;0.7857142857142857;2023
ANTLR;NASL;0.782608695652174;2023
ANTLR;GDB;0.782608695652174;2023
ANTLR;VHDL;0.782608695652174;2023
PLSQL;Raku;0.782608695652174;2023
ANTLR;SourcePawn;0.782608695652174;2023
NASL;sed;0.782608695652174;2023
VHDL;sed;0.782608695652174;2023
ANTLR;PLSQL;0.782608695652174;2023
SmPL;sed;0.782608695652174;2023
PLSQL;VHDL;0.782608695652174;2023
GDB;PLSQL;0.782608695652174;2023
PLSQL;SourcePawn;0.782608695652174;2023
Scala;Smarty;0.78125;2023
Pawn;XS;0.7777777777777778;2023
Mathematica;Meson;0.7777777777777778;2023
LLVM;Pawn;0.7777777777777778;2023
D;Pawn;0.7777777777777778;2023
Emacs Lisp;sed;0.7777777777777778;2023
GLSL;Smarty;0.7777777777777778;2023
GLSL;Vim Script;0.7777777777777778;2023
GLSL;XSLT;0.7777777777777778;2023
Awk;GLSL;0.7777777777777778;2023
GLSL;Perl;0.7777777777777778;2023
Emacs Lisp;XSLT;0.7741935483870968;2023
Awk;XSLT;0.7741935483870968;2023
Lua;Makefile;0.7727272727272727;2023
Makefile;Perl;0.7727272727272727;2023
PLpgSQL;Smarty;0.7714285714285715;2023
Groovy;PLpgSQL;0.7714285714285715;2023
Cuda;Meson;0.7692307692307693;2023
Go;Lua;0.7692307692307693;2023
GAP;Scala;0.7692307692307693;2023
Meson;Raku;0.7692307692307693;2023
Lua;Vim Script;0.7692307692307693;2023
GLSL;Rust;0.7692307692307693;2023
Meson;SourcePawn;0.7692307692307693;2023
GAP;Yacc;0.7692307692307693;2023
Scala;sed;0.7692307692307693;2023
AutoHotkey;PostScript;0.7692307692307693;2023
ANTLR;Scala;0.7692307692307693;2023
Rust;Smarty;0.7692307692307693;2023
ANTLR;Yacc;0.7692307692307693;2023
Lua;M4;0.7692307692307693;2023
Clojure;Yacc;0.7692307692307693;2023
Haskell;Scala;0.7692307692307693;2023
Meson;PLSQL;0.7692307692307693;2023
Svelte;Vim Script;0.7666666666666667;2023
Tcl;Vim Script;0.7666666666666667;2023
Scala;Vim Script;0.7666666666666667;2023
M4;sed;0.7666666666666667;2023
Vim Script;Yacc;0.7666666666666667;2023
D;Standard ML;0.7647058823529411;2023
AutoHotkey;Inno Setup;0.7647058823529411;2023
Erlang;SWIG;0.7647058823529411;2023
Inno Setup;XS;0.7647058823529411;2023
Inno Setup;PostScript;0.7647058823529411;2023
AutoHotkey;D;0.7647058823529411;2023
Inno Setup;Standard ML;0.7647058823529411;2023
Perl;Yacc;0.7647058823529411;2023
Inno Setup;LLVM;0.7647058823529411;2023
AppleScript;NSIS;0.7619047619047619;2023
Raku;SWIG;0.7619047619047619;2023
NASL;VHDL;0.7619047619047619;2023
SmPL;VHDL;0.7619047619047619;2023
Cuda;Fortran;0.7619047619047619;2023
Cuda;Raku;0.7619047619047619;2023
Cuda;SourcePawn;0.7619047619047619;2023
FreeMarker;GDB;0.7619047619047619;2023
FreeMarker;NSIS;0.7619047619047619;2023
Gnuplot;NSIS;0.7619047619047619;2023
SWIG;VHDL;0.7619047619047619;2023
D;NSIS;0.7619047619047619;2023
GDB;Inno Setup;0.7619047619047619;2023
GDB;QML;0.7619047619047619;2023
Pawn;VHDL;0.7619047619047619;2023
GDB;Scheme;0.7619047619047619;2023
Julia;NSIS;0.7619047619047619;2023
Common Lisp;VHDL;0.7619047619047619;2023
GDB;VBScript;0.7619047619047619;2023
GDB;VHDL;0.7619047619047619;2023
FreeMarker;Raku;0.7619047619047619;2023
Inno Setup;NSIS;0.7619047619047619;2023
Pawn;Raku;0.7619047619047619;2023
Raku;SmPL;0.7619047619047619;2023
NSIS;SWIG;0.7619047619047619;2023
SourcePawn;VHDL;0.7619047619047619;2023
NSIS;QML;0.7619047619047619;2023
D;Raku;0.7619047619047619;2023
Fortran;NSIS;0.7619047619047619;2023
Cuda;Lex;0.76;2023
Haskell;Lex;0.76;2023
ANTLR;Lex;0.76;2023
Awk;Haskell;0.7586206896551724;2023
Lex;TeX;0.7586206896551724;2023
Meson;TeX;0.7586206896551724;2023
Haskell;Svelte;0.7586206896551724;2023
Mustache;TeX;0.7586206896551724;2023
Svelte;Tcl;0.7586206896551724;2023
Groovy;Yacc;0.7586206896551724;2023
Pascal;QMake;0.7586206896551724;2023
Groovy;Tcl;0.7586206896551724;2023
ANTLR;Awk;0.7586206896551724;2023
